Rndrng_Prvdr_State_Abrvtn,Place_Of_Srvc,Rndrng_Prvdr_RUCA_Desc_Urban,Total_Beneficiaries_Urban,Unique_Providers_Urban,Provider_Density_Urban,Urban_Rural_Urban,Rndrng_Prvdr_RUCA_Desc_Rural,Total_Beneficiaries_Rural,Unique_Providers_Rural,Provider_Density_Rural,Urban_Rural_Rural,Gap_Ratio,Urban_Patients,Rural_Patients,Urban_Providers,Rural_Providers,Urban_Patients_per_Provider,Rural_Patients_per_Provider
AK,F,"Metropolitan area core: primary flow within an urbanized area of 50,000 and greater",203,8,0.03940886699507389,Urban,"Small town core: primary flow within an urban cluster of 2,500 to 9,999",144.0,1.0,0.006944444444444444,Rural,5.674876847290641,203,144.0,8,1.0,25.375,144.0
AK,O,"Metropolitan area core: primary flow within an urbanized area of 50,000 and greater",662,14,0.021148036253776436,Urban,0,0.0,0.0,0.0,0,inf,662,0.0,14,0.0,47.285714285714285,inf
AK,O,"Metropolitan area high commuting: primary flow 30% or more to a urbanized area of 50,000 and greater",64,2,0.03125,Urban,0,0.0,0.0,0.0,0,inf,64,0.0,2,0.0,32.0,inf
AK,O,"Micropolitan area core: primary flow within an urban cluster of 10,000 to 49,999",22,1,0.045454545454545456,Urban,0,0.0,0.0,0.0,0,inf,22,0.0,1,0.0,22.0,inf
AL,F,"Metropolitan area core: primary flow within an urbanized area of 50,000 and greater",2810,51,0.018149466192170817,Urban,"Rural areas: primary flow to a tract outside a urbanized area of 50,000 and greater or UC",196.0,2.0,0.01020408163265306,Rural,1.77864768683274,2810,196.0,51,2.0,55.09803921568628,98.0
AL,F,"Metropolitan area core: primary flow within an urbanized area of 50,000 and greater",2810,51,0.018149466192170817,Urban,"Small town core: primary flow within an urban cluster of 2,500 to 9,999",57.0,2.0,0.03508771929824561,Rural,0.5172597864768683,2810,57.0,51,2.0,55.09803921568628,28.5
AL,F,"Metropolitan area high commuting: primary flow 30% or more to a urbanized area of 50,000 and greater",160,4,0.025,Urban,"Rural areas: primary flow to a tract outside a urbanized area of 50,000 and greater or UC",196.0,2.0,0.01020408163265306,Rural,2.45,160,196.0,4,2.0,40.0,98.0
AL,F,"Metropolitan area high commuting: primary flow 30% or more to a urbanized area of 50,000 and greater",160,4,0.025,Urban,"Small town core: primary flow within an urban cluster of 2,500 to 9,999",57.0,2.0,0.03508771929824561,Rural,0.7125000000000001,160,57.0,4,2.0,40.0,28.5
AL,F,"Micropolitan area core: primary flow within an urban cluster of 10,000 to 49,999",23,2,0.08695652173913043,Urban,"Rural areas: primary flow to a tract outside a urbanized area of 50,000 and greater or UC",196.0,2.0,0.01020408163265306,Rural,8.521739130434783,23,196.0,2,2.0,11.5,98.0
AL,F,"Micropolitan area core: primary flow within an urban cluster of 10,000 to 49,999",23,2,0.08695652173913043,Urban,"Small town core: primary flow within an urban cluster of 2,500 to 9,999",57.0,2.0,0.03508771929824561,Rural,2.4782608695652173,23,57.0,2,2.0,11.5,28.5
AL,F,"Secondary flow 30% to <50% to a larger urbanized area of 50,000 and greater",15,1,0.06666666666666667,Urban,"Rural areas: primary flow to a tract outside a urbanized area of 50,000 and greater or UC",196.0,2.0,0.01020408163265306,Rural,6.533333333333334,15,196.0,1,2.0,15.0,98.0
AL,F,"Secondary flow 30% to <50% to a larger urbanized area of 50,000 and greater",15,1,0.06666666666666667,Urban,"Small town core: primary flow within an urban cluster of 2,500 to 9,999",57.0,2.0,0.03508771929824561,Rural,1.9000000000000001,15,57.0,1,2.0,15.0,28.5
AL,O,"Metropolitan area core: primary flow within an urbanized area of 50,000 and greater",5188,54,0.01040863531225906,Urban,"Micropolitan high commuting: primary flow 30% or more to a urban cluster of 10,000 to 49,999",35.0,1.0,0.02857142857142857,Rural,0.36430223592906713,5188,35.0,54,1.0,96.07407407407408,35.0
AL,O,"Metropolitan area high commuting: primary flow 30% or more to a urbanized area of 50,000 and greater",230,2,0.008695652173913044,Urban,"Micropolitan high commuting: primary flow 30% or more to a urban cluster of 10,000 to 49,999",35.0,1.0,0.02857142857142857,Rural,0.30434782608695654,230,35.0,2,1.0,115.0,35.0
AL,O,"Micropolitan area core: primary flow within an urban cluster of 10,000 to 49,999",278,2,0.007194244604316547,Urban,"Micropolitan high commuting: primary flow 30% or more to a urban cluster of 10,000 to 49,999",35.0,1.0,0.02857142857142857,Rural,0.2517985611510792,278,35.0,2,1.0,139.0,35.0
AL,O,"Secondary flow 30% to <50% to a larger urbanized area of 50,000 and greater",903,5,0.005537098560354375,Urban,"Micropolitan high commuting: primary flow 30% or more to a urban cluster of 10,000 to 49,999",35.0,1.0,0.02857142857142857,Rural,0.1937984496124031,903,35.0,5,1.0,180.6,35.0
AR,F,"Metropolitan area core: primary flow within an urbanized area of 50,000 and greater",9148,90,0.009838216003498032,Urban,"Micropolitan high commuting: primary flow 30% or more to a urban cluster of 10,000 to 49,999",72.0,1.0,0.013888888888888888,Rural,0.7083515522518583,9148,72.0,90,1.0,101.64444444444445,72.0
AR,F,"Metropolitan area core: primary flow within an urbanized area of 50,000 and greater",9148,90,0.009838216003498032,Urban,"Rural areas: primary flow to a tract outside a urbanized area of 50,000 and greater or UC",124.0,1.0,0.008064516129032258,Rural,1.219938784433756,9148,124.0,90,1.0,101.64444444444445,124.0
AR,F,"Metropolitan area core: primary flow within an urbanized area of 50,000 and greater",9148,90,0.009838216003498032,Urban,"Small town core: primary flow within an urban cluster of 2,500 to 9,999",31.0,1.0,0.03225806451612903,Rural,0.304984696108439,9148,31.0,90,1.0,101.64444444444445,31.0
AR,F,"Metropolitan area high commuting: primary flow 30% or more to a urbanized area of 50,000 and greater",123,1,0.008130081300813009,Urban,"Micropolitan high commuting: primary flow 30% or more to a urban cluster of 10,000 to 49,999",72.0,1.0,0.013888888888888888,Rural,0.5853658536585367,123,72.0,1,1.0,123.0,72.0
AR,F,"Metropolitan area high commuting: primary flow 30% or more to a urbanized area of 50,000 and greater",123,1,0.008130081300813009,Urban,"Rural areas: primary flow to a tract outside a urbanized area of 50,000 and greater or UC",124.0,1.0,0.008064516129032258,Rural,1.0081300813008132,123,124.0,1,1.0,123.0,124.0
AR,F,"Metropolitan area high commuting: primary flow 30% or more to a urbanized area of 50,000 and greater",123,1,0.008130081300813009,Urban,"Small town core: primary flow within an urban cluster of 2,500 to 9,999",31.0,1.0,0.03225806451612903,Rural,0.2520325203252033,123,31.0,1,1.0,123.0,31.0
AR,F,"Micropolitan area core: primary flow within an urban cluster of 10,000 to 49,999",1078,15,0.013914656771799629,Urban,"Micropolitan high commuting: primary flow 30% or more to a urban cluster of 10,000 to 49,999",72.0,1.0,0.013888888888888888,Rural,1.0018552875695734,1078,72.0,15,1.0,71.86666666666666,72.0
AR,F,"Micropolitan area core: primary flow within an urban cluster of 10,000 to 49,999",1078,15,0.013914656771799629,Urban,"Rural areas: primary flow to a tract outside a urbanized area of 50,000 and greater or UC",124.0,1.0,0.008064516129032258,Rural,1.725417439703154,1078,124.0,15,1.0,71.86666666666666,124.0
AR,F,"Micropolitan area core: primary flow within an urban cluster of 10,000 to 49,999",1078,15,0.013914656771799629,Urban,"Small town core: primary flow within an urban cluster of 2,500 to 9,999",31.0,1.0,0.03225806451612903,Rural,0.4313543599257885,1078,31.0,15,1.0,71.86666666666666,31.0
AR,O,"Metropolitan area core: primary flow within an urbanized area of 50,000 and greater",5974,41,0.006863073317710077,Urban,"Small town core: primary flow within an urban cluster of 2,500 to 9,999",97.0,2.0,0.020618556701030927,Rural,0.3328590559089387,5974,97.0,41,2.0,145.70731707317074,48.5
AR,O,"Micropolitan area core: primary flow within an urban cluster of 10,000 to 49,999",295,1,0.003389830508474576,Urban,"Small town core: primary flow within an urban cluster of 2,500 to 9,999",97.0,2.0,0.020618556701030927,Rural,0.16440677966101694,295,97.0,1,2.0,295.0,48.5
AZ,F,"Metropolitan area core: primary flow within an urbanized area of 50,000 and greater",16228,138,0.008503820557061868,Urban,"Small town core: primary flow within an urban cluster of 2,500 to 9,999",132.0,1.0,0.007575757575757576,Rural,1.1225043135321664,16228,132.0,138,1.0,117.59420289855072,132.0
AZ,F,"Metropolitan area high commuting: primary flow 30% or more to a urbanized area of 50,000 and greater",197,2,0.01015228426395939,Urban,"Small town core: primary flow within an urban cluster of 2,500 to 9,999",132.0,1.0,0.007575757575757576,Rural,1.3401015228426394,197,132.0,2,1.0,98.5,132.0
AZ,F,"Micropolitan area core: primary flow within an urban cluster of 10,000 to 49,999",330,8,0.024242424242424242,Urban,"Small town core: primary flow within an urban cluster of 2,500 to 9,999",132.0,1.0,0.007575757575757576,Rural,3.1999999999999997,330,132.0,8,1.0,41.25,132.0
AZ,O,"Metropolitan area core: primary flow within an urbanized area of 50,000 and greater",33938,203,0.005981495668572102,Urban,0,0.0,0.0,0.0,0,inf,33938,0.0,203,0.0,167.1822660098522,inf
AZ,O,"Metropolitan area high commuting: primary flow 30% or more to a urbanized area of 50,000 and greater",704,4,0.005681818181818182,Urban,0,0.0,0.0,0.0,0,inf,704,0.0,4,0.0,176.0,inf
AZ,O,"Micropolitan area core: primary flow within an urban cluster of 10,000 to 49,999",109,2,0.01834862385321101,Urban,0,0.0,0.0,0.0,0,inf,109,0.0,2,0.0,54.5,inf
AZ,O,"Secondary flow 30% to <50% to a urban cluster of 10,000 to 49,999",552,2,0.0036231884057971015,Urban,0,0.0,0.0,0.0,0,inf,552,0.0,2,0.0,276.0,inf
CA,F,"Metropolitan area core: primary flow within an urbanized area of 50,000 and greater",37024,509,0.013747839239412273,Urban,"Small town core: primary flow within an urban cluster of 2,500 to 9,999",55.0,3.0,0.05454545454545454,Rural,0.252043719389225,37024,55.0,509,3.0,72.73870333988212,18.333333333333332
CA,F,"Metropolitan area high commuting: primary flow 30% or more to a urbanized area of 50,000 and greater",407,9,0.022113022113022112,Urban,"Small town core: primary flow within an urban cluster of 2,500 to 9,999",55.0,3.0,0.05454545454545454,Rural,0.40540540540540543,407,55.0,9,3.0,45.22222222222222,18.333333333333332
CA,F,"Micropolitan area core: primary flow within an urban cluster of 10,000 to 49,999",609,7,0.011494252873563218,Urban,"Small town core: primary flow within an urban cluster of 2,500 to 9,999",55.0,3.0,0.05454545454545454,Rural,0.210727969348659,609,55.0,7,3.0,87.0,18.333333333333332
CA,F,"Secondary flow 30% to <50% to a larger urbanized area of 50,000 and greater",748,12,0.016042780748663103,Urban,"Small town core: primary flow within an urban cluster of 2,500 to 9,999",55.0,3.0,0.05454545454545454,Rural,0.2941176470588236,748,55.0,12,3.0,62.333333333333336,18.333333333333332
CA,F,"Secondary flow 30% to <50% to a urban cluster of 10,000 to 49,999",38,2,0.05263157894736842,Urban,"Small town core: primary flow within an urban cluster of 2,500 to 9,999",55.0,3.0,0.05454545454545454,Rural,0.9649122807017544,38,55.0,2,3.0,19.0,18.333333333333332
CA,O,"Metropolitan area core: primary flow within an urbanized area of 50,000 and greater",27106,315,0.01162104331144396,Urban,0,0.0,0.0,0.0,0,inf,27106,0.0,315,0.0,86.05079365079365,inf
CA,O,"Metropolitan area high commuting: primary flow 30% or more to a urbanized area of 50,000 and greater",56,1,0.017857142857142856,Urban,0,0.0,0.0,0.0,0,inf,56,0.0,1,0.0,56.0,inf
CA,O,"Metropolitan area low commuting: primary flow 10% to <30% to a urbanized area of 50,000 and greater",50,1,0.02,Urban,0,0.0,0.0,0.0,0,inf,50,0.0,1,0.0,50.0,inf
CA,O,"Micropolitan area core: primary flow within an urban cluster of 10,000 to 49,999",118,3,0.025423728813559324,Urban,0,0.0,0.0,0.0,0,inf,118,0.0,3,0.0,39.333333333333336,inf
CA,O,"Secondary flow 30% to <50% to a larger urbanized area of 50,000 and greater",1120,10,0.008928571428571428,Urban,0,0.0,0.0,0.0,0,inf,1120,0.0,10,0.0,112.0,inf
CO,F,"Metropolitan area core: primary flow within an urbanized area of 50,000 and greater",7090,108,0.015232722143864598,Urban,"Micropolitan high commuting: primary flow 30% or more to a urban cluster of 10,000 to 49,999",127.0,3.0,0.023622047244094488,Rural,0.6448519040902679,7090,127.0,108,3.0,65.64814814814815,42.333333333333336
CO,F,"Metropolitan area core: primary flow within an urbanized area of 50,000 and greater",7090,108,0.015232722143864598,Urban,"Rural areas: primary flow to a tract outside a urbanized area of 50,000 and greater or UC",24.0,1.0,0.041666666666666664,Rural,0.36558533145275035,7090,24.0,108,1.0,65.64814814814815,24.0
CO,F,"Metropolitan area core: primary flow within an urbanized area of 50,000 and greater",7090,108,0.015232722143864598,Urban,"Small town core: primary flow within an urban cluster of 2,500 to 9,999",105.0,1.0,0.009523809523809525,Rural,1.5994358251057827,7090,105.0,108,1.0,65.64814814814815,105.0
CO,F,"Metropolitan area high commuting: primary flow 30% or more to a urbanized area of 50,000 and greater",28,1,0.03571428571428571,Urban,"Micropolitan high commuting: primary flow 30% or more to a urban cluster of 10,000 to 49,999",127.0,3.0,0.023622047244094488,Rural,1.5119047619047619,28,127.0,1,3.0,28.0,42.333333333333336
CO,F,"Metropolitan area high commuting: primary flow 30% or more to a urbanized area of 50,000 and greater",28,1,0.03571428571428571,Urban,"Rural areas: primary flow to a tract outside a urbanized area of 50,000 and greater or UC",24.0,1.0,0.041666666666666664,Rural,0.8571428571428571,28,24.0,1,1.0,28.0,24.0
CO,F,"Metropolitan area high commuting: primary flow 30% or more to a urbanized area of 50,000 and greater",28,1,0.03571428571428571,Urban,"Small town core: primary flow within an urban cluster of 2,500 to 9,999",105.0,1.0,0.009523809523809525,Rural,3.7499999999999996,28,105.0,1,1.0,28.0,105.0
CO,F,"Micropolitan area core: primary flow within an urban cluster of 10,000 to 49,999",336,8,0.023809523809523808,Urban,"Micropolitan high commuting: primary flow 30% or more to a urban cluster of 10,000 to 49,999",127.0,3.0,0.023622047244094488,Rural,1.007936507936508,336,127.0,8,3.0,42.0,42.333333333333336
CO,F,"Micropolitan area core: primary flow within an urban cluster of 10,000 to 49,999",336,8,0.023809523809523808,Urban,"Rural areas: primary flow to a tract outside a urbanized area of 50,000 and greater or UC",24.0,1.0,0.041666666666666664,Rural,0.5714285714285714,336,24.0,8,1.0,42.0,24.0
CO,F,"Micropolitan area core: primary flow within an urban cluster of 10,000 to 49,999",336,8,0.023809523809523808,Urban,"Small town core: primary flow within an urban cluster of 2,500 to 9,999",105.0,1.0,0.009523809523809525,Rural,2.4999999999999996,336,105.0,8,1.0,42.0,105.0
CO,O,"Metropolitan area core: primary flow within an urbanized area of 50,000 and greater",5677,50,0.008807468733485996,Urban,"Small town core: primary flow within an urban cluster of 2,500 to 9,999",94.0,3.0,0.031914893617021274,Rural,0.2759673536492279,5677,94.0,50,3.0,113.54,31.333333333333332
CO,O,"Metropolitan area core: primary flow within an urbanized area of 50,000 and greater",5677,50,0.008807468733485996,Urban,"Small town high commuting: primary flow 30% or more to a urban cluster of 2,500 to 9,999",37.0,2.0,0.05405405405405406,Rural,0.16293817156949092,5677,37.0,50,2.0,113.54,18.5
CO,O,"Metropolitan area high commuting: primary flow 30% or more to a urbanized area of 50,000 and greater",26,1,0.038461538461538464,Urban,"Small town core: primary flow within an urban cluster of 2,500 to 9,999",94.0,3.0,0.031914893617021274,Rural,1.2051282051282053,26,94.0,1,3.0,26.0,31.333333333333332
CO,O,"Metropolitan area high commuting: primary flow 30% or more to a urbanized area of 50,000 and greater",26,1,0.038461538461538464,Urban,"Small town high commuting: primary flow 30% or more to a urban cluster of 2,500 to 9,999",37.0,2.0,0.05405405405405406,Rural,0.7115384615384616,26,37.0,1,2.0,26.0,18.5
CO,O,"Micropolitan area core: primary flow within an urban cluster of 10,000 to 49,999",494,8,0.016194331983805668,Urban,"Small town core: primary flow within an urban cluster of 2,500 to 9,999",94.0,3.0,0.031914893617021274,Rural,0.5074224021592443,494,94.0,8,3.0,61.75,31.333333333333332
CO,O,"Micropolitan area core: primary flow within an urban cluster of 10,000 to 49,999",494,8,0.016194331983805668,Urban,"Small town high commuting: primary flow 30% or more to a urban cluster of 2,500 to 9,999",37.0,2.0,0.05405405405405406,Rural,0.29959514170040485,494,37.0,8,2.0,61.75,18.5
CT,F,"Metropolitan area core: primary flow within an urbanized area of 50,000 and greater",1944,34,0.01748971193415638,Urban,0,0.0,0.0,0.0,0,inf,1944,0.0,34,0.0,57.1764705882353,inf
CT,O,"Metropolitan area core: primary flow within an urbanized area of 50,000 and greater",3749,58,0.015470792211256334,Urban,0,0.0,0.0,0.0,0,inf,3749,0.0,58,0.0,64.63793103448276,inf
CT,O,"Metropolitan area high commuting: primary flow 30% or more to a urbanized area of 50,000 and greater",150,5,0.03333333333333333,Urban,0,0.0,0.0,0.0,0,inf,150,0.0,5,0.0,30.0,inf
CT,O,"Micropolitan area core: primary flow within an urban cluster of 10,000 to 49,999",36,1,0.027777777777777776,Urban,0,0.0,0.0,0.0,0,inf,36,0.0,1,0.0,36.0,inf
DC,F,"Metropolitan area core: primary flow within an urbanized area of 50,000 and greater",414,11,0.026570048309178744,Urban,0,0.0,0.0,0.0,0,inf,414,0.0,11,0.0,37.63636363636363,inf
DC,O,"Metropolitan area core: primary flow within an urbanized area of 50,000 and greater",232,5,0.021551724137931036,Urban,0,0.0,0.0,0.0,0,inf,232,0.0,5,0.0,46.4,inf
DE,F,"Metropolitan area core: primary flow within an urbanized area of 50,000 and greater",1728,19,0.01099537037037037,Urban,"Micropolitan high commuting: primary flow 30% or more to a urban cluster of 10,000 to 49,999",199.0,2.0,0.010050251256281407,Rural,1.0940393518518519,1728,199.0,19,2.0,90.94736842105263,99.5
DE,F,"Metropolitan area core: primary flow within an urbanized area of 50,000 and greater",1728,19,0.01099537037037037,Urban,"Small town core: primary flow within an urban cluster of 2,500 to 9,999",163.0,1.0,0.006134969325153374,Rural,1.7922453703703705,1728,163.0,19,1.0,90.94736842105263,163.0
DE,O,"Metropolitan area core: primary flow within an urbanized area of 50,000 and greater",2378,22,0.009251471825063078,Urban,"Micropolitan high commuting: primary flow 30% or more to a urban cluster of 10,000 to 49,999",17.0,1.0,0.058823529411764705,Rural,0.15727502102607233,2378,17.0,22,1.0,108.0909090909091,17.0
DE,O,"Metropolitan area core: primary flow within an urbanized area of 50,000 and greater",2378,22,0.009251471825063078,Urban,"Small town core: primary flow within an urban cluster of 2,500 to 9,999",32.0,1.0,0.03125,Rural,0.2960470984020185,2378,32.0,22,1.0,108.0909090909091,32.0
DE,O,"Micropolitan area core: primary flow within an urban cluster of 10,000 to 49,999",224,2,0.008928571428571428,Urban,"Micropolitan high commuting: primary flow 30% or more to a urban cluster of 10,000 to 49,999",17.0,1.0,0.058823529411764705,Rural,0.15178571428571427,224,17.0,2,1.0,112.0,17.0
DE,O,"Micropolitan area core: primary flow within an urban cluster of 10,000 to 49,999",224,2,0.008928571428571428,Urban,"Small town core: primary flow within an urban cluster of 2,500 to 9,999",32.0,1.0,0.03125,Rural,0.2857142857142857,224,32.0,2,1.0,112.0,32.0
FL,F,"Metropolitan area core: primary flow within an urbanized area of 50,000 and greater",36403,382,0.01049364063401368,Urban,0,0.0,0.0,0.0,0,inf,36403,0.0,382,0.0,95.29581151832461,inf
FL,F,"Metropolitan area high commuting: primary flow 30% or more to a urbanized area of 50,000 and greater",743,7,0.009421265141318977,Urban,0,0.0,0.0,0.0,0,inf,743,0.0,7,0.0,106.14285714285714,inf
FL,F,"Micropolitan area core: primary flow within an urban cluster of 10,000 to 49,999",72,1,0.013888888888888888,Urban,0,0.0,0.0,0.0,0,inf,72,0.0,1,0.0,72.0,inf
FL,F,"Secondary flow 30% to <50% to a larger urbanized area of 50,000 and greater",1321,8,0.006056018168054504,Urban,0,0.0,0.0,0.0,0,inf,1321,0.0,8,0.0,165.125,inf
FL,O,"Metropolitan area core: primary flow within an urbanized area of 50,000 and greater",78834,553,0.007014739833066951,Urban,"Small town low commuting: primary flow 10% to <30% to a urban cluster of 2,500 to 9,999",156.0,2.0,0.01282051282051282,Rural,0.5471497069792222,78834,156.0,553,2.0,142.55696202531647,78.0
FL,O,"Metropolitan area high commuting: primary flow 30% or more to a urbanized area of 50,000 and greater",1586,22,0.013871374527112233,Urban,"Small town low commuting: primary flow 10% to <30% to a urban cluster of 2,500 to 9,999",156.0,2.0,0.01282051282051282,Rural,1.0819672131147542,1586,156.0,22,2.0,72.0909090909091,78.0
FL,O,"Micropolitan area core: primary flow within an urban cluster of 10,000 to 49,999",266,4,0.015037593984962405,Urban,"Small town low commuting: primary flow 10% to <30% to a urban cluster of 2,500 to 9,999",156.0,2.0,0.01282051282051282,Rural,1.1729323308270676,266,156.0,4,2.0,66.5,78.0
FL,O,"Secondary flow 30% to <50% to a larger urbanized area of 50,000 and greater",3624,21,0.005794701986754967,Urban,"Small town low commuting: primary flow 10% to <30% to a urban cluster of 2,500 to 9,999",156.0,2.0,0.01282051282051282,Rural,0.45198675496688745,3624,156.0,21,2.0,172.57142857142858,78.0
GA,F,"Metropolitan area core: primary flow within an urbanized area of 50,000 and greater",25753,268,0.010406554576165884,Urban,"Micropolitan low commuting: primary flow 10% to <30% to a urban cluster of 10,000 to 49,999",193.0,1.0,0.0051813471502590676,Rural,2.008465033200016,25753,193.0,268,1.0,96.09328358208955,193.0
GA,F,"Metropolitan area core: primary flow within an urbanized area of 50,000 and greater",25753,268,0.010406554576165884,Urban,"Rural areas: primary flow to a tract outside a urbanized area of 50,000 and greater or UC",276.0,1.0,0.0036231884057971015,Rural,2.872209063021784,25753,276.0,268,1.0,96.09328358208955,276.0
GA,F,"Metropolitan area core: primary flow within an urbanized area of 50,000 and greater",25753,268,0.010406554576165884,Urban,"Small town core: primary flow within an urban cluster of 2,500 to 9,999",394.0,2.0,0.005076142131979695,Rural,2.0500912515046794,25753,394.0,268,2.0,96.09328358208955,197.0
GA,F,"Metropolitan area high commuting: primary flow 30% or more to a urbanized area of 50,000 and greater",93,2,0.021505376344086023,Urban,"Micropolitan low commuting: primary flow 10% to <30% to a urban cluster of 10,000 to 49,999",193.0,1.0,0.0051813471502590676,Rural,4.150537634408602,93,193.0,2,1.0,46.5,193.0
GA,F,"Metropolitan area high commuting: primary flow 30% or more to a urbanized area of 50,000 and greater",93,2,0.021505376344086023,Urban,"Rural areas: primary flow to a tract outside a urbanized area of 50,000 and greater or UC",276.0,1.0,0.0036231884057971015,Rural,5.935483870967742,93,276.0,2,1.0,46.5,276.0
GA,F,"Metropolitan area high commuting: primary flow 30% or more to a urbanized area of 50,000 and greater",93,2,0.021505376344086023,Urban,"Small town core: primary flow within an urban cluster of 2,500 to 9,999",394.0,2.0,0.005076142131979695,Rural,4.236559139784947,93,394.0,2,2.0,46.5,197.0
GA,F,"Metropolitan area low commuting: primary flow 10% to <30% to a urbanized area of 50,000 and greater",42,1,0.023809523809523808,Urban,"Micropolitan low commuting: primary flow 10% to <30% to a urban cluster of 10,000 to 49,999",193.0,1.0,0.0051813471502590676,Rural,4.595238095238095,42,193.0,1,1.0,42.0,193.0
GA,F,"Metropolitan area low commuting: primary flow 10% to <30% to a urbanized area of 50,000 and greater",42,1,0.023809523809523808,Urban,"Rural areas: primary flow to a tract outside a urbanized area of 50,000 and greater or UC",276.0,1.0,0.0036231884057971015,Rural,6.571428571428571,42,276.0,1,1.0,42.0,276.0
GA,F,"Metropolitan area low commuting: primary flow 10% to <30% to a urbanized area of 50,000 and greater",42,1,0.023809523809523808,Urban,"Small town core: primary flow within an urban cluster of 2,500 to 9,999",394.0,2.0,0.005076142131979695,Rural,4.690476190476191,42,394.0,1,2.0,42.0,197.0
GA,F,"Micropolitan area core: primary flow within an urban cluster of 10,000 to 49,999",810,17,0.020987654320987655,Urban,"Micropolitan low commuting: primary flow 10% to <30% to a urban cluster of 10,000 to 49,999",193.0,1.0,0.0051813471502590676,Rural,4.050617283950618,810,193.0,17,1.0,47.64705882352941,193.0
GA,F,"Micropolitan area core: primary flow within an urban cluster of 10,000 to 49,999",810,17,0.020987654320987655,Urban,"Rural areas: primary flow to a tract outside a urbanized area of 50,000 and greater or UC",276.0,1.0,0.0036231884057971015,Rural,5.792592592592593,810,276.0,17,1.0,47.64705882352941,276.0
GA,F,"Micropolitan area core: primary flow within an urban cluster of 10,000 to 49,999",810,17,0.020987654320987655,Urban,"Small town core: primary flow within an urban cluster of 2,500 to 9,999",394.0,2.0,0.005076142131979695,Rural,4.134567901234568,810,394.0,17,2.0,47.64705882352941,197.0
GA,O,"Metropolitan area core: primary flow within an urbanized area of 50,000 and greater",17528,143,0.008158375171154723,Urban,"Small town core: primary flow within an urban cluster of 2,500 to 9,999",368.0,2.0,0.005434782608695652,Rural,1.5011410314924691,17528,368.0,143,2.0,122.57342657342657,184.0
GA,O,"Metropolitan area high commuting: primary flow 30% or more to a urbanized area of 50,000 and greater",1445,12,0.008304498269896194,Urban,"Small town core: primary flow within an urban cluster of 2,500 to 9,999",368.0,2.0,0.005434782608695652,Rural,1.5280276816608998,1445,368.0,12,2.0,120.41666666666667,184.0
GA,O,"Micropolitan area core: primary flow within an urban cluster of 10,000 to 49,999",843,14,0.0166073546856465,Urban,"Small town core: primary flow within an urban cluster of 2,500 to 9,999",368.0,2.0,0.005434782608695652,Rural,3.055753262158956,843,368.0,14,2.0,60.214285714285715,184.0
HI,F,"Metropolitan area core: primary flow within an urbanized area of 50,000 and greater",50,2,0.04,Urban,0,0.0,0.0,0.0,0,inf,50,0.0,2,0.0,25.0,inf
HI,O,"Metropolitan area core: primary flow within an urbanized area of 50,000 and greater",15,1,0.06666666666666667,Urban,0,0.0,0.0,0.0,0,inf,15,0.0,1,0.0,15.0,inf
HI,O,"Metropolitan area high commuting: primary flow 30% or more to a urbanized area of 50,000 and greater",36,1,0.027777777777777776,Urban,0,0.0,0.0,0.0,0,inf,36,0.0,1,0.0,36.0,inf
HI,O,"Micropolitan area core: primary flow within an urban cluster of 10,000 to 49,999",29,1,0.034482758620689655,Urban,0,0.0,0.0,0.0,0,inf,29,0.0,1,0.0,29.0,inf
IA,F,"Metropolitan area core: primary flow within an urbanized area of 50,000 and greater",4168,53,0.012715930902111325,Urban,"Rural areas: primary flow to a tract outside a urbanized area of 50,000 and greater or UC",31.0,1.0,0.03225806451612903,Rural,0.3941938579654511,4168,31.0,53,1.0,78.64150943396227,31.0
IA,F,"Metropolitan area core: primary flow within an urbanized area of 50,000 and greater",4168,53,0.012715930902111325,Urban,"Small town core: primary flow within an urban cluster of 2,500 to 9,999",183.0,4.0,0.02185792349726776,Rural,0.5817538387715931,4168,183.0,53,4.0,78.64150943396227,45.75
IA,F,"Micropolitan area core: primary flow within an urban cluster of 10,000 to 49,999",691,14,0.020260492040520984,Urban,"Rural areas: primary flow to a tract outside a urbanized area of 50,000 and greater or UC",31.0,1.0,0.03225806451612903,Rural,0.6280752532561505,691,31.0,14,1.0,49.357142857142854,31.0
IA,F,"Micropolitan area core: primary flow within an urban cluster of 10,000 to 49,999",691,14,0.020260492040520984,Urban,"Small town core: primary flow within an urban cluster of 2,500 to 9,999",183.0,4.0,0.02185792349726776,Rural,0.926917510853835,691,183.0,14,4.0,49.357142857142854,45.75
IA,O,"Metropolitan area core: primary flow within an urbanized area of 50,000 and greater",3453,46,0.01332174920359108,Urban,0,0.0,0.0,0.0,0,inf,3453,0.0,46,0.0,75.06521739130434,inf
ID,F,"Metropolitan area core: primary flow within an urbanized area of 50,000 and greater",1710,38,0.022222222222222223,Urban,"Small town core: primary flow within an urban cluster of 2,500 to 9,999",27.0,1.0,0.037037037037037035,Rural,0.6000000000000001,1710,27.0,38,1.0,45.0,27.0
ID,F,"Micropolitan area core: primary flow within an urban cluster of 10,000 to 49,999",543,11,0.020257826887661142,Urban,"Small town core: primary flow within an urban cluster of 2,500 to 9,999",27.0,1.0,0.037037037037037035,Rural,0.5469613259668509,543,27.0,11,1.0,49.36363636363637,27.0
ID,F,"Secondary flow 30% to <50% to a larger urbanized area of 50,000 and greater",519,10,0.019267822736030827,Urban,"Small town core: primary flow within an urban cluster of 2,500 to 9,999",27.0,1.0,0.037037037037037035,Rural,0.5202312138728323,519,27.0,10,1.0,51.9,27.0
ID,O,"Metropolitan area core: primary flow within an urbanized area of 50,000 and greater",1404,15,0.010683760683760684,Urban,0,0.0,0.0,0.0,0,inf,1404,0.0,15,0.0,93.6,inf
ID,O,"Micropolitan area core: primary flow within an urban cluster of 10,000 to 49,999",98,3,0.030612244897959183,Urban,0,0.0,0.0,0.0,0,inf,98,0.0,3,0.0,32.666666666666664,inf
ID,O,"Secondary flow 30% to <50% to a larger urbanized area of 50,000 and greater",601,3,0.004991680532445923,Urban,0,0.0,0.0,0.0,0,inf,601,0.0,3,0.0,200.33333333333334,inf
IL,F,"Metropolitan area core: primary flow within an urbanized area of 50,000 and greater",12425,204,0.01641851106639839,Urban,"Small town core: primary flow within an urban cluster of 2,500 to 9,999",64.0,3.0,0.046875,Rural,0.350261569416499,12425,64.0,204,3.0,60.90686274509804,21.333333333333332
IL,F,"Metropolitan area high commuting: primary flow 30% or more to a urbanized area of 50,000 and greater",17,1,0.058823529411764705,Urban,"Small town core: primary flow within an urban cluster of 2,500 to 9,999",64.0,3.0,0.046875,Rural,1.2549019607843137,17,64.0,1,3.0,17.0,21.333333333333332
IL,F,"Micropolitan area core: primary flow within an urban cluster of 10,000 to 49,999",1370,12,0.008759124087591242,Urban,"Small town core: primary flow within an urban cluster of 2,500 to 9,999",64.0,3.0,0.046875,Rural,0.18686131386861315,1370,64.0,12,3.0,114.16666666666667,21.333333333333332
IL,O,"Metropolitan area core: primary flow within an urbanized area of 50,000 and greater",51510,211,0.004096291982139391,Urban,"Small town core: primary flow within an urban cluster of 2,500 to 9,999",37.0,1.0,0.02702702702702703,Rural,0.15156280333915745,51510,37.0,211,1.0,244.12322274881515,37.0
IL,O,"Metropolitan area high commuting: primary flow 30% or more to a urbanized area of 50,000 and greater",265,4,0.01509433962264151,Urban,"Small town core: primary flow within an urban cluster of 2,500 to 9,999",37.0,1.0,0.02702702702702703,Rural,0.5584905660377358,265,37.0,4,1.0,66.25,37.0
IL,O,"Micropolitan area core: primary flow within an urban cluster of 10,000 to 49,999",842,9,0.010688836104513063,Urban,"Small town core: primary flow within an urban cluster of 2,500 to 9,999",37.0,1.0,0.02702702702702703,Rural,0.3954869358669833,842,37.0,9,1.0,93.55555555555556,37.0
IL,O,"Secondary flow 30% to <50% to a larger urbanized area of 50,000 and greater",493,3,0.006085192697768763,Urban,"Small town core: primary flow within an urban cluster of 2,500 to 9,999",37.0,1.0,0.02702702702702703,Rural,0.2251521298174442,493,37.0,3,1.0,164.33333333333334,37.0
IN,F,"Metropolitan area core: primary flow within an urbanized area of 50,000 and greater",11341,196,0.0172824265937748,Urban,"Small town core: primary flow within an urban cluster of 2,500 to 9,999",136.0,2.0,0.014705882352941176,Rural,1.1752050083766865,11341,136.0,196,2.0,57.86224489795919,68.0
IN,F,"Micropolitan area core: primary flow within an urban cluster of 10,000 to 49,999",540,12,0.022222222222222223,Urban,"Small town core: primary flow within an urban cluster of 2,500 to 9,999",136.0,2.0,0.014705882352941176,Rural,1.5111111111111113,540,136.0,12,2.0,45.0,68.0
IN,O,"Metropolitan area core: primary flow within an urbanized area of 50,000 and greater",6161,68,0.011037169290699561,Urban,"Micropolitan high commuting: primary flow 30% or more to a urban cluster of 10,000 to 49,999",45.0,1.0,0.022222222222222223,Rural,0.4966726180814802,6161,45.0,68,1.0,90.6029411764706,45.0
IN,O,"Micropolitan area core: primary flow within an urban cluster of 10,000 to 49,999",64,3,0.046875,Urban,"Micropolitan high commuting: primary flow 30% or more to a urban cluster of 10,000 to 49,999",45.0,1.0,0.022222222222222223,Rural,2.109375,64,45.0,3,1.0,21.333333333333332,45.0
KS,F,"Metropolitan area core: primary flow within an urbanized area of 50,000 and greater",5532,101,0.018257411424439624,Urban,0,0.0,0.0,0.0,0,inf,5532,0.0,101,0.0,54.772277227722775,inf
KS,F,"Metropolitan area high commuting: primary flow 30% or more to a urbanized area of 50,000 and greater",215,2,0.009302325581395349,Urban,0,0.0,0.0,0.0,0,inf,215,0.0,2,0.0,107.5,inf
KS,F,"Micropolitan area core: primary flow within an urban cluster of 10,000 to 49,999",1377,18,0.013071895424836602,Urban,0,0.0,0.0,0.0,0,inf,1377,0.0,18,0.0,76.5,inf
KS,O,"Metropolitan area core: primary flow within an urbanized area of 50,000 and greater",2188,29,0.013254113345521023,Urban,0,0.0,0.0,0.0,0,inf,2188,0.0,29,0.0,75.44827586206897,inf
KS,O,"Metropolitan area high commuting: primary flow 30% or more to a urbanized area of 50,000 and greater",292,1,0.003424657534246575,Urban,0,0.0,0.0,0.0,0,inf,292,0.0,1,0.0,292.0,inf
KS,O,"Micropolitan area core: primary flow within an urban cluster of 10,000 to 49,999",199,3,0.01507537688442211,Urban,0,0.0,0.0,0.0,0,inf,199,0.0,3,0.0,66.33333333333333,inf
KY,F,"Metropolitan area core: primary flow within an urbanized area of 50,000 and greater",4479,54,0.012056262558606833,Urban,"Rural areas: primary flow to a tract outside a urbanized area of 50,000 and greater or UC",211.0,9.0,0.04265402843601896,Rural,0.2826523777628935,4479,211.0,54,9.0,82.94444444444444,23.444444444444443
KY,F,"Metropolitan area core: primary flow within an urbanized area of 50,000 and greater",4479,54,0.012056262558606833,Urban,"Small town core: primary flow within an urban cluster of 2,500 to 9,999",165.0,3.0,0.01818181818181818,Rural,0.6630944407233759,4479,165.0,54,3.0,82.94444444444444,55.0
KY,F,"Micropolitan area core: primary flow within an urban cluster of 10,000 to 49,999",1009,12,0.011892963330029732,Urban,"Rural areas: primary flow to a tract outside a urbanized area of 50,000 and greater or UC",211.0,9.0,0.04265402843601896,Rural,0.278823918070697,1009,211.0,12,9.0,84.08333333333333,23.444444444444443
KY,F,"Micropolitan area core: primary flow within an urban cluster of 10,000 to 49,999",1009,12,0.011892963330029732,Urban,"Small town core: primary flow within an urban cluster of 2,500 to 9,999",165.0,3.0,0.01818181818181818,Rural,0.6541129831516354,1009,165.0,12,3.0,84.08333333333333,55.0
KY,O,"Metropolitan area core: primary flow within an urbanized area of 50,000 and greater",19223,57,0.002965197939967747,Urban,"Rural areas: primary flow to a tract outside a urbanized area of 50,000 and greater or UC",50.0,1.0,0.02,Rural,0.14825989699838735,19223,50.0,57,1.0,337.2456140350877,50.0
KY,O,"Metropolitan area core: primary flow within an urbanized area of 50,000 and greater",19223,57,0.002965197939967747,Urban,"Small town core: primary flow within an urban cluster of 2,500 to 9,999",115.0,1.0,0.008695652173913044,Rural,0.34099776309629093,19223,115.0,57,1.0,337.2456140350877,115.0
KY,O,"Metropolitan area high commuting: primary flow 30% or more to a urbanized area of 50,000 and greater",253,1,0.003952569169960474,Urban,"Rural areas: primary flow to a tract outside a urbanized area of 50,000 and greater or UC",50.0,1.0,0.02,Rural,0.19762845849802368,253,50.0,1,1.0,253.0,50.0
KY,O,"Metropolitan area high commuting: primary flow 30% or more to a urbanized area of 50,000 and greater",253,1,0.003952569169960474,Urban,"Small town core: primary flow within an urban cluster of 2,500 to 9,999",115.0,1.0,0.008695652173913044,Rural,0.45454545454545453,253,115.0,1,1.0,253.0,115.0
KY,O,"Micropolitan area core: primary flow within an urban cluster of 10,000 to 49,999",2960,23,0.007770270270270271,Urban,"Rural areas: primary flow to a tract outside a urbanized area of 50,000 and greater or UC",50.0,1.0,0.02,Rural,0.38851351351351354,2960,50.0,23,1.0,128.69565217391303,50.0
KY,O,"Micropolitan area core: primary flow within an urban cluster of 10,000 to 49,999",2960,23,0.007770270270270271,Urban,"Small town core: primary flow within an urban cluster of 2,500 to 9,999",115.0,1.0,0.008695652173913044,Rural,0.8935810810810811,2960,115.0,23,1.0,128.69565217391303,115.0
LA,F,"Metropolitan area core: primary flow within an urbanized area of 50,000 and greater",13583,131,0.009644408451741146,Urban,"Micropolitan high commuting: primary flow 30% or more to a urban cluster of 10,000 to 49,999",138.0,1.0,0.007246376811594203,Rural,1.3309283663402782,13583,138.0,131,1.0,103.68702290076335,138.0
LA,F,"Micropolitan area core: primary flow within an urban cluster of 10,000 to 49,999",430,4,0.009302325581395349,Urban,"Micropolitan high commuting: primary flow 30% or more to a urban cluster of 10,000 to 49,999",138.0,1.0,0.007246376811594203,Rural,1.283720930232558,430,138.0,4,1.0,107.5,138.0
LA,F,"Secondary flow 30% to <50% to a larger urbanized area of 50,000 and greater",803,8,0.009962640099626401,Urban,"Micropolitan high commuting: primary flow 30% or more to a urban cluster of 10,000 to 49,999",138.0,1.0,0.007246376811594203,Rural,1.3748443337484433,803,138.0,8,1.0,100.375,138.0
LA,O,"Metropolitan area core: primary flow within an urbanized area of 50,000 and greater",3954,44,0.01112797167425392,Urban,0,0.0,0.0,0.0,0,inf,3954,0.0,44,0.0,89.86363636363636,inf
LA,O,"Metropolitan area high commuting: primary flow 30% or more to a urbanized area of 50,000 and greater",125,1,0.008,Urban,0,0.0,0.0,0.0,0,inf,125,0.0,1,0.0,125.0,inf
LA,O,"Micropolitan area core: primary flow within an urban cluster of 10,000 to 49,999",267,3,0.011235955056179775,Urban,0,0.0,0.0,0.0,0,inf,267,0.0,3,0.0,89.0,inf
LA,O,"Secondary flow 30% to <50% to a larger urbanized area of 50,000 and greater",129,4,0.031007751937984496,Urban,0,0.0,0.0,0.0,0,inf,129,0.0,4,0.0,32.25,inf
MA,F,"Metropolitan area core: primary flow within an urbanized area of 50,000 and greater",10065,163,0.016194734227521112,Urban,0,0.0,0.0,0.0,0,inf,10065,0.0,163,0.0,61.74846625766871,inf
MA,O,"Metropolitan area core: primary flow within an urbanized area of 50,000 and greater",11096,123,0.01108507570295602,Urban,0,0.0,0.0,0.0,0,inf,11096,0.0,123,0.0,90.21138211382114,inf
MA,O,"Metropolitan area high commuting: primary flow 30% or more to a urbanized area of 50,000 and greater",159,1,0.006289308176100629,Urban,0,0.0,0.0,0.0,0,inf,159,0.0,1,0.0,159.0,inf
MA,O,"Micropolitan area core: primary flow within an urban cluster of 10,000 to 49,999",23,1,0.043478260869565216,Urban,0,0.0,0.0,0.0,0,inf,23,0.0,1,0.0,23.0,inf
MD,F,"Metropolitan area core: primary flow within an urbanized area of 50,000 and greater",14519,147,0.010124664233073902,Urban,"Small town core: primary flow within an urban cluster of 2,500 to 9,999",373.0,1.0,0.002680965147453083,Rural,3.7764997589365654,14519,373.0,147,1.0,98.7687074829932,373.0
MD,F,"Metropolitan area high commuting: primary flow 30% or more to a urbanized area of 50,000 and greater",1638,15,0.009157509157509158,Urban,"Small town core: primary flow within an urban cluster of 2,500 to 9,999",373.0,1.0,0.002680965147453083,Rural,3.415750915750916,1638,373.0,15,1.0,109.2,373.0
MD,F,"Micropolitan area core: primary flow within an urban cluster of 10,000 to 49,999",751,5,0.006657789613848202,Urban,"Small town core: primary flow within an urban cluster of 2,500 to 9,999",373.0,1.0,0.002680965147453083,Rural,2.4833555259653792,751,373.0,5,1.0,150.2,373.0
MD,F,"Secondary flow 30% to <50% to a larger urbanized area of 50,000 and greater",1489,17,0.011417058428475487,Urban,"Small town core: primary flow within an urban cluster of 2,500 to 9,999",373.0,1.0,0.002680965147453083,Rural,4.258562793821357,1489,373.0,17,1.0,87.58823529411765,373.0
MD,O,"Metropolitan area core: primary flow within an urbanized area of 50,000 and greater",4528,72,0.015901060070671377,Urban,0,0.0,0.0,0.0,0,inf,4528,0.0,72,0.0,62.888888888888886,inf
MD,O,"Metropolitan area high commuting: primary flow 30% or more to a urbanized area of 50,000 and greater",285,5,0.017543859649122806,Urban,0,0.0,0.0,0.0,0,inf,285,0.0,5,0.0,57.0,inf
MD,O,"Micropolitan area core: primary flow within an urban cluster of 10,000 to 49,999",404,4,0.009900990099009901,Urban,0,0.0,0.0,0.0,0,inf,404,0.0,4,0.0,101.0,inf
MD,O,"Secondary flow 30% to <50% to a larger urbanized area of 50,000 and greater",807,6,0.007434944237918215,Urban,0,0.0,0.0,0.0,0,inf,807,0.0,6,0.0,134.5,inf
ME,F,"Metropolitan area core: primary flow within an urbanized area of 50,000 and greater",680,16,0.023529411764705882,Urban,"Small town core: primary flow within an urban cluster of 2,500 to 9,999",81.0,3.0,0.037037037037037035,Rural,0.6352941176470589,680,81.0,16,3.0,42.5,27.0
ME,O,"Metropolitan area core: primary flow within an urbanized area of 50,000 and greater",1961,19,0.009688934217236104,Urban,0,0.0,0.0,0.0,0,inf,1961,0.0,19,0.0,103.21052631578948,inf
ME,O,"Micropolitan area core: primary flow within an urban cluster of 10,000 to 49,999",174,2,0.011494252873563218,Urban,0,0.0,0.0,0.0,0,inf,174,0.0,2,0.0,87.0,inf
MI,F,"Metropolitan area core: primary flow within an urbanized area of 50,000 and greater",4693,117,0.024930747922437674,Urban,"Rural areas: primary flow to a tract outside a urbanized area of 50,000 and greater or UC",29.0,2.0,0.06896551724137931,Rural,0.3614958448753463,4693,29.0,117,2.0,40.111111111111114,14.5
MI,F,"Metropolitan area core: primary flow within an urbanized area of 50,000 and greater",4693,117,0.024930747922437674,Urban,"Small town core: primary flow within an urban cluster of 2,500 to 9,999",131.0,4.0,0.030534351145038167,Rural,0.8164819944598338,4693,131.0,117,4.0,40.111111111111114,32.75
MI,F,"Metropolitan area high commuting: primary flow 30% or more to a urbanized area of 50,000 and greater",258,3,0.011627906976744186,Urban,"Rural areas: primary flow to a tract outside a urbanized area of 50,000 and greater or UC",29.0,2.0,0.06896551724137931,Rural,0.1686046511627907,258,29.0,3,2.0,86.0,14.5
MI,F,"Metropolitan area high commuting: primary flow 30% or more to a urbanized area of 50,000 and greater",258,3,0.011627906976744186,Urban,"Small town core: primary flow within an urban cluster of 2,500 to 9,999",131.0,4.0,0.030534351145038167,Rural,0.3808139534883721,258,131.0,3,4.0,86.0,32.75
MI,F,"Micropolitan area core: primary flow within an urban cluster of 10,000 to 49,999",947,21,0.022175290390707498,Urban,"Rural areas: primary flow to a tract outside a urbanized area of 50,000 and greater or UC",29.0,2.0,0.06896551724137931,Rural,0.3215417106652587,947,29.0,21,2.0,45.095238095238095,14.5
MI,F,"Micropolitan area core: primary flow within an urban cluster of 10,000 to 49,999",947,21,0.022175290390707498,Urban,"Small town core: primary flow within an urban cluster of 2,500 to 9,999",131.0,4.0,0.030534351145038167,Rural,0.7262407602956705,947,131.0,21,4.0,45.095238095238095,32.75
MI,F,"Secondary flow 30% to <50% to a urban cluster of 10,000 to 49,999",11,1,0.09090909090909091,Urban,"Rural areas: primary flow to a tract outside a urbanized area of 50,000 and greater or UC",29.0,2.0,0.06896551724137931,Rural,1.3181818181818183,11,29.0,1,2.0,11.0,14.5
MI,F,"Secondary flow 30% to <50% to a urban cluster of 10,000 to 49,999",11,1,0.09090909090909091,Urban,"Small town core: primary flow within an urban cluster of 2,500 to 9,999",131.0,4.0,0.030534351145038167,Rural,2.9772727272727275,11,131.0,1,4.0,11.0,32.75
MI,O,"Metropolitan area core: primary flow within an urbanized area of 50,000 and greater",12679,140,0.011041880274469595,Urban,"Rural areas: primary flow to a tract outside a urbanized area of 50,000 and greater or UC",51.0,1.0,0.0196078431372549,Rural,0.5631358939979494,12679,51.0,140,1.0,90.56428571428572,51.0
MI,O,"Metropolitan area core: primary flow within an urbanized area of 50,000 and greater",12679,140,0.011041880274469595,Urban,"Small town core: primary flow within an urban cluster of 2,500 to 9,999",504.0,4.0,0.007936507936507936,Rural,1.3912769145831692,12679,504.0,140,4.0,90.56428571428572,126.0
MI,O,"Micropolitan area core: primary flow within an urban cluster of 10,000 to 49,999",1018,13,0.012770137524557957,Urban,"Rural areas: primary flow to a tract outside a urbanized area of 50,000 and greater or UC",51.0,1.0,0.0196078431372549,Rural,0.6512770137524558,1018,51.0,13,1.0,78.3076923076923,51.0
MI,O,"Micropolitan area core: primary flow within an urban cluster of 10,000 to 49,999",1018,13,0.012770137524557957,Urban,"Small town core: primary flow within an urban cluster of 2,500 to 9,999",504.0,4.0,0.007936507936507936,Rural,1.6090373280943027,1018,504.0,13,4.0,78.3076923076923,126.0
MN,F,"Metropolitan area core: primary flow within an urbanized area of 50,000 and greater",9101,150,0.016481705307109108,Urban,"Micropolitan high commuting: primary flow 30% or more to a urban cluster of 10,000 to 49,999",197.0,6.0,0.030456852791878174,Rural,0.5411493242500823,9101,197.0,150,6.0,60.67333333333333,32.833333333333336
MN,F,"Metropolitan area core: primary flow within an urbanized area of 50,000 and greater",9101,150,0.016481705307109108,Urban,"Small town core: primary flow within an urban cluster of 2,500 to 9,999",252.0,3.0,0.011904761904761904,Rural,1.384463245797165,9101,252.0,150,3.0,60.67333333333333,84.0
MN,F,"Metropolitan area high commuting: primary flow 30% or more to a urbanized area of 50,000 and greater",51,2,0.0392156862745098,Urban,"Micropolitan high commuting: primary flow 30% or more to a urban cluster of 10,000 to 49,999",197.0,6.0,0.030456852791878174,Rural,1.287581699346405,51,197.0,2,6.0,25.5,32.833333333333336
MN,F,"Metropolitan area high commuting: primary flow 30% or more to a urbanized area of 50,000 and greater",51,2,0.0392156862745098,Urban,"Small town core: primary flow within an urban cluster of 2,500 to 9,999",252.0,3.0,0.011904761904761904,Rural,3.294117647058824,51,252.0,2,3.0,25.5,84.0
MN,F,"Micropolitan area core: primary flow within an urban cluster of 10,000 to 49,999",791,14,0.017699115044247787,Urban,"Micropolitan high commuting: primary flow 30% or more to a urban cluster of 10,000 to 49,999",197.0,6.0,0.030456852791878174,Rural,0.5811209439528023,791,197.0,14,6.0,56.5,32.833333333333336
MN,F,"Micropolitan area core: primary flow within an urban cluster of 10,000 to 49,999",791,14,0.017699115044247787,Urban,"Small town core: primary flow within an urban cluster of 2,500 to 9,999",252.0,3.0,0.011904761904761904,Rural,1.4867256637168142,791,252.0,14,3.0,56.5,84.0
MN,O,"Metropolitan area core: primary flow within an urbanized area of 50,000 and greater",4334,79,0.01822796492847254,Urban,"Micropolitan high commuting: primary flow 30% or more to a urban cluster of 10,000 to 49,999",90.0,1.0,0.011111111111111112,Rural,1.6405168435625286,4334,90.0,79,1.0,54.860759493670884,90.0
MN,O,"Metropolitan area core: primary flow within an urbanized area of 50,000 and greater",4334,79,0.01822796492847254,Urban,"Small town core: primary flow within an urban cluster of 2,500 to 9,999",14.0,1.0,0.07142857142857142,Rural,0.2551915089986156,4334,14.0,79,1.0,54.860759493670884,14.0
MN,O,"Metropolitan area high commuting: primary flow 30% or more to a urbanized area of 50,000 and greater",29,1,0.034482758620689655,Urban,"Micropolitan high commuting: primary flow 30% or more to a urban cluster of 10,000 to 49,999",90.0,1.0,0.011111111111111112,Rural,3.103448275862069,29,90.0,1,1.0,29.0,90.0
MN,O,"Metropolitan area high commuting: primary flow 30% or more to a urbanized area of 50,000 and greater",29,1,0.034482758620689655,Urban,"Small town core: primary flow within an urban cluster of 2,500 to 9,999",14.0,1.0,0.07142857142857142,Rural,0.4827586206896552,29,14.0,1,1.0,29.0,14.0
MN,O,"Micropolitan area core: primary flow within an urban cluster of 10,000 to 49,999",105,2,0.01904761904761905,Urban,"Micropolitan high commuting: primary flow 30% or more to a urban cluster of 10,000 to 49,999",90.0,1.0,0.011111111111111112,Rural,1.7142857142857144,105,90.0,2,1.0,52.5,90.0
MN,O,"Micropolitan area core: primary flow within an urban cluster of 10,000 to 49,999",105,2,0.01904761904761905,Urban,"Small town core: primary flow within an urban cluster of 2,500 to 9,999",14.0,1.0,0.07142857142857142,Rural,0.2666666666666667,105,14.0,2,1.0,52.5,14.0
MO,F,"Metropolitan area core: primary flow within an urbanized area of 50,000 and greater",8377,154,0.018383669571445625,Urban,"Small town core: primary flow within an urban cluster of 2,500 to 9,999",65.0,2.0,0.03076923076923077,Rural,0.5974692610719828,8377,65.0,154,2.0,54.396103896103895,32.5
MO,F,"Metropolitan area high commuting: primary flow 30% or more to a urbanized area of 50,000 and greater",767,8,0.010430247718383311,Urban,"Small town core: primary flow within an urban cluster of 2,500 to 9,999",65.0,2.0,0.03076923076923077,Rural,0.3389830508474576,767,65.0,8,2.0,95.875,32.5
MO,F,"Micropolitan area core: primary flow within an urban cluster of 10,000 to 49,999",1017,12,0.011799410029498525,Urban,"Small town core: primary flow within an urban cluster of 2,500 to 9,999",65.0,2.0,0.03076923076923077,Rural,0.38348082595870203,1017,65.0,12,2.0,84.75,32.5
MO,O,"Metropolitan area core: primary flow within an urbanized area of 50,000 and greater",8792,77,0.00875796178343949,Urban,"Small town low commuting: primary flow 10% to <30% to a urban cluster of 2,500 to 9,999",518.0,1.0,0.0019305019305019305,Rural,4.536624203821656,8792,518.0,77,1.0,114.18181818181819,518.0
MO,O,"Metropolitan area high commuting: primary flow 30% or more to a urbanized area of 50,000 and greater",168,2,0.011904761904761904,Urban,"Small town low commuting: primary flow 10% to <30% to a urban cluster of 2,500 to 9,999",518.0,1.0,0.0019305019305019305,Rural,6.166666666666666,168,518.0,2,1.0,84.0,518.0
MO,O,"Micropolitan area core: primary flow within an urban cluster of 10,000 to 49,999",80,3,0.0375,Urban,"Small town low commuting: primary flow 10% to <30% to a urban cluster of 2,500 to 9,999",518.0,1.0,0.0019305019305019305,Rural,19.424999999999997,80,518.0,3,1.0,26.666666666666668,518.0
MS,F,"Metropolitan area core: primary flow within an urbanized area of 50,000 and greater",6310,47,0.007448494453248812,Urban,"Micropolitan high commuting: primary flow 30% or more to a urban cluster of 10,000 to 49,999",1711.0,9.0,0.005260081823495032,Rural,1.4160415566120796,6310,1711.0,47,9.0,134.25531914893617,190.11111111111111
MS,F,"Metropolitan area core: primary flow within an urbanized area of 50,000 and greater",6310,47,0.007448494453248812,Urban,"Small town high commuting: primary flow 30% or more to a urban cluster of 2,500 to 9,999",63.0,1.0,0.015873015873015872,Rural,0.46925515055467515,6310,63.0,47,1.0,134.25531914893617,63.0
MS,F,"Metropolitan area high commuting: primary flow 30% or more to a urbanized area of 50,000 and greater",641,5,0.0078003120124804995,Urban,"Micropolitan high commuting: primary flow 30% or more to a urban cluster of 10,000 to 49,999",1711.0,9.0,0.005260081823495032,Rural,1.482925983706015,641,1711.0,5,9.0,128.2,190.11111111111111
MS,F,"Metropolitan area high commuting: primary flow 30% or more to a urbanized area of 50,000 and greater",641,5,0.0078003120124804995,Urban,"Small town high commuting: primary flow 30% or more to a urban cluster of 2,500 to 9,999",63.0,1.0,0.015873015873015872,Rural,0.4914196567862715,641,63.0,5,1.0,128.2,63.0
MS,F,"Micropolitan area core: primary flow within an urban cluster of 10,000 to 49,999",540,12,0.022222222222222223,Urban,"Micropolitan high commuting: primary flow 30% or more to a urban cluster of 10,000 to 49,999",1711.0,9.0,0.005260081823495032,Rural,4.224691358024692,540,1711.0,12,9.0,45.0,190.11111111111111
MS,F,"Micropolitan area core: primary flow within an urban cluster of 10,000 to 49,999",540,12,0.022222222222222223,Urban,"Small town high commuting: primary flow 30% or more to a urban cluster of 2,500 to 9,999",63.0,1.0,0.015873015873015872,Rural,1.4000000000000001,540,63.0,12,1.0,45.0,63.0
MS,F,"Secondary flow 30% to <50% to a urban cluster of 10,000 to 49,999",600,4,0.006666666666666667,Urban,"Micropolitan high commuting: primary flow 30% or more to a urban cluster of 10,000 to 49,999",1711.0,9.0,0.005260081823495032,Rural,1.2674074074074075,600,1711.0,4,9.0,150.0,190.11111111111111
MS,F,"Secondary flow 30% to <50% to a urban cluster of 10,000 to 49,999",600,4,0.006666666666666667,Urban,"Small town high commuting: primary flow 30% or more to a urban cluster of 2,500 to 9,999",63.0,1.0,0.015873015873015872,Rural,0.42000000000000004,600,63.0,4,1.0,150.0,63.0
MS,O,"Metropolitan area core: primary flow within an urbanized area of 50,000 and greater",874,11,0.012585812356979404,Urban,"Micropolitan high commuting: primary flow 30% or more to a urban cluster of 10,000 to 49,999",683.0,4.0,0.005856515373352855,Rural,2.149027459954233,874,683.0,11,4.0,79.45454545454545,170.75
MS,O,"Metropolitan area core: primary flow within an urbanized area of 50,000 and greater",874,11,0.012585812356979404,Urban,"Small town core: primary flow within an urban cluster of 2,500 to 9,999",175.0,1.0,0.005714285714285714,Rural,2.2025171624713957,874,175.0,11,1.0,79.45454545454545,175.0
MS,O,"Metropolitan area high commuting: primary flow 30% or more to a urbanized area of 50,000 and greater",488,5,0.010245901639344262,Urban,"Micropolitan high commuting: primary flow 30% or more to a urban cluster of 10,000 to 49,999",683.0,4.0,0.005856515373352855,Rural,1.7494877049180326,488,683.0,5,4.0,97.6,170.75
MS,O,"Metropolitan area high commuting: primary flow 30% or more to a urbanized area of 50,000 and greater",488,5,0.010245901639344262,Urban,"Small town core: primary flow within an urban cluster of 2,500 to 9,999",175.0,1.0,0.005714285714285714,Rural,1.7930327868852458,488,175.0,5,1.0,97.6,175.0
MS,O,"Micropolitan area core: primary flow within an urban cluster of 10,000 to 49,999",1462,13,0.008891928864569083,Urban,"Micropolitan high commuting: primary flow 30% or more to a urban cluster of 10,000 to 49,999",683.0,4.0,0.005856515373352855,Rural,1.5182968536251709,1462,683.0,13,4.0,112.46153846153847,170.75
MS,O,"Micropolitan area core: primary flow within an urban cluster of 10,000 to 49,999",1462,13,0.008891928864569083,Urban,"Small town core: primary flow within an urban cluster of 2,500 to 9,999",175.0,1.0,0.005714285714285714,Rural,1.5560875512995895,1462,175.0,13,1.0,112.46153846153847,175.0
MS,O,"Secondary flow 30% to <50% to a urban cluster of 10,000 to 49,999",31,2,0.06451612903225806,Urban,"Micropolitan high commuting: primary flow 30% or more to a urban cluster of 10,000 to 49,999",683.0,4.0,0.005856515373352855,Rural,11.016129032258064,31,683.0,2,4.0,15.5,170.75
MS,O,"Secondary flow 30% to <50% to a urban cluster of 10,000 to 49,999",31,2,0.06451612903225806,Urban,"Small town core: primary flow within an urban cluster of 2,500 to 9,999",175.0,1.0,0.005714285714285714,Rural,11.29032258064516,31,175.0,2,1.0,15.5,175.0
MT,F,"Metropolitan area core: primary flow within an urbanized area of 50,000 and greater",1426,24,0.016830294530154277,Urban,"Small town core: primary flow within an urban cluster of 2,500 to 9,999",192.0,1.0,0.005208333333333333,Rural,3.2314165497896212,1426,192.0,24,1.0,59.416666666666664,192.0
MT,F,"Micropolitan area core: primary flow within an urban cluster of 10,000 to 49,999",618,14,0.022653721682847898,Urban,"Small town core: primary flow within an urban cluster of 2,500 to 9,999",192.0,1.0,0.005208333333333333,Rural,4.349514563106797,618,192.0,14,1.0,44.142857142857146,192.0
MT,O,"Micropolitan area core: primary flow within an urban cluster of 10,000 to 49,999",335,5,0.014925373134328358,Urban,"Micropolitan high commuting: primary flow 30% or more to a urban cluster of 10,000 to 49,999",40.0,1.0,0.025,Rural,0.5970149253731343,335,40.0,5,1.0,67.0,40.0
NC,F,"Metropolitan area core: primary flow within an urbanized area of 50,000 and greater",6748,122,0.018079430942501484,Urban,"Rural areas: primary flow to a tract outside a urbanized area of 50,000 and greater or UC",22.0,1.0,0.045454545454545456,Rural,0.39774748073503263,6748,22.0,122,1.0,55.31147540983606,22.0
NC,F,"Metropolitan area core: primary flow within an urbanized area of 50,000 and greater",6748,122,0.018079430942501484,Urban,"Small town core: primary flow within an urban cluster of 2,500 to 9,999",231.0,1.0,0.004329004329004329,Rural,4.176348547717843,6748,231.0,122,1.0,55.31147540983606,231.0
NC,F,"Micropolitan area core: primary flow within an urban cluster of 10,000 to 49,999",428,12,0.028037383177570093,Urban,"Rural areas: primary flow to a tract outside a urbanized area of 50,000 and greater or UC",22.0,1.0,0.045454545454545456,Rural,0.616822429906542,428,22.0,12,1.0,35.666666666666664,22.0
NC,F,"Micropolitan area core: primary flow within an urban cluster of 10,000 to 49,999",428,12,0.028037383177570093,Urban,"Small town core: primary flow within an urban cluster of 2,500 to 9,999",231.0,1.0,0.004329004329004329,Rural,6.4766355140186915,428,231.0,12,1.0,35.666666666666664,231.0
NC,O,"Metropolitan area core: primary flow within an urbanized area of 50,000 and greater",22943,188,0.008194220459399382,Urban,"Micropolitan high commuting: primary flow 30% or more to a urban cluster of 10,000 to 49,999",64.0,1.0,0.015625,Rural,0.5244301094015604,22943,64.0,188,1.0,122.0372340425532,64.0
NC,O,"Metropolitan area core: primary flow within an urbanized area of 50,000 and greater",22943,188,0.008194220459399382,Urban,"Rural areas: primary flow to a tract outside a urbanized area of 50,000 and greater or UC",684.0,3.0,0.0043859649122807015,Rural,1.868282264743059,22943,684.0,188,3.0,122.0372340425532,228.0
NC,O,"Metropolitan area core: primary flow within an urbanized area of 50,000 and greater",22943,188,0.008194220459399382,Urban,"Small town core: primary flow within an urban cluster of 2,500 to 9,999",731.0,2.0,0.0027359781121751026,Rural,2.994987577910474,22943,731.0,188,2.0,122.0372340425532,365.5
NC,O,"Metropolitan area high commuting: primary flow 30% or more to a urbanized area of 50,000 and greater",1634,5,0.0030599755201958386,Urban,"Micropolitan high commuting: primary flow 30% or more to a urban cluster of 10,000 to 49,999",64.0,1.0,0.015625,Rural,0.19583843329253367,1634,64.0,5,1.0,326.8,64.0
NC,O,"Metropolitan area high commuting: primary flow 30% or more to a urbanized area of 50,000 and greater",1634,5,0.0030599755201958386,Urban,"Rural areas: primary flow to a tract outside a urbanized area of 50,000 and greater or UC",684.0,3.0,0.0043859649122807015,Rural,0.6976744186046513,1634,684.0,5,3.0,326.8,228.0
NC,O,"Metropolitan area high commuting: primary flow 30% or more to a urbanized area of 50,000 and greater",1634,5,0.0030599755201958386,Urban,"Small town core: primary flow within an urban cluster of 2,500 to 9,999",731.0,2.0,0.0027359781121751026,Rural,1.118421052631579,1634,731.0,5,2.0,326.8,365.5
NC,O,"Metropolitan area low commuting: primary flow 10% to <30% to a urbanized area of 50,000 and greater",381,2,0.005249343832020997,Urban,"Micropolitan high commuting: primary flow 30% or more to a urban cluster of 10,000 to 49,999",64.0,1.0,0.015625,Rural,0.3359580052493438,381,64.0,2,1.0,190.5,64.0
NC,O,"Metropolitan area low commuting: primary flow 10% to <30% to a urbanized area of 50,000 and greater",381,2,0.005249343832020997,Urban,"Rural areas: primary flow to a tract outside a urbanized area of 50,000 and greater or UC",684.0,3.0,0.0043859649122807015,Rural,1.1968503937007875,381,684.0,2,3.0,190.5,228.0
NC,O,"Metropolitan area low commuting: primary flow 10% to <30% to a urbanized area of 50,000 and greater",381,2,0.005249343832020997,Urban,"Small town core: primary flow within an urban cluster of 2,500 to 9,999",731.0,2.0,0.0027359781121751026,Rural,1.9186351706036746,381,731.0,2,2.0,190.5,365.5
NC,O,"Micropolitan area core: primary flow within an urban cluster of 10,000 to 49,999",3599,40,0.011114198388441235,Urban,"Micropolitan high commuting: primary flow 30% or more to a urban cluster of 10,000 to 49,999",64.0,1.0,0.015625,Rural,0.711308696860239,3599,64.0,40,1.0,89.975,64.0
NC,O,"Micropolitan area core: primary flow within an urban cluster of 10,000 to 49,999",3599,40,0.011114198388441235,Urban,"Rural areas: primary flow to a tract outside a urbanized area of 50,000 and greater or UC",684.0,3.0,0.0043859649122807015,Rural,2.5340372325646014,3599,684.0,40,3.0,89.975,228.0
NC,O,"Micropolitan area core: primary flow within an urban cluster of 10,000 to 49,999",3599,40,0.011114198388441235,Urban,"Small town core: primary flow within an urban cluster of 2,500 to 9,999",731.0,2.0,0.0027359781121751026,Rural,4.062239510975271,3599,731.0,40,2.0,89.975,365.5
ND,F,"Metropolitan area core: primary flow within an urbanized area of 50,000 and greater",1424,22,0.01544943820224719,Urban,0,0.0,0.0,0.0,0,inf,1424,0.0,22,0.0,64.72727272727273,inf
ND,F,"Micropolitan area core: primary flow within an urban cluster of 10,000 to 49,999",58,3,0.05172413793103448,Urban,0,0.0,0.0,0.0,0,inf,58,0.0,3,0.0,19.333333333333332,inf
ND,O,"Metropolitan area core: primary flow within an urbanized area of 50,000 and greater",323,3,0.009287925696594427,Urban,0,0.0,0.0,0.0,0,inf,323,0.0,3,0.0,107.66666666666667,inf
ND,O,"Micropolitan area core: primary flow within an urban cluster of 10,000 to 49,999",127,2,0.015748031496062992,Urban,0,0.0,0.0,0.0,0,inf,127,0.0,2,0.0,63.5,inf
NE,F,"Metropolitan area core: primary flow within an urbanized area of 50,000 and greater",2774,49,0.017664023071377072,Urban,0,0.0,0.0,0.0,0,inf,2774,0.0,49,0.0,56.61224489795919,inf
NE,F,"Micropolitan area core: primary flow within an urban cluster of 10,000 to 49,999",982,20,0.020366598778004074,Urban,0,0.0,0.0,0.0,0,inf,982,0.0,20,0.0,49.1,inf
NE,O,"Metropolitan area core: primary flow within an urbanized area of 50,000 and greater",5939,36,0.006061626536453949,Urban,0,0.0,0.0,0.0,0,inf,5939,0.0,36,0.0,164.97222222222223,inf
NE,O,"Micropolitan area core: primary flow within an urban cluster of 10,000 to 49,999",108,2,0.018518518518518517,Urban,0,0.0,0.0,0.0,0,inf,108,0.0,2,0.0,54.0,inf
NH,F,"Metropolitan area core: primary flow within an urbanized area of 50,000 and greater",1637,33,0.020158827122785584,Urban,"Small town core: primary flow within an urban cluster of 2,500 to 9,999",63.0,1.0,0.015873015873015872,Rural,1.270006108735492,1637,63.0,33,1.0,49.60606060606061,63.0
NH,F,"Metropolitan area low commuting: primary flow 10% to <30% to a urbanized area of 50,000 and greater",503,3,0.005964214711729622,Urban,"Small town core: primary flow within an urban cluster of 2,500 to 9,999",63.0,1.0,0.015873015873015872,Rural,0.3757455268389662,503,63.0,3,1.0,167.66666666666666,63.0
NH,F,"Micropolitan area core: primary flow within an urban cluster of 10,000 to 49,999",1681,24,0.014277215942891136,Urban,"Small town core: primary flow within an urban cluster of 2,500 to 9,999",63.0,1.0,0.015873015873015872,Rural,0.8994646044021416,1681,63.0,24,1.0,70.04166666666667,63.0
NH,O,"Metropolitan area core: primary flow within an urbanized area of 50,000 and greater",2732,29,0.01061493411420205,Urban,"Small town core: primary flow within an urban cluster of 2,500 to 9,999",106.0,1.0,0.009433962264150943,Rural,1.1251830161054173,2732,106.0,29,1.0,94.20689655172414,106.0
NH,O,"Micropolitan area core: primary flow within an urban cluster of 10,000 to 49,999",709,14,0.019746121297602257,Urban,"Small town core: primary flow within an urban cluster of 2,500 to 9,999",106.0,1.0,0.009433962264150943,Rural,2.0930888575458395,709,106.0,14,1.0,50.642857142857146,106.0
NJ,F,"Metropolitan area core: primary flow within an urbanized area of 50,000 and greater",7713,162,0.021003500583430573,Urban,0,0.0,0.0,0.0,0,inf,7713,0.0,162,0.0,47.611111111111114,inf
NJ,F,"Metropolitan area high commuting: primary flow 30% or more to a urbanized area of 50,000 and greater",157,2,0.012738853503184714,Urban,0,0.0,0.0,0.0,0,inf,157,0.0,2,0.0,78.5,inf
NJ,F,"Micropolitan area core: primary flow within an urban cluster of 10,000 to 49,999",89,2,0.02247191011235955,Urban,0,0.0,0.0,0.0,0,inf,89,0.0,2,0.0,44.5,inf
NJ,O,"Metropolitan area core: primary flow within an urbanized area of 50,000 and greater",17255,132,0.007649956534337873,Urban,0,0.0,0.0,0.0,0,inf,17255,0.0,132,0.0,130.71969696969697,inf
NJ,O,"Metropolitan area high commuting: primary flow 30% or more to a urbanized area of 50,000 and greater",170,2,0.011764705882352941,Urban,0,0.0,0.0,0.0,0,inf,170,0.0,2,0.0,85.0,inf
NJ,O,"Micropolitan area core: primary flow within an urban cluster of 10,000 to 49,999",28,1,0.03571428571428571,Urban,0,0.0,0.0,0.0,0,inf,28,0.0,1,0.0,28.0,inf
NM,F,"Metropolitan area core: primary flow within an urbanized area of 50,000 and greater",2281,24,0.01052170100832968,Urban,0,0.0,0.0,0.0,0,inf,2281,0.0,24,0.0,95.04166666666667,inf
NM,F,"Micropolitan area core: primary flow within an urban cluster of 10,000 to 49,999",371,4,0.01078167115902965,Urban,0,0.0,0.0,0.0,0,inf,371,0.0,4,0.0,92.75,inf
NM,O,"Metropolitan area core: primary flow within an urbanized area of 50,000 and greater",2896,29,0.010013812154696133,Urban,0,0.0,0.0,0.0,0,inf,2896,0.0,29,0.0,99.86206896551724,inf
NM,O,"Metropolitan area high commuting: primary flow 30% or more to a urbanized area of 50,000 and greater",49,1,0.02040816326530612,Urban,0,0.0,0.0,0.0,0,inf,49,0.0,1,0.0,49.0,inf
NV,F,"Metropolitan area core: primary flow within an urbanized area of 50,000 and greater",5140,66,0.012840466926070038,Urban,0,0.0,0.0,0.0,0,inf,5140,0.0,66,0.0,77.87878787878788,inf
NV,F,"Micropolitan area core: primary flow within an urban cluster of 10,000 to 49,999",14,1,0.07142857142857142,Urban,0,0.0,0.0,0.0,0,inf,14,0.0,1,0.0,14.0,inf
NV,O,"Metropolitan area core: primary flow within an urbanized area of 50,000 and greater",4141,56,0.013523303549867182,Urban,0,0.0,0.0,0.0,0,inf,4141,0.0,56,0.0,73.94642857142857,inf
NV,O,"Micropolitan area core: primary flow within an urban cluster of 10,000 to 49,999",60,2,0.03333333333333333,Urban,0,0.0,0.0,0.0,0,inf,60,0.0,2,0.0,30.0,inf
NY,F,"Metropolitan area core: primary flow within an urbanized area of 50,000 and greater",11570,168,0.014520311149524633,Urban,"Small town core: primary flow within an urban cluster of 2,500 to 9,999",48.0,3.0,0.0625,Rural,0.23232497839239413,11570,48.0,168,3.0,68.86904761904762,16.0
NY,F,"Metropolitan area high commuting: primary flow 30% or more to a urbanized area of 50,000 and greater",41,1,0.024390243902439025,Urban,"Small town core: primary flow within an urban cluster of 2,500 to 9,999",48.0,3.0,0.0625,Rural,0.3902439024390244,41,48.0,1,3.0,41.0,16.0
NY,F,"Micropolitan area core: primary flow within an urban cluster of 10,000 to 49,999",1037,18,0.017357762777242044,Urban,"Small town core: primary flow within an urban cluster of 2,500 to 9,999",48.0,3.0,0.0625,Rural,0.2777242044358727,1037,48.0,18,3.0,57.611111111111114,16.0
NY,F,"Secondary flow 30% to <50% to a larger urbanized area of 50,000 and greater",307,2,0.006514657980456026,Urban,"Small town core: primary flow within an urban cluster of 2,500 to 9,999",48.0,3.0,0.0625,Rural,0.10423452768729642,307,48.0,2,3.0,153.5,16.0
NY,O,"Metropolitan area core: primary flow within an urbanized area of 50,000 and greater",42772,294,0.006873655662582998,Urban,"Rural areas: primary flow to a tract outside a urbanized area of 50,000 and greater or UC",236.0,4.0,0.01694915254237288,Rural,0.4055456840923969,42772,236.0,294,4.0,145.48299319727892,59.0
NY,O,"Metropolitan area core: primary flow within an urbanized area of 50,000 and greater",42772,294,0.006873655662582998,Urban,"Small town core: primary flow within an urban cluster of 2,500 to 9,999",81.0,3.0,0.037037037037037035,Rural,0.18558870288974097,42772,81.0,294,3.0,145.48299319727892,27.0
NY,O,"Metropolitan area high commuting: primary flow 30% or more to a urbanized area of 50,000 and greater",22,1,0.045454545454545456,Urban,"Rural areas: primary flow to a tract outside a urbanized area of 50,000 and greater or UC",236.0,4.0,0.01694915254237288,Rural,2.681818181818182,22,236.0,1,4.0,22.0,59.0
NY,O,"Metropolitan area high commuting: primary flow 30% or more to a urbanized area of 50,000 and greater",22,1,0.045454545454545456,Urban,"Small town core: primary flow within an urban cluster of 2,500 to 9,999",81.0,3.0,0.037037037037037035,Rural,1.2272727272727273,22,81.0,1,3.0,22.0,27.0
NY,O,"Micropolitan area core: primary flow within an urban cluster of 10,000 to 49,999",19,1,0.05263157894736842,Urban,"Rural areas: primary flow to a tract outside a urbanized area of 50,000 and greater or UC",236.0,4.0,0.01694915254237288,Rural,3.1052631578947367,19,236.0,1,4.0,19.0,59.0
NY,O,"Micropolitan area core: primary flow within an urban cluster of 10,000 to 49,999",19,1,0.05263157894736842,Urban,"Small town core: primary flow within an urban cluster of 2,500 to 9,999",81.0,3.0,0.037037037037037035,Rural,1.4210526315789473,19,81.0,1,3.0,19.0,27.0
NY,O,"Secondary flow 30% to <50% to a larger urbanized area of 50,000 and greater",76,1,0.013157894736842105,Urban,"Rural areas: primary flow to a tract outside a urbanized area of 50,000 and greater or UC",236.0,4.0,0.01694915254237288,Rural,0.7763157894736842,76,236.0,1,4.0,76.0,59.0
NY,O,"Secondary flow 30% to <50% to a larger urbanized area of 50,000 and greater",76,1,0.013157894736842105,Urban,"Small town core: primary flow within an urban cluster of 2,500 to 9,999",81.0,3.0,0.037037037037037035,Rural,0.35526315789473684,76,81.0,1,3.0,76.0,27.0
OH,F,"Metropolitan area core: primary flow within an urbanized area of 50,000 and greater",11681,197,0.016864994435407926,Urban,"Small town core: primary flow within an urban cluster of 2,500 to 9,999",323.0,9.0,0.02786377708978328,Rural,0.6052659114040845,11681,323.0,197,9.0,59.29441624365482,35.888888888888886
OH,F,"Metropolitan area high commuting: primary flow 30% or more to a urbanized area of 50,000 and greater",24,1,0.041666666666666664,Urban,"Small town core: primary flow within an urban cluster of 2,500 to 9,999",323.0,9.0,0.02786377708978328,Rural,1.4953703703703702,24,323.0,1,9.0,24.0,35.888888888888886
OH,F,"Micropolitan area core: primary flow within an urban cluster of 10,000 to 49,999",4456,35,0.007854578096947935,Urban,"Small town core: primary flow within an urban cluster of 2,500 to 9,999",323.0,9.0,0.02786377708978328,Rural,0.2818920805904648,4456,323.0,35,9.0,127.31428571428572,35.888888888888886
OH,F,"Secondary flow 30% to <50% to a larger urbanized area of 50,000 and greater",71,2,0.028169014084507043,Urban,"Small town core: primary flow within an urban cluster of 2,500 to 9,999",323.0,9.0,0.02786377708978328,Rural,1.0109546165884196,71,323.0,2,9.0,35.5,35.888888888888886
OH,O,"Metropolitan area core: primary flow within an urbanized area of 50,000 and greater",14864,127,0.008544133476856836,Urban,"Small town core: primary flow within an urban cluster of 2,500 to 9,999",78.0,1.0,0.01282051282051282,Rural,0.6664424111948333,14864,78.0,127,1.0,117.03937007874016,78.0
OH,O,"Metropolitan area high commuting: primary flow 30% or more to a urbanized area of 50,000 and greater",178,1,0.0056179775280898875,Urban,"Small town core: primary flow within an urban cluster of 2,500 to 9,999",78.0,1.0,0.01282051282051282,Rural,0.43820224719101125,178,78.0,1,1.0,178.0,78.0
OH,O,"Micropolitan area core: primary flow within an urban cluster of 10,000 to 49,999",1051,5,0.004757373929590866,Urban,"Small town core: primary flow within an urban cluster of 2,500 to 9,999",78.0,1.0,0.01282051282051282,Rural,0.37107516650808753,1051,78.0,5,1.0,210.2,78.0
OH,O,"Secondary flow 30% to <50% to a larger urbanized area of 50,000 and greater",506,4,0.007905138339920948,Urban,"Small town core: primary flow within an urban cluster of 2,500 to 9,999",78.0,1.0,0.01282051282051282,Rural,0.616600790513834,506,78.0,4,1.0,126.5,78.0
OK,F,"Metropolitan area core: primary flow within an urbanized area of 50,000 and greater",6842,77,0.011254019292604502,Urban,"Small town core: primary flow within an urban cluster of 2,500 to 9,999",15.0,1.0,0.06666666666666667,Rural,0.16881028938906753,6842,15.0,77,1.0,88.85714285714286,15.0
OK,F,"Micropolitan area core: primary flow within an urban cluster of 10,000 to 49,999",509,11,0.021611001964636542,Urban,"Small town core: primary flow within an urban cluster of 2,500 to 9,999",15.0,1.0,0.06666666666666667,Rural,0.3241650294695481,509,15.0,11,1.0,46.27272727272727,15.0
OK,F,"Secondary flow 30% to <50% to a larger urbanized area of 50,000 and greater",121,6,0.049586776859504134,Urban,"Small town core: primary flow within an urban cluster of 2,500 to 9,999",15.0,1.0,0.06666666666666667,Rural,0.7438016528925621,121,15.0,6,1.0,20.166666666666668,15.0
OK,O,"Metropolitan area core: primary flow within an urbanized area of 50,000 and greater",9843,59,0.005994107487554607,Urban,0,0.0,0.0,0.0,0,inf,9843,0.0,59,0.0,166.83050847457628,inf
OK,O,"Micropolitan area core: primary flow within an urban cluster of 10,000 to 49,999",681,5,0.007342143906020558,Urban,0,0.0,0.0,0.0,0,inf,681,0.0,5,0.0,136.2,inf
OK,O,"Secondary flow 30% to <50% to a larger urbanized area of 50,000 and greater",425,5,0.011764705882352941,Urban,0,0.0,0.0,0.0,0,inf,425,0.0,5,0.0,85.0,inf
OR,F,"Metropolitan area core: primary flow within an urbanized area of 50,000 and greater",5509,76,0.01379560718823743,Urban,0,0.0,0.0,0.0,0,inf,5509,0.0,76,0.0,72.48684210526316,inf
OR,F,"Micropolitan area core: primary flow within an urban cluster of 10,000 to 49,999",248,8,0.03225806451612903,Urban,0,0.0,0.0,0.0,0,inf,248,0.0,8,0.0,31.0,inf
OR,F,"Secondary flow 30% to <50% to a urban cluster of 10,000 to 49,999",290,1,0.0034482758620689655,Urban,0,0.0,0.0,0.0,0,inf,290,0.0,1,0.0,290.0,inf
OR,O,"Metropolitan area core: primary flow within an urbanized area of 50,000 and greater",3633,62,0.01706578585191302,Urban,0,0.0,0.0,0.0,0,inf,3633,0.0,62,0.0,58.596774193548384,inf
OR,O,"Metropolitan area high commuting: primary flow 30% or more to a urbanized area of 50,000 and greater",29,1,0.034482758620689655,Urban,0,0.0,0.0,0.0,0,inf,29,0.0,1,0.0,29.0,inf
OR,O,"Micropolitan area core: primary flow within an urban cluster of 10,000 to 49,999",356,4,0.011235955056179775,Urban,0,0.0,0.0,0.0,0,inf,356,0.0,4,0.0,89.0,inf
PA,F,"Metropolitan area core: primary flow within an urbanized area of 50,000 and greater",13633,257,0.018851316658109,Urban,"Micropolitan high commuting: primary flow 30% or more to a urban cluster of 10,000 to 49,999",261.0,3.0,0.011494252873563218,Rural,1.640064549255483,13633,261.0,257,3.0,53.04669260700389,87.0
PA,F,"Metropolitan area core: primary flow within an urbanized area of 50,000 and greater",13633,257,0.018851316658109,Urban,"Small town core: primary flow within an urban cluster of 2,500 to 9,999",118.0,2.0,0.01694915254237288,Rural,1.112227682828431,13633,118.0,257,2.0,53.04669260700389,59.0
PA,F,"Metropolitan area high commuting: primary flow 30% or more to a urbanized area of 50,000 and greater",265,8,0.03018867924528302,Urban,"Micropolitan high commuting: primary flow 30% or more to a urban cluster of 10,000 to 49,999",261.0,3.0,0.011494252873563218,Rural,2.6264150943396225,265,261.0,8,3.0,33.125,87.0
PA,F,"Metropolitan area high commuting: primary flow 30% or more to a urbanized area of 50,000 and greater",265,8,0.03018867924528302,Urban,"Small town core: primary flow within an urban cluster of 2,500 to 9,999",118.0,2.0,0.01694915254237288,Rural,1.7811320754716982,265,118.0,8,2.0,33.125,59.0
PA,F,"Micropolitan area core: primary flow within an urban cluster of 10,000 to 49,999",1197,21,0.017543859649122806,Urban,"Micropolitan high commuting: primary flow 30% or more to a urban cluster of 10,000 to 49,999",261.0,3.0,0.011494252873563218,Rural,1.526315789473684,1197,261.0,21,3.0,57.0,87.0
PA,F,"Micropolitan area core: primary flow within an urban cluster of 10,000 to 49,999",1197,21,0.017543859649122806,Urban,"Small town core: primary flow within an urban cluster of 2,500 to 9,999",118.0,2.0,0.01694915254237288,Rural,1.0350877192982455,1197,118.0,21,2.0,57.0,59.0
PA,F,"Secondary flow 30% to <50% to a larger urbanized area of 50,000 and greater",30,1,0.03333333333333333,Urban,"Micropolitan high commuting: primary flow 30% or more to a urban cluster of 10,000 to 49,999",261.0,3.0,0.011494252873563218,Rural,2.9,30,261.0,1,3.0,30.0,87.0
PA,F,"Secondary flow 30% to <50% to a larger urbanized area of 50,000 and greater",30,1,0.03333333333333333,Urban,"Small town core: primary flow within an urban cluster of 2,500 to 9,999",118.0,2.0,0.01694915254237288,Rural,1.9666666666666666,30,118.0,1,2.0,30.0,59.0
PA,O,"Metropolitan area core: primary flow within an urbanized area of 50,000 and greater",11873,148,0.012465257306493725,Urban,"Micropolitan high commuting: primary flow 30% or more to a urban cluster of 10,000 to 49,999",302.0,1.0,0.0033112582781456954,Rural,3.764507706561105,11873,302.0,148,1.0,80.22297297297297,302.0
PA,O,"Metropolitan area core: primary flow within an urbanized area of 50,000 and greater",11873,148,0.012465257306493725,Urban,"Small town core: primary flow within an urban cluster of 2,500 to 9,999",53.0,1.0,0.018867924528301886,Rural,0.6606586372441674,11873,53.0,148,1.0,80.22297297297297,53.0
PA,O,"Metropolitan area high commuting: primary flow 30% or more to a urbanized area of 50,000 and greater",2141,4,0.0018682858477347033,Urban,"Micropolitan high commuting: primary flow 30% or more to a urban cluster of 10,000 to 49,999",302.0,1.0,0.0033112582781456954,Rural,0.5642223260158804,2141,302.0,4,1.0,535.25,302.0
PA,O,"Metropolitan area high commuting: primary flow 30% or more to a urbanized area of 50,000 and greater",2141,4,0.0018682858477347033,Urban,"Small town core: primary flow within an urban cluster of 2,500 to 9,999",53.0,1.0,0.018867924528301886,Rural,0.09901914992993928,2141,53.0,4,1.0,535.25,53.0
PA,O,"Micropolitan area core: primary flow within an urban cluster of 10,000 to 49,999",300,7,0.023333333333333334,Urban,"Micropolitan high commuting: primary flow 30% or more to a urban cluster of 10,000 to 49,999",302.0,1.0,0.0033112582781456954,Rural,7.046666666666667,300,302.0,7,1.0,42.857142857142854,302.0
PA,O,"Micropolitan area core: primary flow within an urban cluster of 10,000 to 49,999",300,7,0.023333333333333334,Urban,"Small town core: primary flow within an urban cluster of 2,500 to 9,999",53.0,1.0,0.018867924528301886,Rural,1.2366666666666668,300,53.0,7,1.0,42.857142857142854,53.0
PR,O,"Metropolitan area core: primary flow within an urbanized area of 50,000 and greater",3251,6,0.001845585973546601,Urban,0,0.0,0.0,0.0,0,inf,3251,0.0,6,0.0,541.8333333333334,inf
RI,F,"Metropolitan area core: primary flow within an urbanized area of 50,000 and greater",1042,15,0.014395393474088292,Urban,0,0.0,0.0,0.0,0,inf,1042,0.0,15,0.0,69.46666666666667,inf
RI,O,"Metropolitan area core: primary flow within an urbanized area of 50,000 and greater",395,12,0.030379746835443037,Urban,0,0.0,0.0,0.0,0,inf,395,0.0,12,0.0,32.916666666666664,inf
SC,F,"Metropolitan area core: primary flow within an urbanized area of 50,000 and greater",5373,68,0.012655871952354365,Urban,"Micropolitan high commuting: primary flow 30% or more to a urban cluster of 10,000 to 49,999",66.0,2.0,0.030303030303030304,Rural,0.417643774427694,5373,66.0,68,2.0,79.01470588235294,33.0
SC,F,"Metropolitan area core: primary flow within an urbanized area of 50,000 and greater",5373,68,0.012655871952354365,Urban,"Small town core: primary flow within an urban cluster of 2,500 to 9,999",22.0,1.0,0.045454545454545456,Rural,0.27842918295179603,5373,22.0,68,1.0,79.01470588235294,22.0
SC,F,"Metropolitan area high commuting: primary flow 30% or more to a urbanized area of 50,000 and greater",264,6,0.022727272727272728,Urban,"Micropolitan high commuting: primary flow 30% or more to a urban cluster of 10,000 to 49,999",66.0,2.0,0.030303030303030304,Rural,0.75,264,66.0,6,2.0,44.0,33.0
SC,F,"Metropolitan area high commuting: primary flow 30% or more to a urbanized area of 50,000 and greater",264,6,0.022727272727272728,Urban,"Small town core: primary flow within an urban cluster of 2,500 to 9,999",22.0,1.0,0.045454545454545456,Rural,0.5,264,22.0,6,1.0,44.0,22.0
SC,F,"Micropolitan area core: primary flow within an urban cluster of 10,000 to 49,999",442,11,0.024886877828054297,Urban,"Micropolitan high commuting: primary flow 30% or more to a urban cluster of 10,000 to 49,999",66.0,2.0,0.030303030303030304,Rural,0.8212669683257918,442,66.0,11,2.0,40.18181818181818,33.0
SC,F,"Micropolitan area core: primary flow within an urban cluster of 10,000 to 49,999",442,11,0.024886877828054297,Urban,"Small town core: primary flow within an urban cluster of 2,500 to 9,999",22.0,1.0,0.045454545454545456,Rural,0.5475113122171945,442,22.0,11,1.0,40.18181818181818,22.0
SC,F,"Secondary flow 30% to <50% to a larger urbanized area of 50,000 and greater",15,1,0.06666666666666667,Urban,"Micropolitan high commuting: primary flow 30% or more to a urban cluster of 10,000 to 49,999",66.0,2.0,0.030303030303030304,Rural,2.1999999999999997,15,66.0,1,2.0,15.0,33.0
SC,F,"Secondary flow 30% to <50% to a larger urbanized area of 50,000 and greater",15,1,0.06666666666666667,Urban,"Small town core: primary flow within an urban cluster of 2,500 to 9,999",22.0,1.0,0.045454545454545456,Rural,1.4666666666666666,15,22.0,1,1.0,15.0,22.0
SC,O,"Metropolitan area core: primary flow within an urbanized area of 50,000 and greater",16894,114,0.006747957854859713,Urban,"Micropolitan high commuting: primary flow 30% or more to a urban cluster of 10,000 to 49,999",23.0,1.0,0.043478260869565216,Rural,0.1552030306617734,16894,23.0,114,1.0,148.19298245614036,23.0
SC,O,"Metropolitan area core: primary flow within an urbanized area of 50,000 and greater",16894,114,0.006747957854859713,Urban,"Small town core: primary flow within an urban cluster of 2,500 to 9,999",274.0,1.0,0.0036496350364963502,Rural,1.8489404522315616,16894,274.0,114,1.0,148.19298245614036,274.0
SC,O,"Metropolitan area high commuting: primary flow 30% or more to a urbanized area of 50,000 and greater",3539,8,0.0022605255721955355,Urban,"Micropolitan high commuting: primary flow 30% or more to a urban cluster of 10,000 to 49,999",23.0,1.0,0.043478260869565216,Rural,0.051992088160497316,3539,23.0,8,1.0,442.375,23.0
SC,O,"Metropolitan area high commuting: primary flow 30% or more to a urbanized area of 50,000 and greater",3539,8,0.0022605255721955355,Urban,"Small town core: primary flow within an urban cluster of 2,500 to 9,999",274.0,1.0,0.0036496350364963502,Rural,0.6193840067815768,3539,274.0,8,1.0,442.375,274.0
SC,O,"Micropolitan area core: primary flow within an urban cluster of 10,000 to 49,999",1120,7,0.00625,Urban,"Micropolitan high commuting: primary flow 30% or more to a urban cluster of 10,000 to 49,999",23.0,1.0,0.043478260869565216,Rural,0.14375000000000002,1120,23.0,7,1.0,160.0,23.0
SC,O,"Micropolitan area core: primary flow within an urban cluster of 10,000 to 49,999",1120,7,0.00625,Urban,"Small town core: primary flow within an urban cluster of 2,500 to 9,999",274.0,1.0,0.0036496350364963502,Rural,1.7125000000000001,1120,274.0,7,1.0,160.0,274.0
SC,O,"Secondary flow 30% to <50% to a larger urbanized area of 50,000 and greater",422,2,0.004739336492890996,Urban,"Micropolitan high commuting: primary flow 30% or more to a urban cluster of 10,000 to 49,999",23.0,1.0,0.043478260869565216,Rural,0.1090047393364929,422,23.0,2,1.0,211.0,23.0
SC,O,"Secondary flow 30% to <50% to a larger urbanized area of 50,000 and greater",422,2,0.004739336492890996,Urban,"Small town core: primary flow within an urban cluster of 2,500 to 9,999",274.0,1.0,0.0036496350364963502,Rural,1.2985781990521328,422,274.0,2,1.0,211.0,274.0
SD,F,"Metropolitan area core: primary flow within an urbanized area of 50,000 and greater",2260,29,0.012831858407079646,Urban,0,0.0,0.0,0.0,0,inf,2260,0.0,29,0.0,77.93103448275862,inf
SD,F,"Micropolitan area core: primary flow within an urban cluster of 10,000 to 49,999",371,12,0.03234501347708895,Urban,0,0.0,0.0,0.0,0,inf,371,0.0,12,0.0,30.916666666666668,inf
SD,O,"Metropolitan area core: primary flow within an urbanized area of 50,000 and greater",370,2,0.005405405405405406,Urban,0,0.0,0.0,0.0,0,inf,370,0.0,2,0.0,185.0,inf
SD,O,"Micropolitan area core: primary flow within an urban cluster of 10,000 to 49,999",101,3,0.0297029702970297,Urban,0,0.0,0.0,0.0,0,inf,101,0.0,3,0.0,33.666666666666664,inf
TN,F,"Metropolitan area core: primary flow within an urbanized area of 50,000 and greater",10367,124,0.011961030191955243,Urban,0,0.0,0.0,0.0,0,inf,10367,0.0,124,0.0,83.60483870967742,inf
TN,F,"Metropolitan area high commuting: primary flow 30% or more to a urbanized area of 50,000 and greater",25,1,0.04,Urban,0,0.0,0.0,0.0,0,inf,25,0.0,1,0.0,25.0,inf
TN,F,"Micropolitan area core: primary flow within an urban cluster of 10,000 to 49,999",1262,13,0.010301109350237718,Urban,0,0.0,0.0,0.0,0,inf,1262,0.0,13,0.0,97.07692307692308,inf
TN,F,"Secondary flow 30% to <50% to a larger urbanized area of 50,000 and greater",514,4,0.007782101167315175,Urban,0,0.0,0.0,0.0,0,inf,514,0.0,4,0.0,128.5,inf
TN,O,"Metropolitan area core: primary flow within an urbanized area of 50,000 and greater",8253,83,0.010056948988246698,Urban,"Rural areas: primary flow to a tract outside a urbanized area of 50,000 and greater or UC",74.0,1.0,0.013513513513513514,Rural,0.7442142251302556,8253,74.0,83,1.0,99.43373493975903,74.0
TN,O,"Micropolitan area core: primary flow within an urban cluster of 10,000 to 49,999",1540,12,0.007792207792207792,Urban,"Rural areas: primary flow to a tract outside a urbanized area of 50,000 and greater or UC",74.0,1.0,0.013513513513513514,Rural,0.5766233766233766,1540,74.0,12,1.0,128.33333333333334,74.0
TN,O,"Secondary flow 30% to <50% to a larger urbanized area of 50,000 and greater",370,3,0.008108108108108109,Urban,"Rural areas: primary flow to a tract outside a urbanized area of 50,000 and greater or UC",74.0,1.0,0.013513513513513514,Rural,0.6,370,74.0,3,1.0,123.33333333333333,74.0
TX,F,"Metropolitan area core: primary flow within an urbanized area of 50,000 and greater",35374,437,0.01235370611183355,Urban,"Small town core: primary flow within an urban cluster of 2,500 to 9,999",137.0,2.0,0.014598540145985401,Rural,0.8462288686605982,35374,137.0,437,2.0,80.94736842105263,68.5
TX,F,"Metropolitan area high commuting: primary flow 30% or more to a urbanized area of 50,000 and greater",1006,14,0.013916500994035786,Urban,"Small town core: primary flow within an urban cluster of 2,500 to 9,999",137.0,2.0,0.014598540145985401,Rural,0.9532803180914514,1006,137.0,14,2.0,71.85714285714286,68.5
TX,F,"Micropolitan area core: primary flow within an urban cluster of 10,000 to 49,999",3128,34,0.010869565217391304,Urban,"Small town core: primary flow within an urban cluster of 2,500 to 9,999",137.0,2.0,0.014598540145985401,Rural,0.7445652173913043,3128,137.0,34,2.0,92.0,68.5
TX,F,"Secondary flow 30% to <50% to a larger urbanized area of 50,000 and greater",1825,24,0.01315068493150685,Urban,"Small town core: primary flow within an urban cluster of 2,500 to 9,999",137.0,2.0,0.014598540145985401,Rural,0.9008219178082193,1825,137.0,24,2.0,76.04166666666667,68.5
TX,O,"Metropolitan area core: primary flow within an urbanized area of 50,000 and greater",48745,382,0.00783670120012309,Urban,"Small town core: primary flow within an urban cluster of 2,500 to 9,999",1061.0,3.0,0.002827521206409048,Rural,2.7715799911101993,48745,1061.0,382,3.0,127.60471204188482,353.6666666666667
TX,O,"Metropolitan area core: primary flow within an urbanized area of 50,000 and greater",48745,382,0.00783670120012309,Urban,"Small town high commuting: primary flow 30% or more to a urban cluster of 2,500 to 9,999",47.0,1.0,0.02127659574468085,Rural,0.3683249564057852,48745,47.0,382,1.0,127.60471204188482,47.0
TX,O,"Metropolitan area high commuting: primary flow 30% or more to a urbanized area of 50,000 and greater",2733,20,0.007317965605561654,Urban,"Small town core: primary flow within an urban cluster of 2,500 to 9,999",1061.0,3.0,0.002827521206409048,Rural,2.588120502500305,2733,1061.0,20,3.0,136.65,353.6666666666667
TX,O,"Metropolitan area high commuting: primary flow 30% or more to a urbanized area of 50,000 and greater",2733,20,0.007317965605561654,Urban,"Small town high commuting: primary flow 30% or more to a urban cluster of 2,500 to 9,999",47.0,1.0,0.02127659574468085,Rural,0.3439443834613977,2733,47.0,20,1.0,136.65,47.0
TX,O,"Micropolitan area core: primary flow within an urban cluster of 10,000 to 49,999",1371,22,0.016046681254558718,Urban,"Small town core: primary flow within an urban cluster of 2,500 to 9,999",1061.0,3.0,0.002827521206409048,Rural,5.675176270362266,1371,1061.0,22,3.0,62.31818181818182,353.6666666666667
TX,O,"Micropolitan area core: primary flow within an urban cluster of 10,000 to 49,999",1371,22,0.016046681254558718,Urban,"Small town high commuting: primary flow 30% or more to a urban cluster of 2,500 to 9,999",47.0,1.0,0.02127659574468085,Rural,0.7541940189642597,1371,47.0,22,1.0,62.31818181818182,47.0
TX,O,"Secondary flow 30% to <50% to a larger urbanized area of 50,000 and greater",2593,24,0.009255688391824142,Urban,"Small town core: primary flow within an urban cluster of 2,500 to 9,999",1061.0,3.0,0.002827521206409048,Rural,3.2734284612418048,2593,1061.0,24,3.0,108.04166666666667,353.6666666666667
TX,O,"Secondary flow 30% to <50% to a larger urbanized area of 50,000 and greater",2593,24,0.009255688391824142,Urban,"Small town high commuting: primary flow 30% or more to a urban cluster of 2,500 to 9,999",47.0,1.0,0.02127659574468085,Rural,0.4350173544157347,2593,47.0,24,1.0,108.04166666666667,47.0
UT,F,"Metropolitan area core: primary flow within an urbanized area of 50,000 and greater",2648,39,0.01472809667673716,Urban,"Small town core: primary flow within an urban cluster of 2,500 to 9,999",319.0,5.0,0.01567398119122257,Rural,0.939652567975831,2648,319.0,39,5.0,67.8974358974359,63.8
UT,O,"Metropolitan area core: primary flow within an urbanized area of 50,000 and greater",11376,80,0.007032348804500703,Urban,"Small town core: primary flow within an urban cluster of 2,500 to 9,999",198.0,1.0,0.005050505050505051,Rural,1.3924050632911391,11376,198.0,80,1.0,142.2,198.0
UT,O,"Micropolitan area core: primary flow within an urban cluster of 10,000 to 49,999",318,3,0.009433962264150943,Urban,"Small town core: primary flow within an urban cluster of 2,500 to 9,999",198.0,1.0,0.005050505050505051,Rural,1.8679245283018866,318,198.0,3,1.0,106.0,198.0
VA,F,"Metropolitan area core: primary flow within an urbanized area of 50,000 and greater",4840,91,0.018801652892561985,Urban,"Small town core: primary flow within an urban cluster of 2,500 to 9,999",62.0,1.0,0.016129032258064516,Rural,1.165702479338843,4840,62.0,91,1.0,53.18681318681319,62.0
VA,F,"Metropolitan area high commuting: primary flow 30% or more to a urbanized area of 50,000 and greater",107,1,0.009345794392523364,Urban,"Small town core: primary flow within an urban cluster of 2,500 to 9,999",62.0,1.0,0.016129032258064516,Rural,0.5794392523364486,107,62.0,1,1.0,107.0,62.0
VA,F,"Micropolitan area core: primary flow within an urban cluster of 10,000 to 49,999",122,1,0.00819672131147541,Urban,"Small town core: primary flow within an urban cluster of 2,500 to 9,999",62.0,1.0,0.016129032258064516,Rural,0.5081967213114754,122,62.0,1,1.0,122.0,62.0
VA,F,"Secondary flow 30% to <50% to a larger urbanized area of 50,000 and greater",79,5,0.06329113924050633,Urban,"Small town core: primary flow within an urban cluster of 2,500 to 9,999",62.0,1.0,0.016129032258064516,Rural,3.924050632911393,79,62.0,5,1.0,15.8,62.0
VA,O,"Metropolitan area core: primary flow within an urbanized area of 50,000 and greater",28533,171,0.005993060666596573,Urban,"Small town core: primary flow within an urban cluster of 2,500 to 9,999",49.0,1.0,0.02040816326530612,Rural,0.29365997266323207,28533,49.0,171,1.0,166.859649122807,49.0
VA,O,"Metropolitan area high commuting: primary flow 30% or more to a urbanized area of 50,000 and greater",1561,3,0.0019218449711723255,Urban,"Small town core: primary flow within an urban cluster of 2,500 to 9,999",49.0,1.0,0.02040816326530612,Rural,0.09417040358744395,1561,49.0,3,1.0,520.3333333333334,49.0
VA,O,"Micropolitan area core: primary flow within an urban cluster of 10,000 to 49,999",207,4,0.01932367149758454,Urban,"Small town core: primary flow within an urban cluster of 2,500 to 9,999",49.0,1.0,0.02040816326530612,Rural,0.9468599033816425,207,49.0,4,1.0,51.75,49.0
VA,O,"Secondary flow 30% to <50% to a larger urbanized area of 50,000 and greater",1736,12,0.0069124423963133645,Urban,"Small town core: primary flow within an urban cluster of 2,500 to 9,999",49.0,1.0,0.02040816326530612,Rural,0.33870967741935487,1736,49.0,12,1.0,144.66666666666666,49.0
VT,F,"Metropolitan area core: primary flow within an urbanized area of 50,000 and greater",619,9,0.014539579967689823,Urban,"Small town core: primary flow within an urban cluster of 2,500 to 9,999",146.0,3.0,0.02054794520547945,Rural,0.7075928917609048,619,146.0,9,3.0,68.77777777777777,48.666666666666664
VT,F,"Metropolitan area high commuting: primary flow 30% or more to a urbanized area of 50,000 and greater",27,1,0.037037037037037035,Urban,"Small town core: primary flow within an urban cluster of 2,500 to 9,999",146.0,3.0,0.02054794520547945,Rural,1.8024691358024691,27,146.0,1,3.0,27.0,48.666666666666664
VT,F,"Micropolitan area core: primary flow within an urban cluster of 10,000 to 49,999",83,3,0.03614457831325301,Urban,"Small town core: primary flow within an urban cluster of 2,500 to 9,999",146.0,3.0,0.02054794520547945,Rural,1.7590361445783134,83,146.0,3,3.0,27.666666666666668,48.666666666666664
VT,O,"Metropolitan area core: primary flow within an urbanized area of 50,000 and greater",396,6,0.015151515151515152,Urban,"Rural areas: primary flow to a tract outside a urbanized area of 50,000 and greater or UC",89.0,1.0,0.011235955056179775,Rural,1.3484848484848486,396,89.0,6,1.0,66.0,89.0
VT,O,"Micropolitan area core: primary flow within an urban cluster of 10,000 to 49,999",91,1,0.01098901098901099,Urban,"Rural areas: primary flow to a tract outside a urbanized area of 50,000 and greater or UC",89.0,1.0,0.011235955056179775,Rural,0.9780219780219781,91,89.0,1,1.0,91.0,89.0
WA,F,"Metropolitan area core: primary flow within an urbanized area of 50,000 and greater",8140,128,0.015724815724815724,Urban,0,0.0,0.0,0.0,0,inf,8140,0.0,128,0.0,63.59375,inf
WA,F,"Metropolitan area high commuting: primary flow 30% or more to a urbanized area of 50,000 and greater",46,2,0.043478260869565216,Urban,0,0.0,0.0,0.0,0,inf,46,0.0,2,0.0,23.0,inf
WA,F,"Micropolitan area core: primary flow within an urban cluster of 10,000 to 49,999",138,4,0.028985507246376812,Urban,0,0.0,0.0,0.0,0,inf,138,0.0,4,0.0,34.5,inf
WA,O,"Metropolitan area core: primary flow within an urbanized area of 50,000 and greater",6343,109,0.017184297650953806,Urban,0,0.0,0.0,0.0,0,inf,6343,0.0,109,0.0,58.19266055045872,inf
WA,O,"Metropolitan area high commuting: primary flow 30% or more to a urbanized area of 50,000 and greater",33,2,0.06060606060606061,Urban,0,0.0,0.0,0.0,0,inf,33,0.0,2,0.0,16.5,inf
WA,O,"Micropolitan area core: primary flow within an urban cluster of 10,000 to 49,999",167,2,0.011976047904191617,Urban,0,0.0,0.0,0.0,0,inf,167,0.0,2,0.0,83.5,inf
WI,F,"Metropolitan area core: primary flow within an urbanized area of 50,000 and greater",9306,182,0.01955727487642381,Urban,"Rural areas: primary flow to a tract outside a urbanized area of 50,000 and greater or UC",67.0,2.0,0.029850746268656716,Rural,0.6551687083601977,9306,67.0,182,2.0,51.13186813186813,33.5
WI,F,"Metropolitan area core: primary flow within an urbanized area of 50,000 and greater",9306,182,0.01955727487642381,Urban,"Small town core: primary flow within an urban cluster of 2,500 to 9,999",38.0,1.0,0.02631578947368421,Rural,0.7431764453041049,9306,38.0,182,1.0,51.13186813186813,38.0
WI,F,"Metropolitan area high commuting: primary flow 30% or more to a urbanized area of 50,000 and greater",17,1,0.058823529411764705,Urban,"Rural areas: primary flow to a tract outside a urbanized area of 50,000 and greater or UC",67.0,2.0,0.029850746268656716,Rural,1.9705882352941178,17,67.0,1,2.0,17.0,33.5
WI,F,"Metropolitan area high commuting: primary flow 30% or more to a urbanized area of 50,000 and greater",17,1,0.058823529411764705,Urban,"Small town core: primary flow within an urban cluster of 2,500 to 9,999",38.0,1.0,0.02631578947368421,Rural,2.235294117647059,17,38.0,1,1.0,17.0,38.0
WI,F,"Micropolitan area core: primary flow within an urban cluster of 10,000 to 49,999",949,17,0.01791359325605901,Urban,"Rural areas: primary flow to a tract outside a urbanized area of 50,000 and greater or UC",67.0,2.0,0.029850746268656716,Rural,0.6001053740779768,949,67.0,17,2.0,55.8235294117647,33.5
WI,F,"Micropolitan area core: primary flow within an urban cluster of 10,000 to 49,999",949,17,0.01791359325605901,Urban,"Small town core: primary flow within an urban cluster of 2,500 to 9,999",38.0,1.0,0.02631578947368421,Rural,0.6807165437302424,949,38.0,17,1.0,55.8235294117647,38.0
WI,F,"Secondary flow 30% to <50% to a larger urbanized area of 50,000 and greater",432,7,0.016203703703703703,Urban,"Rural areas: primary flow to a tract outside a urbanized area of 50,000 and greater or UC",67.0,2.0,0.029850746268656716,Rural,0.5428240740740741,432,67.0,7,2.0,61.714285714285715,33.5
WI,F,"Secondary flow 30% to <50% to a larger urbanized area of 50,000 and greater",432,7,0.016203703703703703,Urban,"Small town core: primary flow within an urban cluster of 2,500 to 9,999",38.0,1.0,0.02631578947368421,Rural,0.6157407407407407,432,38.0,7,1.0,61.714285714285715,38.0
WI,O,"Metropolitan area core: primary flow within an urbanized area of 50,000 and greater",4574,71,0.015522518583296896,Urban,"Small town core: primary flow within an urban cluster of 2,500 to 9,999",104.0,2.0,0.019230769230769232,Rural,0.8071709663314386,4574,104.0,71,2.0,64.4225352112676,52.0
WI,O,"Micropolitan area core: primary flow within an urban cluster of 10,000 to 49,999",378,4,0.010582010582010581,Urban,"Small town core: primary flow within an urban cluster of 2,500 to 9,999",104.0,2.0,0.019230769230769232,Rural,0.5502645502645502,378,104.0,4,2.0,94.5,52.0
WI,O,"Secondary flow 30% to <50% to a larger urbanized area of 50,000 and greater",243,4,0.01646090534979424,Urban,"Small town core: primary flow within an urban cluster of 2,500 to 9,999",104.0,2.0,0.019230769230769232,Rural,0.8559670781893004,243,104.0,4,2.0,60.75,52.0
WV,F,"Metropolitan area core: primary flow within an urbanized area of 50,000 and greater",2834,32,0.011291460832745237,Urban,0,0.0,0.0,0.0,0,inf,2834,0.0,32,0.0,88.5625,inf
WV,F,"Micropolitan area core: primary flow within an urban cluster of 10,000 to 49,999",841,4,0.0047562425683709865,Urban,0,0.0,0.0,0.0,0,inf,841,0.0,4,0.0,210.25,inf
WV,O,"Metropolitan area core: primary flow within an urbanized area of 50,000 and greater",917,7,0.007633587786259542,Urban,0,0.0,0.0,0.0,0,inf,917,0.0,7,0.0,131.0,inf
WV,O,"Micropolitan area core: primary flow within an urban cluster of 10,000 to 49,999",62,1,0.016129032258064516,Urban,0,0.0,0.0,0.0,0,inf,62,0.0,1,0.0,62.0,inf
WY,F,"Metropolitan area core: primary flow within an urbanized area of 50,000 and greater",451,6,0.013303769401330377,Urban,"Rural areas: primary flow to a tract outside a urbanized area of 50,000 and greater or UC",41.0,1.0,0.024390243902439025,Rural,0.5454545454545454,451,41.0,6,1.0,75.16666666666667,41.0
WY,F,"Metropolitan area core: primary flow within an urbanized area of 50,000 and greater",451,6,0.013303769401330377,Urban,"Small town core: primary flow within an urban cluster of 2,500 to 9,999",88.0,4.0,0.045454545454545456,Rural,0.2926829268292683,451,88.0,6,4.0,75.16666666666667,22.0
WY,F,"Micropolitan area core: primary flow within an urban cluster of 10,000 to 49,999",167,7,0.041916167664670656,Urban,"Rural areas: primary flow to a tract outside a urbanized area of 50,000 and greater or UC",41.0,1.0,0.024390243902439025,Rural,1.718562874251497,167,41.0,7,1.0,23.857142857142858,41.0
WY,F,"Micropolitan area core: primary flow within an urban cluster of 10,000 to 49,999",167,7,0.041916167664670656,Urban,"Small town core: primary flow within an urban cluster of 2,500 to 9,999",88.0,4.0,0.045454545454545456,Rural,0.9221556886227544,167,88.0,7,4.0,23.857142857142858,22.0
WY,O,"Metropolitan area core: primary flow within an urbanized area of 50,000 and greater",18,1,0.05555555555555555,Urban,"Small town core: primary flow within an urban cluster of 2,500 to 9,999",48.0,1.0,0.020833333333333332,Rural,2.6666666666666665,18,48.0,1,1.0,18.0,48.0
WY,O,"Micropolitan area core: primary flow within an urban cluster of 10,000 to 49,999",143,4,0.027972027972027972,Urban,"Small town core: primary flow within an urban cluster of 2,500 to 9,999",48.0,1.0,0.020833333333333332,Rural,1.3426573426573427,143,48.0,4,1.0,35.75,48.0
