Rndrng_Prvdr_Zip5,Rndrng_Prvdr_RUCA_Desc,Total_Providers,Total_Beneficiaries,Avg_Allowed_Amt,Opportunity_Index
00918,"Metropolitan area core: primary flow within an urbanized area of 50,000 and greater",3,281,220.171964199,167.05732139966668
00925,"Metropolitan area core: primary flow within an urbanized area of 50,000 and greater",1,428,110.4486415,538.4486415
00949,"Metropolitan area core: primary flow within an urbanized area of 50,000 and greater",1,22,515.035833335,537.035833335
00966,"Metropolitan area core: primary flow within an urbanized area of 50,000 and greater",1,14,116.83666667,130.83666667
01040,"Metropolitan area core: primary flow within an urbanized area of 50,000 and greater",1,21,27.59,48.59
01088,"Metropolitan area high commuting: primary flow 30% or more to a urbanized area of 50,000 and greater",1,131,110.24903955,241.24903955000002
01089,"Metropolitan area core: primary flow within an urbanized area of 50,000 and greater",6,230,125.7261240657778,59.2876873442963
01103,"Metropolitan area core: primary flow within an urbanized area of 50,000 and greater",1,12,27.309333333,39.309333333
01104,"Metropolitan area core: primary flow within an urbanized area of 50,000 and greater",2,118,436.7530104433333,277.37650522166666
01118,"Metropolitan area core: primary flow within an urbanized area of 50,000 and greater",2,28,24.769047619,26.3845238095
01199,"Metropolitan area core: primary flow within an urbanized area of 50,000 and greater",3,64,27.28,30.426666666666666
01201,"Metropolitan area core: primary flow within an urbanized area of 50,000 and greater",5,308,82.51949715416667,78.10389943083334
01301,"Micropolitan area core: primary flow within an urban cluster of 10,000 to 49,999",1,21,122.72,143.72
01420,"Metropolitan area core: primary flow within an urbanized area of 50,000 and greater",2,416,288.93763883,352.468819415
01440,"Metropolitan area core: primary flow within an urbanized area of 50,000 and greater",1,121,111.44014496125,232.44014496124998
01453,"Metropolitan area core: primary flow within an urbanized area of 50,000 and greater",1,80,27.579010989,107.579010989
01468,"Metropolitan area core: primary flow within an urbanized area of 50,000 and greater",1,41,27.28,68.28
01550,"Metropolitan area core: primary flow within an urbanized area of 50,000 and greater",1,39,134.364439801,173.364439801
01566,"Metropolitan area core: primary flow within an urbanized area of 50,000 and greater",1,295,387.48447412,682.48447412
01605,"Metropolitan area core: primary flow within an urbanized area of 50,000 and greater",6,658,149.62917380705554,134.60486230117593
01608,"Metropolitan area core: primary flow within an urbanized area of 50,000 and greater",5,576,321.8400446128571,179.56800892257144
01655,"Metropolitan area core: primary flow within an urbanized area of 50,000 and greater",8,162,73.08296413866667,29.385370517333335
01702,"Metropolitan area core: primary flow within an urbanized area of 50,000 and greater",1,132,391.35337086,523.35337086
01730,"Metropolitan area core: primary flow within an urbanized area of 50,000 and greater",1,12,212.438125,224.438125
01742,"Metropolitan area core: primary flow within an urbanized area of 50,000 and greater",2,58,28.422368421,43.2111842105
01752,"Metropolitan area core: primary flow within an urbanized area of 50,000 and greater",1,71,27.283066667,98.283066667
01760,"Metropolitan area core: primary flow within an urbanized area of 50,000 and greater",3,392,227.76965688055557,206.58988562685184
01801,"Metropolitan area core: primary flow within an urbanized area of 50,000 and greater",1,40,29.32,69.32
01805,"Metropolitan area core: primary flow within an urbanized area of 50,000 and greater",14,1436,128.07155622482142,111.71939687320153
01810,"Metropolitan area core: primary flow within an urbanized area of 50,000 and greater",1,12,27.37375,39.37375
01824,"Metropolitan area core: primary flow within an urbanized area of 50,000 and greater",1,64,103.44929167,167.44929166999998
01830,"Metropolitan area core: primary flow within an urbanized area of 50,000 and greater",2,114,261.184188745,187.5920943725
01841,"Metropolitan area core: primary flow within an urbanized area of 50,000 and greater",1,25,27.312592593,52.312592593000005
01843,"Metropolitan area core: primary flow within an urbanized area of 50,000 and greater",1,28,394.02500000000003,422.02500000000003
01845,"Metropolitan area core: primary flow within an urbanized area of 50,000 and greater",1,36,182.12397727500002,218.12397727500002
01852,"Metropolitan area core: primary flow within an urbanized area of 50,000 and greater",2,34,27.361,30.680500000000002
01863,"Metropolitan area core: primary flow within an urbanized area of 50,000 and greater",4,183,307.09700766333333,122.52425191583333
01890,"Metropolitan area core: primary flow within an urbanized area of 50,000 and greater",3,148,142.09910151316666,96.69970050438889
01915,"Metropolitan area core: primary flow within an urbanized area of 50,000 and greater",5,769,411.2579386931428,236.0515877386286
01923,"Metropolitan area core: primary flow within an urbanized area of 50,000 and greater",2,74,144.4931042016,109.2465521008
01944,"Metropolitan area core: primary flow within an urbanized area of 50,000 and greater",1,13,28.78,41.78
01950,"Metropolitan area core: primary flow within an urbanized area of 50,000 and greater",1,29,27.309333333,56.309333333
01960,"Metropolitan area core: primary flow within an urbanized area of 50,000 and greater",6,787,319.2578109083889,184.3763018180648
01970,"Metropolitan area core: primary flow within an urbanized area of 50,000 and greater",1,53,23.192459016,76.192459016
02026,"Metropolitan area core: primary flow within an urbanized area of 50,000 and greater",1,159,373.85879038333337,532.8587903833334
02035,"Metropolitan area core: primary flow within an urbanized area of 50,000 and greater",1,26,32.409,58.409
02043,"Metropolitan area core: primary flow within an urbanized area of 50,000 and greater",1,62,129.2378,191.2378
02062,"Metropolitan area core: primary flow within an urbanized area of 50,000 and greater",1,74,538.294387755,612.294387755
02090,"Metropolitan area core: primary flow within an urbanized area of 50,000 and greater",5,469,290.64104939866667,151.92820987973332
02111,"Metropolitan area core: primary flow within an urbanized area of 50,000 and greater",1,18,89.981969697,107.981969697
02114,"Metropolitan area core: primary flow within an urbanized area of 50,000 and greater",28,1076,75.92429001813889,41.140153214933534
02115,"Metropolitan area core: primary flow within an urbanized area of 50,000 and greater",25,1373,112.7736502987561,59.43094601195025
02118,"Metropolitan area core: primary flow within an urbanized area of 50,000 and greater",6,174,111.89311746175001,47.64885291029167
02120,"Metropolitan area core: primary flow within an urbanized area of 50,000 and greater",6,348,129.83297741127274,79.63882956854546
02124,"Metropolitan area core: primary flow within an urbanized area of 50,000 and greater",4,232,48.3780356508,70.09450891270001
02129,"Metropolitan area core: primary flow within an urbanized area of 50,000 and greater",1,45,99.07432456133334,144.07432456133336
02130,"Metropolitan area core: primary flow within an urbanized area of 50,000 and greater",1,82,99.07359881999999,181.07359881999997
02135,"Metropolitan area core: primary flow within an urbanized area of 50,000 and greater",7,529,194.30498982792855,103.32928426113266
02138,"Metropolitan area core: primary flow within an urbanized area of 50,000 and greater",5,233,190.43030951925,84.68606190385
02139,"Metropolitan area core: primary flow within an urbanized area of 50,000 and greater",1,11,28.78,39.78
02145,"Metropolitan area core: primary flow within an urbanized area of 50,000 and greater",2,24,162.92605263,93.463026315
02155,"Metropolitan area core: primary flow within an urbanized area of 50,000 and greater",1,38,28.78,66.78
02169,"Metropolitan area core: primary flow within an urbanized area of 50,000 and greater",1,28,128.65333333,156.65333333
02180,"Metropolitan area core: primary flow within an urbanized area of 50,000 and greater",3,192,490.47975443200005,227.49325147733336
02184,"Metropolitan area core: primary flow within an urbanized area of 50,000 and greater",2,47,447.94214074,247.47107037
02186,"Metropolitan area core: primary flow within an urbanized area of 50,000 and greater",3,107,64.815525032,57.27184167733333
02190,"Metropolitan area core: primary flow within an urbanized area of 50,000 and greater",3,116,76.5164836604,64.17216122013333
02215,"Metropolitan area core: primary flow within an urbanized area of 50,000 and greater",14,614,124.3644276574,52.74031626124286
02301,"Metropolitan area core: primary flow within an urbanized area of 50,000 and greater",2,63,159.61990875175,111.309954375875
02302,"Metropolitan area core: primary flow within an urbanized area of 50,000 and greater",2,88,65.61759689933332,76.80879844966665
02356,"Metropolitan area core: primary flow within an urbanized area of 50,000 and greater",1,115,124.77692830233332,239.77692830233332
02360,"Metropolitan area core: primary flow within an urbanized area of 50,000 and greater",1,251,300.69873314666665,551.6987331466667
02379,"Metropolitan area core: primary flow within an urbanized area of 50,000 and greater",1,157,280.16368942,437.16368942
02445,"Metropolitan area core: primary flow within an urbanized area of 50,000 and greater",3,320,166.8102464622222,162.27008215407406
02451,"Metropolitan area core: primary flow within an urbanized area of 50,000 and greater",2,171,344.0969147966666,257.5484573983333
02462,"Metropolitan area core: primary flow within an urbanized area of 50,000 and greater",3,262,54.41179088266667,105.47059696088888
02481,"Metropolitan area core: primary flow within an urbanized area of 50,000 and greater",2,284,350.49703946,317.24851973
02537,"Metropolitan area core: primary flow within an urbanized area of 50,000 and greater",1,27,27.28,54.28
02540,"Metropolitan area core: primary flow within an urbanized area of 50,000 and greater",3,217,27.55447132733333,81.5181571091111
02556,"Metropolitan area core: primary flow within an urbanized area of 50,000 and greater",1,121,172.7674210495,293.7674210495
02571,"Metropolitan area core: primary flow within an urbanized area of 50,000 and greater",1,181,158.5227333024,339.5227333024
02601,"Metropolitan area core: primary flow within an urbanized area of 50,000 and greater",3,534,141.45953533986668,225.1531784466222
02703,"Metropolitan area core: primary flow within an urbanized area of 50,000 and greater",3,170,211.01587618725,127.00529206241667
02720,"Metropolitan area core: primary flow within an urbanized area of 50,000 and greater",1,62,27.298857143,89.29885714299999
02721,"Metropolitan area core: primary flow within an urbanized area of 50,000 and greater",1,42,180.03070833499999,222.03070833499999
02740,"Metropolitan area core: primary flow within an urbanized area of 50,000 and greater",2,65,27.0051960785,46.00259803925
02747,"Metropolitan area core: primary flow within an urbanized area of 50,000 and greater",5,191,88.51644220027272,55.90328844005454
02780,"Metropolitan area core: primary flow within an urbanized area of 50,000 and greater",1,34,27.28,61.28
02818,"Metropolitan area core: primary flow within an urbanized area of 50,000 and greater",3,238,373.2002331112,203.7334110370667
02840,"Metropolitan area core: primary flow within an urbanized area of 50,000 and greater",4,172,112.26096923,71.0652423075
02879,"Metropolitan area core: primary flow within an urbanized area of 50,000 and greater",1,15,135.1375,150.1375
02886,"Metropolitan area core: primary flow within an urbanized area of 50,000 and greater",2,69,76.13493092833333,72.56746546416667
02891,"Metropolitan area core: primary flow within an urbanized area of 50,000 and greater",2,167,115.66286957799998,141.33143478899999
02903,"Metropolitan area core: primary flow within an urbanized area of 50,000 and greater",4,134,182.27904790614284,79.06976197653572
02904,"Metropolitan area core: primary flow within an urbanized area of 50,000 and greater",1,11,103.06307692,114.06307692
02906,"Metropolitan area core: primary flow within an urbanized area of 50,000 and greater",2,57,144.71230555666668,100.85615277833334
02914,"Metropolitan area core: primary flow within an urbanized area of 50,000 and greater",5,421,347.3055357228182,153.66110714456363
02917,"Metropolitan area core: primary flow within an urbanized area of 50,000 and greater",1,27,115.22076923,142.22076923
03031,"Metropolitan area core: primary flow within an urbanized area of 50,000 and greater",1,115,74.430413386,189.430413386
03054,"Metropolitan area core: primary flow within an urbanized area of 50,000 and greater",2,96,346.396493055,221.1982465275
03060,"Metropolitan area core: primary flow within an urbanized area of 50,000 and greater",6,278,287.2680292222727,94.2113382037121
03062,"Metropolitan area core: primary flow within an urbanized area of 50,000 and greater",6,343,137.64197988166669,80.10699664694444
03063,"Metropolitan area core: primary flow within an urbanized area of 50,000 and greater",2,48,57.296583333499996,52.64829166675
03079,"Metropolitan area core: primary flow within an urbanized area of 50,000 and greater",2,50,381.69075551500003,215.84537775750002
03101,"Metropolitan area core: primary flow within an urbanized area of 50,000 and greater",1,12,73.484285714,85.484285714
03103,"Metropolitan area core: primary flow within an urbanized area of 50,000 and greater",6,407,277.65017377625,114.10836229604168
03104,"Metropolitan area core: primary flow within an urbanized area of 50,000 and greater",5,169,62.9738041124,46.394760822479995
03110,"Metropolitan area core: primary flow within an urbanized area of 50,000 and greater",10,368,146.49490098899997,51.44949009889999
03246,"Micropolitan area core: primary flow within an urban cluster of 10,000 to 49,999",1,44,22.798409091,66.798409091
03301,"Micropolitan area core: primary flow within an urban cluster of 10,000 to 49,999",19,652,171.71895805292309,43.35362937120648
03431,"Micropolitan area core: primary flow within an urban cluster of 10,000 to 49,999",2,116,96.77967766075001,106.389838830375
03458,"Small town core: primary flow within an urban cluster of 2,500 to 9,999",1,53,166.9631111123333,219.9631111123333
03756,"Micropolitan area core: primary flow within an urban cluster of 10,000 to 49,999",15,1118,119.23509215270967,82.48233947684732
03801,"Metropolitan area core: primary flow within an urbanized area of 50,000 and greater",5,858,340.9345696084706,239.78691392169412
03820,"Metropolitan area core: primary flow within an urbanized area of 50,000 and greater",4,336,140.18564572475,119.0464114311875
03825,"Metropolitan area low commuting: primary flow 10% to <30% to a urbanized area of 50,000 and greater",3,339,298.8414051965,212.61380173216665
03833,"Metropolitan area core: primary flow within an urbanized area of 50,000 and greater",6,280,105.58383159633334,64.26397193272221
03860,"Small town core: primary flow within an urban cluster of 2,500 to 9,999",1,88,321.8814713066667,409.8814713066667
03867,"Metropolitan area core: primary flow within an urbanized area of 50,000 and greater",1,38,26.005,64.005
03870,"Metropolitan area core: primary flow within an urbanized area of 50,000 and greater",1,75,834.04222222,909.04222222
03878,"Metropolitan area core: primary flow within an urbanized area of 50,000 and greater",3,56,238.64999550225,98.21666516741668
03909,"Metropolitan area core: primary flow within an urbanized area of 50,000 and greater",1,74,103.94,177.94
04073,"Micropolitan area core: primary flow within an urban cluster of 10,000 to 49,999",2,166,184.432639001,175.2163195005
04074,"Metropolitan area core: primary flow within an urbanized area of 50,000 and greater",3,222,294.7133503642857,172.2377834547619
04102,"Metropolitan area core: primary flow within an urbanized area of 50,000 and greater",8,497,131.58570528778947,78.57321316097368
04103,"Metropolitan area core: primary flow within an urbanized area of 50,000 and greater",1,35,22.800789474,57.800789474
04105,"Metropolitan area core: primary flow within an urbanized area of 50,000 and greater",4,116,23.71804446775,34.9295111169375
04106,"Metropolitan area core: primary flow within an urbanized area of 50,000 and greater",1,25,118.77294118,143.77294118
04210,"Metropolitan area core: primary flow within an urbanized area of 50,000 and greater",2,112,189.45085067542854,150.72542533771428
04240,"Metropolitan area core: primary flow within an urbanized area of 50,000 and greater",1,166,117.60043584539999,283.6004358454
04268,"Small town core: primary flow within an urban cluster of 2,500 to 9,999",1,11,21.693846154,32.693846154
04401,"Metropolitan area core: primary flow within an urbanized area of 50,000 and greater",12,574,199.41349445228,64.45112453769
04769,"Small town core: primary flow within an urban cluster of 2,500 to 9,999",1,46,116.31666666666666,162.31666666666666
04915,"Small town core: primary flow within an urban cluster of 2,500 to 9,999",1,14,26.0,40.0
05255,"Rural areas: primary flow to a tract outside a urbanized area of 50,000 and greater or UC",1,76,436.73648844,512.73648844
05301,"Small town core: primary flow within an urban cluster of 2,500 to 9,999",3,133,59.47307154033333,64.15769051344445
05401,"Metropolitan area core: primary flow within an urbanized area of 50,000 and greater",11,541,154.95756185085713,63.26886925916883
05445,"Metropolitan area high commuting: primary flow 30% or more to a urbanized area of 50,000 and greater",1,27,26.05,53.05
05446,"Metropolitan area core: primary flow within an urbanized area of 50,000 and greater",1,166,134.10511138639998,300.1051113864
05478,"Secondary flow 30% to <50% to a urbanized area of 50,000 and greater",1,17,22.161176471,39.161176471000005
05495,"Metropolitan area core: primary flow within an urbanized area of 50,000 and greater",2,131,276.85144486,203.92572243
05602,"Micropolitan area core: primary flow within an urban cluster of 10,000 to 49,999",3,101,103.19034237916667,68.06344745972223
05701,"Micropolitan area core: primary flow within an urban cluster of 10,000 to 49,999",1,42,120.2976086945,162.2976086945
06030,"Metropolitan area core: primary flow within an urbanized area of 50,000 and greater",3,162,28.357115247499998,63.452371749166666
06032,"Metropolitan area core: primary flow within an urbanized area of 50,000 and greater",1,52,528.79958145,580.79958145
06062,"Metropolitan area core: primary flow within an urbanized area of 50,000 and greater",1,22,355.55366872999997,377.55366872999997
06067,"Metropolitan area core: primary flow within an urbanized area of 50,000 and greater",1,97,827.851225105,924.851225105
06070,"Metropolitan area core: primary flow within an urbanized area of 50,000 and greater",1,21,26.443636364,47.443636364
06106,"Metropolitan area core: primary flow within an urbanized area of 50,000 and greater",6,306,134.4320270621,73.40533784368334
06112,"Metropolitan area core: primary flow within an urbanized area of 50,000 and greater",1,11,127.47875,138.47875
06254,"Metropolitan area high commuting: primary flow 30% or more to a urbanized area of 50,000 and greater",5,116,126.950644388,48.5901288776
06320,"Metropolitan area core: primary flow within an urbanized area of 50,000 and greater",3,203,92.95474728159999,98.65158242720001
06357,"Metropolitan area core: primary flow within an urbanized area of 50,000 and greater",1,12,127.29307692,139.29307692
06360,"Metropolitan area core: primary flow within an urbanized area of 50,000 and greater",1,12,28.06,40.06
06385,"Metropolitan area core: primary flow within an urbanized area of 50,000 and greater",1,332,487.463001169,819.463001169
06405,"Metropolitan area core: primary flow within an urbanized area of 50,000 and greater",1,26,127.26,153.26
06410,"Metropolitan area core: primary flow within an urbanized area of 50,000 and greater",1,56,535.77651515,591.77651515
06437,"Metropolitan area core: primary flow within an urbanized area of 50,000 and greater",2,74,126.61458547500001,100.3072927375
06457,"Metropolitan area core: primary flow within an urbanized area of 50,000 and greater",5,73,266.396222944,67.87924458879999
06460,"Metropolitan area core: primary flow within an urbanized area of 50,000 and greater",2,31,127.26,79.13
06461,"Metropolitan area core: primary flow within an urbanized area of 50,000 and greater",1,12,680.06521739,692.06521739
06470,"Metropolitan area core: primary flow within an urbanized area of 50,000 and greater",1,162,537.4276810525,699.4276810525
06475,"Metropolitan area core: primary flow within an urbanized area of 50,000 and greater",1,19,28.567142857,47.567142857
06488,"Metropolitan area core: primary flow within an urbanized area of 50,000 and greater",1,11,28.088333333,39.088333333
06492,"Metropolitan area core: primary flow within an urbanized area of 50,000 and greater",3,131,332.44578199833336,154.4819273327778
06510,"Metropolitan area core: primary flow within an urbanized area of 50,000 and greater",7,365,288.2892014876364,93.32702878394805
06511,"Metropolitan area core: primary flow within an urbanized area of 50,000 and greater",1,17,28.57,45.57
06518,"Metropolitan area core: primary flow within an urbanized area of 50,000 and greater",6,143,275.37532687875,69.72922114645833
06610,"Metropolitan area core: primary flow within an urbanized area of 50,000 and greater",2,114,26.696746795,70.3483733975
06611,"Metropolitan area core: primary flow within an urbanized area of 50,000 and greater",2,90,343.3265664925,216.66328324625
06708,"Metropolitan area core: primary flow within an urbanized area of 50,000 and greater",4,448,353.84653885583333,200.46163471395835
06762,"Metropolitan area core: primary flow within an urbanized area of 50,000 and greater",6,355,334.728695536,114.95478258933333
06790,"Micropolitan area core: primary flow within an urban cluster of 10,000 to 49,999",1,32,127.33,159.32999999999998
06804,"Metropolitan area core: primary flow within an urbanized area of 50,000 and greater",2,208,334.7657188333333,271.38285941666663
06810,"Metropolitan area core: primary flow within an urbanized area of 50,000 and greater",9,534,315.53404207094445,94.39267134121604
06820,"Metropolitan area core: primary flow within an urbanized area of 50,000 and greater",1,11,65.888305085,76.888305085
06831,"Metropolitan area core: primary flow within an urbanized area of 50,000 and greater",1,60,130.365,190.365
06851,"Metropolitan area core: primary flow within an urbanized area of 50,000 and greater",1,64,343.86712415333335,407.86712415333335
06880,"Metropolitan area core: primary flow within an urbanized area of 50,000 and greater",1,15,127.26,142.26
06897,"Metropolitan area core: primary flow within an urbanized area of 50,000 and greater",1,17,664.60575758,681.60575758
06902,"Metropolitan area core: primary flow within an urbanized area of 50,000 and greater",4,188,439.16873909739996,156.79218477435
06904,"Metropolitan area core: primary flow within an urbanized area of 50,000 and greater",1,49,317.3273789166667,366.3273789166667
06905,"Metropolitan area core: primary flow within an urbanized area of 50,000 and greater",1,23,733.19116279,756.19116279
07001,"Metropolitan area core: primary flow within an urbanized area of 50,000 and greater",1,22,130.66904762,152.66904762
07002,"Metropolitan area core: primary flow within an urbanized area of 50,000 and greater",2,181,258.4872144725,219.74360723625
07010,"Metropolitan area core: primary flow within an urbanized area of 50,000 and greater",1,26,393.99199999999996,419.99199999999996
07012,"Metropolitan area core: primary flow within an urbanized area of 50,000 and greater",1,158,395.46014913666664,553.4601491366666
07013,"Metropolitan area core: primary flow within an urbanized area of 50,000 and greater",8,292,350.914386314,80.36429828925
07020,"Metropolitan area core: primary flow within an urbanized area of 50,000 and greater",1,19,169.37582822,188.37582822
07024,"Metropolitan area core: primary flow within an urbanized area of 50,000 and greater",1,49,873.479332015,922.479332015
07030,"Metropolitan area core: primary flow within an urbanized area of 50,000 and greater",1,26,135.315,161.315
07036,"Metropolitan area core: primary flow within an urbanized area of 50,000 and greater",1,11,879.5825,890.5825
07039,"Metropolitan area core: primary flow within an urbanized area of 50,000 and greater",1,108,202.52927601,310.52927601
07041,"Metropolitan area core: primary flow within an urbanized area of 50,000 and greater",2,85,431.517876375,258.2589381875
07047,"Metropolitan area core: primary flow within an urbanized area of 50,000 and greater",1,15,176.76705882,191.76705882
07052,"Metropolitan area core: primary flow within an urbanized area of 50,000 and greater",1,62,822.510265425,884.510265425
07054,"Metropolitan area core: primary flow within an urbanized area of 50,000 and greater",5,321,291.3681238416923,122.47362476833845
07069,"Metropolitan area core: primary flow within an urbanized area of 50,000 and greater",2,109,166.426926624,137.713463312
07070,"Metropolitan area core: primary flow within an urbanized area of 50,000 and greater",2,44,455.496929825,249.7484649125
07083,"Metropolitan area core: primary flow within an urbanized area of 50,000 and greater",2,84,369.3145825518333,226.65729127591666
07093,"Metropolitan area core: primary flow within an urbanized area of 50,000 and greater",1,76,313.47458615,389.47458615
07103,"Metropolitan area core: primary flow within an urbanized area of 50,000 and greater",3,59,313.4961878475,124.16539594916667
07109,"Metropolitan area core: primary flow within an urbanized area of 50,000 and greater",2,88,488.384594595,288.1922972975
07110,"Metropolitan area core: primary flow within an urbanized area of 50,000 and greater",1,34,135.85141361,169.85141361
07202,"Metropolitan area core: primary flow within an urbanized area of 50,000 and greater",1,12,132.07586207,144.07586207
07302,"Metropolitan area core: primary flow within an urbanized area of 50,000 and greater",1,11,29.465,40.465
07306,"Metropolitan area core: primary flow within an urbanized area of 50,000 and greater",1,13,924.93222222,937.93222222
07405,"Metropolitan area core: primary flow within an urbanized area of 50,000 and greater",1,53,148.33647157200002,201.33647157200002
07410,"Metropolitan area core: primary flow within an urbanized area of 50,000 and greater",2,155,303.738287036625,229.3691435183125
07417,"Metropolitan area core: primary flow within an urbanized area of 50,000 and greater",2,42,135.75,88.875
07424,"Metropolitan area core: primary flow within an urbanized area of 50,000 and greater",1,30,924.98155556,954.98155556
07432,"Metropolitan area core: primary flow within an urbanized area of 50,000 and greater",2,172,135.75261394,153.87630697
07446,"Metropolitan area core: primary flow within an urbanized area of 50,000 and greater",1,30,925.01244444,955.01244444
07450,"Metropolitan area core: primary flow within an urbanized area of 50,000 and greater",1,15,29.305333333,44.305333333
07470,"Metropolitan area core: primary flow within an urbanized area of 50,000 and greater",3,88,404.85666666666674,164.2855555555556
07503,"Metropolitan area core: primary flow within an urbanized area of 50,000 and greater",2,99,29.26,64.13
07601,"Metropolitan area core: primary flow within an urbanized area of 50,000 and greater",5,316,288.50213294210005,120.90042658842
07607,"Metropolitan area core: primary flow within an urbanized area of 50,000 and greater",2,97,450.507960415,273.75398020750004
07630,"Metropolitan area core: primary flow within an urbanized area of 50,000 and greater",1,30,222.85346154,252.85346154
07631,"Metropolitan area core: primary flow within an urbanized area of 50,000 and greater",2,91,374.97093190133336,232.98546595066668
07632,"Metropolitan area core: primary flow within an urbanized area of 50,000 and greater",1,70,138.28494358666669,208.28494358666669
07645,"Metropolitan area core: primary flow within an urbanized area of 50,000 and greater",2,27,799.7943333349999,413.39716666749996
07649,"Metropolitan area core: primary flow within an urbanized area of 50,000 and greater",1,79,202.20640193833333,281.20640193833333
07652,"Metropolitan area core: primary flow within an urbanized area of 50,000 and greater",4,119,158.3014311272,69.3253577818
07663,"Metropolitan area core: primary flow within an urbanized area of 50,000 and greater",1,12,830.31,842.31
07666,"Metropolitan area core: primary flow within an urbanized area of 50,000 and greater",1,23,895.03862069,918.03862069
07701,"Metropolitan area core: primary flow within an urbanized area of 50,000 and greater",10,518,155.2776910453684,67.32776910453684
07702,"Metropolitan area core: primary flow within an urbanized area of 50,000 and greater",3,298,467.4324063593636,255.14413545312118
07712,"Metropolitan area core: primary flow within an urbanized area of 50,000 and greater",1,15,129.49,144.49
07719,"Metropolitan area core: primary flow within an urbanized area of 50,000 and greater",3,930,319.2484055869,416.41613519563333
07724,"Metropolitan area core: primary flow within an urbanized area of 50,000 and greater",4,137,269.6618809525,101.665470238125
07726,"Metropolitan area core: primary flow within an urbanized area of 50,000 and greater",1,65,713.7418009749999,778.7418009749999
07728,"Metropolitan area core: primary flow within an urbanized area of 50,000 and greater",4,240,486.95300432666664,181.73825108166665
07730,"Metropolitan area core: primary flow within an urbanized area of 50,000 and greater",1,17,129.97952381,146.97952381
07733,"Metropolitan area core: primary flow within an urbanized area of 50,000 and greater",1,19,127.24111111,146.24111111000002
07739,"Metropolitan area core: primary flow within an urbanized area of 50,000 and greater",1,28,131.58238095,159.58238095
07746,"Metropolitan area core: primary flow within an urbanized area of 50,000 and greater",1,22,28.152,50.152
07747,"Metropolitan area core: primary flow within an urbanized area of 50,000 and greater",1,40,410.41627778000003,450.41627778000003
07748,"Metropolitan area core: primary flow within an urbanized area of 50,000 and greater",1,16,701.82466667,717.82466667
07751,"Metropolitan area core: primary flow within an urbanized area of 50,000 and greater",2,139,132.63430815499999,135.8171540775
07753,"Metropolitan area core: primary flow within an urbanized area of 50,000 and greater",1,57,809.8202301199999,866.8202301199999
07755,"Metropolitan area core: primary flow within an urbanized area of 50,000 and greater",1,21,130.77,151.77
07834,"Metropolitan area core: primary flow within an urbanized area of 50,000 and greater",1,46,355.41901961,401.41901961
07840,"Metropolitan area core: primary flow within an urbanized area of 50,000 and greater",2,93,393.8009252625,243.40046263125
07860,"Metropolitan area high commuting: primary flow 30% or more to a urbanized area of 50,000 and greater",2,136,232.9059111748,184.4529555874
07871,"Metropolitan area core: primary flow within an urbanized area of 50,000 and greater",2,43,853.050314285,448.0251571425
07901,"Metropolitan area core: primary flow within an urbanized area of 50,000 and greater",1,22,29.114827586,51.114827586000004
07920,"Metropolitan area core: primary flow within an urbanized area of 50,000 and greater",2,92,458.24270772,275.12135386
07922,"Metropolitan area core: primary flow within an urbanized area of 50,000 and greater",1,64,396.28620044333337,460.28620044333337
07932,"Metropolitan area core: primary flow within an urbanized area of 50,000 and greater",3,76,493.36927648,189.78975882666668
07960,"Metropolitan area core: primary flow within an urbanized area of 50,000 and greater",3,130,159.03744166083334,96.34581388694444
07974,"Metropolitan area core: primary flow within an urbanized area of 50,000 and greater",1,21,170.68635593,191.68635593
08002,"Metropolitan area core: primary flow within an urbanized area of 50,000 and greater",1,44,682.56428571,726.56428571
08003,"Metropolitan area core: primary flow within an urbanized area of 50,000 and greater",1,32,659.57949153,691.57949153
08005,"Metropolitan area core: primary flow within an urbanized area of 50,000 and greater",1,32,168.5740625,200.5740625
08012,"Metropolitan area core: primary flow within an urbanized area of 50,000 and greater",1,76,293.81437562,369.81437562
08034,"Metropolitan area core: primary flow within an urbanized area of 50,000 and greater",2,65,173.92322511825,119.461612559125
08036,"Metropolitan area core: primary flow within an urbanized area of 50,000 and greater",2,152,430.36382967833333,291.18191483916667
08037,"Micropolitan area core: primary flow within an urban cluster of 10,000 to 49,999",2,104,174.84317413579998,139.4215870679
08043,"Metropolitan area core: primary flow within an urbanized area of 50,000 and greater",1,194,168.3339573936,362.33395739360003
08053,"Metropolitan area core: primary flow within an urbanized area of 50,000 and greater",8,347,283.03973031625003,78.75496628953125
08054,"Metropolitan area core: primary flow within an urbanized area of 50,000 and greater",3,144,467.6568317898,203.8856105966
08057,"Metropolitan area core: primary flow within an urbanized area of 50,000 and greater",3,279,385.69944124125,221.56648041375
08070,"Metropolitan area core: primary flow within an urbanized area of 50,000 and greater",1,25,413.36502262500005,438.36502262500005
08080,"Metropolitan area core: primary flow within an urbanized area of 50,000 and greater",5,217,452.04015028888887,133.80803005777778
08086,"Metropolitan area core: primary flow within an urbanized area of 50,000 and greater",1,171,137.5411225976,308.5411225976
08087,"Metropolitan area high commuting: primary flow 30% or more to a urbanized area of 50,000 and greater",1,34,658.88983051,692.88983051
08097,"Metropolitan area core: primary flow within an urbanized area of 50,000 and greater",1,14,28.372857143,42.372857143000004
08103,"Metropolitan area core: primary flow within an urbanized area of 50,000 and greater",4,215,154.5521132887778,92.38802832219446
08205,"Metropolitan area core: primary flow within an urbanized area of 50,000 and greater",4,129,191.616885895,80.15422147375
08210,"Metropolitan area core: primary flow within an urbanized area of 50,000 and greater",1,86,132.263933335,218.263933335
08221,"Metropolitan area core: primary flow within an urbanized area of 50,000 and greater",2,96,169.21038387925,132.605191939625
08225,"Metropolitan area core: primary flow within an urbanized area of 50,000 and greater",3,141,312.3529811825,151.11766039416668
08234,"Metropolitan area core: primary flow within an urbanized area of 50,000 and greater",7,453,321.41738835633333,110.63105547947619
08240,"Metropolitan area core: primary flow within an urbanized area of 50,000 and greater",1,20,231.1196,251.1196
08244,"Metropolitan area core: primary flow within an urbanized area of 50,000 and greater",1,35,696.99969697,731.99969697
08360,"Metropolitan area core: primary flow within an urbanized area of 50,000 and greater",8,189,288.38698175254547,59.67337271906818
08361,"Metropolitan area core: primary flow within an urbanized area of 50,000 and greater",1,44,110.04,154.04000000000002
08505,"Metropolitan area core: primary flow within an urbanized area of 50,000 and greater",1,55,358.13440562233336,413.13440562233336
08520,"Metropolitan area high commuting: primary flow 30% or more to a urbanized area of 50,000 and greater",1,112,489.97701364249997,601.9770136425
08536,"Metropolitan area core: primary flow within an urbanized area of 50,000 and greater",1,59,191.65230392349997,250.65230392349997
08540,"Metropolitan area core: primary flow within an urbanized area of 50,000 and greater",4,102,355.1971533574,114.29928833935
08554,"Metropolitan area core: primary flow within an urbanized area of 50,000 and greater",1,13,22.445714286,35.445714286
08619,"Metropolitan area core: primary flow within an urbanized area of 50,000 and greater",1,22,560.283461535,582.283461535
08648,"Metropolitan area core: primary flow within an urbanized area of 50,000 and greater",4,129,380.30644635,127.3266115875
08690,"Metropolitan area core: primary flow within an urbanized area of 50,000 and greater",1,167,293.17515065333333,460.17515065333333
08691,"Metropolitan area core: primary flow within an urbanized area of 50,000 and greater",6,143,67.40069138125,35.066781896875
08701,"Metropolitan area core: primary flow within an urbanized area of 50,000 and greater",4,359,525.0038412166667,221.00096030416668
08723,"Metropolitan area core: primary flow within an urbanized area of 50,000 and greater",3,240,281.7641100516,173.92137001720002
08724,"Metropolitan area core: primary flow within an urbanized area of 50,000 and greater",2,37,198.043089285,117.5215446425
08736,"Metropolitan area core: primary flow within an urbanized area of 50,000 and greater",2,56,161.27252406,108.63626203
08742,"Metropolitan area core: primary flow within an urbanized area of 50,000 and greater",2,38,148.52996031866667,93.26498015933333
08753,"Metropolitan area core: primary flow within an urbanized area of 50,000 and greater",1,42,697.08178082,739.08178082
08755,"Metropolitan area core: primary flow within an urbanized area of 50,000 and greater",7,389,195.1244560456154,83.44635086365933
08759,"Metropolitan area core: primary flow within an urbanized area of 50,000 and greater",6,944,293.76696245273683,206.2944937421228
08807,"Metropolitan area core: primary flow within an urbanized area of 50,000 and greater",1,93,798.72022222,891.72022222
08816,"Metropolitan area core: primary flow within an urbanized area of 50,000 and greater",8,166,67.618409391625,29.202301173953124
08817,"Metropolitan area core: primary flow within an urbanized area of 50,000 and greater",1,30,153.877997199,183.877997199
08820,"Metropolitan area core: primary flow within an urbanized area of 50,000 and greater",3,49,29.23,26.076666666666668
08822,"Metropolitan area core: primary flow within an urbanized area of 50,000 and greater",4,142,225.31021420516666,91.82755355129166
08835,"Metropolitan area core: primary flow within an urbanized area of 50,000 and greater",1,12,117.9244,129.9244
08837,"Metropolitan area core: primary flow within an urbanized area of 50,000 and greater",5,170,284.25729261333333,90.85145852266666
08840,"Metropolitan area core: primary flow within an urbanized area of 50,000 and greater",2,145,330.33154521,237.665772605
08857,"Metropolitan area core: primary flow within an urbanized area of 50,000 and greater",1,30,828.50666667,858.50666667
08859,"Metropolitan area core: primary flow within an urbanized area of 50,000 and greater",1,83,332.41391993,415.41391993
08865,"Metropolitan area core: primary flow within an urbanized area of 50,000 and greater",2,66,82.37026666675,74.185133333375
08873,"Metropolitan area core: primary flow within an urbanized area of 50,000 and greater",7,240,196.12197702645454,62.303139575207794
08876,"Metropolitan area core: primary flow within an urbanized area of 50,000 and greater",1,11,686.43608696,697.43608696
08879,"Metropolitan area core: primary flow within an urbanized area of 50,000 and greater",2,57,426.284032258,241.642016129
10001,"Metropolitan area core: primary flow within an urbanized area of 50,000 and greater",2,107,336.4879614775,221.74398073875
10003,"Metropolitan area core: primary flow within an urbanized area of 50,000 and greater",3,141,39.36824925075,60.12274975025
10004,"Metropolitan area core: primary flow within an urbanized area of 50,000 and greater",1,157,599.37928919,756.37928919
10005,"Metropolitan area core: primary flow within an urbanized area of 50,000 and greater",1,109,151.72302322800002,260.723023228
10006,"Metropolitan area core: primary flow within an urbanized area of 50,000 and greater",2,365,273.4281997025,319.21409985125
10007,"Metropolitan area core: primary flow within an urbanized area of 50,000 and greater",6,574,406.2653111575217,163.37755185958693
10010,"Metropolitan area core: primary flow within an urbanized area of 50,000 and greater",2,33,489.76221726200004,261.381108631
10011,"Metropolitan area core: primary flow within an urbanized area of 50,000 and greater",1,15,137.13190476,152.13190476
10013,"Metropolitan area core: primary flow within an urbanized area of 50,000 and greater",1,79,317.417664,396.417664
10016,"Metropolitan area core: primary flow within an urbanized area of 50,000 and greater",8,387,178.6869125569375,70.71086406961719
10017,"Metropolitan area core: primary flow within an urbanized area of 50,000 and greater",7,411,240.79032494815385,93.11290356402198
10019,"Metropolitan area core: primary flow within an urbanized area of 50,000 and greater",5,238,385.55625976833335,124.71125195366668
10021,"Metropolitan area core: primary flow within an urbanized area of 50,000 and greater",15,574,152.70158695092306,48.446772463394865
10022,"Metropolitan area core: primary flow within an urbanized area of 50,000 and greater",5,243,403.27388774454545,129.2547775489091
10024,"Metropolitan area core: primary flow within an urbanized area of 50,000 and greater",1,26,141.74029412,167.74029412
10028,"Metropolitan area core: primary flow within an urbanized area of 50,000 and greater",2,70,177.2957918366667,123.64789591833335
10029,"Metropolitan area core: primary flow within an urbanized area of 50,000 and greater",9,298,354.04908770500003,72.44989863388889
10032,"Metropolitan area core: primary flow within an urbanized area of 50,000 and greater",11,559,286.9038041480952,76.90034583164503
10038,"Metropolitan area core: primary flow within an urbanized area of 50,000 and greater",1,15,140.20653846,155.20653846
10044,"Metropolitan area core: primary flow within an urbanized area of 50,000 and greater",1,11,30.25,41.25
10065,"Metropolitan area core: primary flow within an urbanized area of 50,000 and greater",13,969,336.80027907805555,100.44617531369659
10122,"Metropolitan area core: primary flow within an urbanized area of 50,000 and greater",1,52,111.72647887,163.72647887
10128,"Metropolitan area core: primary flow within an urbanized area of 50,000 and greater",1,109,29.981891892,138.981891892
10304,"Metropolitan area core: primary flow within an urbanized area of 50,000 and greater",3,101,249.52974676999997,116.84324892333332
10305,"Metropolitan area core: primary flow within an urbanized area of 50,000 and greater",6,804,304.98116957784214,184.83019492964036
10306,"Metropolitan area core: primary flow within an urbanized area of 50,000 and greater",1,68,394.3574273166667,462.3574273166667
10314,"Metropolitan area core: primary flow within an urbanized area of 50,000 and greater",2,181,252.56827650283333,216.78413825141666
10457,"Metropolitan area core: primary flow within an urbanized area of 50,000 and greater",1,20,194.7745,214.7745
10461,"Metropolitan area core: primary flow within an urbanized area of 50,000 and greater",3,94,357.3623490575,150.4541163525
10467,"Metropolitan area core: primary flow within an urbanized area of 50,000 and greater",4,92,85.0686666674,44.26716666685
10509,"Metropolitan area core: primary flow within an urbanized area of 50,000 and greater",1,84,126.54491228,210.54491228
10512,"Metropolitan area core: primary flow within an urbanized area of 50,000 and greater",5,189,287.514616905,95.302923381
10522,"Metropolitan area core: primary flow within an urbanized area of 50,000 and greater",1,18,139.7497619,157.7497619
10528,"Metropolitan area core: primary flow within an urbanized area of 50,000 and greater",1,146,430.6015753633333,576.6015753633333
10530,"Metropolitan area core: primary flow within an urbanized area of 50,000 and greater",1,35,140.5222807,175.5222807
10549,"Metropolitan area core: primary flow within an urbanized area of 50,000 and greater",6,146,220.72928356757143,61.1215472612619
10567,"Metropolitan area core: primary flow within an urbanized area of 50,000 and greater",1,15,142.45,157.45
10577,"Metropolitan area core: primary flow within an urbanized area of 50,000 and greater",2,34,84.6875833335,59.34379166675
10589,"Metropolitan area core: primary flow within an urbanized area of 50,000 and greater",1,35,138.49,173.49
10591,"Metropolitan area core: primary flow within an urbanized area of 50,000 and greater",1,36,453.345714285,489.345714285
10595,"Metropolitan area core: primary flow within an urbanized area of 50,000 and greater",2,57,350.1316071425,203.56580357125
10598,"Metropolitan area core: primary flow within an urbanized area of 50,000 and greater",1,12,743.57296296,755.57296296
10604,"Metropolitan area core: primary flow within an urbanized area of 50,000 and greater",5,172,216.94393473722224,77.78878694744444
10701,"Metropolitan area core: primary flow within an urbanized area of 50,000 and greater",1,46,145.9508823525,191.9508823525
10708,"Metropolitan area core: primary flow within an urbanized area of 50,000 and greater",1,22,24.852,46.852000000000004
10710,"Metropolitan area core: primary flow within an urbanized area of 50,000 and greater",1,13,142.79631579,155.79631579
10801,"Metropolitan area core: primary flow within an urbanized area of 50,000 and greater",1,12,136.68666667,148.68666667
10803,"Metropolitan area core: primary flow within an urbanized area of 50,000 and greater",1,703,140.17376996,843.17376996
10901,"Metropolitan area core: primary flow within an urbanized area of 50,000 and greater",1,16,230.82944444,246.82944444
10940,"Metropolitan area core: primary flow within an urbanized area of 50,000 and greater",2,70,81.53568182000001,75.76784091
10941,"Metropolitan area core: primary flow within an urbanized area of 50,000 and greater",3,226,301.80101608,175.93367202666664
10952,"Metropolitan area core: primary flow within an urbanized area of 50,000 and greater",1,64,145.0254674785,209.0254674785
10954,"Metropolitan area core: primary flow within an urbanized area of 50,000 and greater",1,46,152.5872916666667,198.5872916666667
10965,"Metropolitan area core: primary flow within an urbanized area of 50,000 and greater",1,66,439.36227273,505.36227273
10973,"Metropolitan area core: primary flow within an urbanized area of 50,000 and greater",1,13,27.393076923,40.393076922999995
11021,"Metropolitan area core: primary flow within an urbanized area of 50,000 and greater",4,190,301.7580354371429,122.93950885928572
11030,"Metropolitan area core: primary flow within an urbanized area of 50,000 and greater",3,61,66.65007936666667,42.55002645555556
11040,"Metropolitan area core: primary flow within an urbanized area of 50,000 and greater",1,39,334.2985882333333,373.2985882333333
11042,"Metropolitan area core: primary flow within an urbanized area of 50,000 and greater",4,452,401.59393301308336,213.39848325327085
11102,"Metropolitan area core: primary flow within an urbanized area of 50,000 and greater",1,147,139.83597183,286.83597183
11201,"Metropolitan area core: primary flow within an urbanized area of 50,000 and greater",2,88,392.47764180333337,240.23882090166668
11203,"Metropolitan area core: primary flow within an urbanized area of 50,000 and greater",4,154,282.7428776096,109.1857194024
11204,"Metropolitan area core: primary flow within an urbanized area of 50,000 and greater",2,23,473.06560606,248.03280303
11209,"Metropolitan area core: primary flow within an urbanized area of 50,000 and greater",3,395,350.52919801375003,248.50973267125002
11212,"Metropolitan area core: primary flow within an urbanized area of 50,000 and greater",2,589,138.06890217,363.534451085
11214,"Metropolitan area core: primary flow within an urbanized area of 50,000 and greater",2,780,359.9423742407,569.97118712035
11217,"Metropolitan area core: primary flow within an urbanized area of 50,000 and greater",1,11,141.18272727,152.18272727
11219,"Metropolitan area core: primary flow within an urbanized area of 50,000 and greater",1,13,127.53266667,140.53266667
11220,"Metropolitan area core: primary flow within an urbanized area of 50,000 and greater",3,170,103.26255069333335,91.08751689777779
11223,"Metropolitan area core: primary flow within an urbanized area of 50,000 and greater",5,240,247.37294271000002,97.474588542
11224,"Metropolitan area core: primary flow within an urbanized area of 50,000 and greater",2,377,414.40810461625,395.70405230812503
11229,"Metropolitan area core: primary flow within an urbanized area of 50,000 and greater",2,98,377.17011111000005,237.58505555500003
11230,"Metropolitan area core: primary flow within an urbanized area of 50,000 and greater",1,59,140.48771429,199.48771429
11231,"Metropolitan area core: primary flow within an urbanized area of 50,000 and greater",1,14,26.287857143,40.287857143
11235,"Metropolitan area core: primary flow within an urbanized area of 50,000 and greater",6,993,317.8726521515385,218.47877535858973
11355,"Metropolitan area core: primary flow within an urbanized area of 50,000 and greater",2,37,407.9898879533334,222.4949439766667
11358,"Metropolitan area core: primary flow within an urbanized area of 50,000 and greater",1,324,625.596367645,949.596367645
11366,"Metropolitan area core: primary flow within an urbanized area of 50,000 and greater",1,71,334.51422098666666,405.51422098666666
11367,"Metropolitan area core: primary flow within an urbanized area of 50,000 and greater",1,116,334.86147059,450.86147059
11373,"Metropolitan area core: primary flow within an urbanized area of 50,000 and greater",1,14,140.385,154.385
11374,"Metropolitan area core: primary flow within an urbanized area of 50,000 and greater",2,208,274.13116554,241.06558277
11375,"Metropolitan area core: primary flow within an urbanized area of 50,000 and greater",2,121,212.83758454,166.91879226999998
11415,"Metropolitan area core: primary flow within an urbanized area of 50,000 and greater",1,26,252.43384615,278.43384615
11423,"Metropolitan area core: primary flow within an urbanized area of 50,000 and greater",1,40,318.84090908999997,358.84090908999997
11432,"Metropolitan area core: primary flow within an urbanized area of 50,000 and greater",1,56,26.816065574,82.81606557399999
11520,"Metropolitan area core: primary flow within an urbanized area of 50,000 and greater",1,38,528.267132035,566.267132035
11530,"Metropolitan area core: primary flow within an urbanized area of 50,000 and greater",3,131,609.249408536,246.74980284533333
11548,"Metropolitan area core: primary flow within an urbanized area of 50,000 and greater",2,67,448.563735615,257.7818678075
11554,"Metropolitan area core: primary flow within an urbanized area of 50,000 and greater",5,134,275.7220485444444,81.94440970888888
11563,"Metropolitan area core: primary flow within an urbanized area of 50,000 and greater",1,41,764.11267606,805.11267606
11566,"Metropolitan area core: primary flow within an urbanized area of 50,000 and greater",1,28,257.546,285.546
11570,"Metropolitan area core: primary flow within an urbanized area of 50,000 and greater",3,238,291.00809584088887,176.33603194696298
11576,"Metropolitan area core: primary flow within an urbanized area of 50,000 and greater",2,137,143.56283918325,140.281419591625
11691,"Metropolitan area core: primary flow within an urbanized area of 50,000 and greater",1,28,223.86867647,251.86867647
11702,"Metropolitan area core: primary flow within an urbanized area of 50,000 and greater",6,1560,435.6590454337353,332.60984090562255
11704,"Metropolitan area core: primary flow within an urbanized area of 50,000 and greater",1,383,133.4366476,516.4366476
11706,"Metropolitan area core: primary flow within an urbanized area of 50,000 and greater",4,321,233.32810376991668,138.58202594247916
11725,"Metropolitan area core: primary flow within an urbanized area of 50,000 and greater",1,36,205.297291665,241.297291665
11727,"Metropolitan area core: primary flow within an urbanized area of 50,000 and greater",1,17,256.71688073,273.71688073
11733,"Metropolitan area core: primary flow within an urbanized area of 50,000 and greater",4,171,116.13108460957143,71.78277115239285
11735,"Metropolitan area core: primary flow within an urbanized area of 50,000 and greater",2,147,231.15938529857144,189.07969264928573
11743,"Metropolitan area core: primary flow within an urbanized area of 50,000 and greater",2,78,426.3099489466667,252.15497447333334
11746,"Metropolitan area core: primary flow within an urbanized area of 50,000 and greater",1,59,393.4222105266667,452.4222105266667
11751,"Metropolitan area core: primary flow within an urbanized area of 50,000 and greater",1,26,499.9375,525.9375
11755,"Metropolitan area core: primary flow within an urbanized area of 50,000 and greater",1,13,244.98602564,257.98602564
11756,"Metropolitan area core: primary flow within an urbanized area of 50,000 and greater",2,56,367.9245833333334,211.9622916666667
11757,"Metropolitan area core: primary flow within an urbanized area of 50,000 and greater",3,281,142.07019571333333,141.0233985711111
11768,"Metropolitan area core: primary flow within an urbanized area of 50,000 and greater",1,22,595.405,617.405
11777,"Metropolitan area core: primary flow within an urbanized area of 50,000 and greater",1,237,340.6430931051111,577.6430931051111
11787,"Metropolitan area core: primary flow within an urbanized area of 50,000 and greater",8,762,392.63364502075,144.32920562759375
11788,"Metropolitan area core: primary flow within an urbanized area of 50,000 and greater",2,70,462.2809020325,266.14045101625004
11791,"Metropolitan area core: primary flow within an urbanized area of 50,000 and greater",2,85,344.8512457142,214.9256228571
11794,"Metropolitan area core: primary flow within an urbanized area of 50,000 and greater",5,719,285.859772666125,200.97195453322502
11795,"Metropolitan area core: primary flow within an urbanized area of 50,000 and greater",2,112,186.22275960780001,149.1113798039
11797,"Metropolitan area core: primary flow within an urbanized area of 50,000 and greater",1,141,380.292610599,521.292610599
11803,"Metropolitan area core: primary flow within an urbanized area of 50,000 and greater",2,319,381.18318557666663,350.0915927883333
11967,"Metropolitan area core: primary flow within an urbanized area of 50,000 and greater",1,60,767.24469027,827.24469027
11968,"Metropolitan area core: primary flow within an urbanized area of 50,000 and greater",1,23,140.47,163.47
11971,"Secondary flow 30% to <50% to a urbanized area of 50,000 and greater",3,268,346.4826462157143,204.82754873857144
12065,"Metropolitan area core: primary flow within an urbanized area of 50,000 and greater",5,722,294.5287069112143,203.30574138224284
12110,"Metropolitan area core: primary flow within an urbanized area of 50,000 and greater",2,45,235.63761689,140.318808445
12159,"Metropolitan area core: primary flow within an urbanized area of 50,000 and greater",1,30,111.71783784,141.71783784000002
12180,"Metropolitan area core: primary flow within an urbanized area of 50,000 and greater",1,60,27.28,87.28
12205,"Metropolitan area core: primary flow within an urbanized area of 50,000 and greater",7,1182,219.57953336165002,200.22564762309284
12206,"Metropolitan area core: primary flow within an urbanized area of 50,000 and greater",4,97,217.2225071425,78.55562678562501
12208,"Metropolitan area core: primary flow within an urbanized area of 50,000 and greater",4,130,64.2752555055,48.568813876375
12309,"Metropolitan area core: primary flow within an urbanized area of 50,000 and greater",1,26,96.49,122.49
12449,"Metropolitan area core: primary flow within an urbanized area of 50,000 and greater",1,164,460.716272798,624.716272798
12524,"Metropolitan area core: primary flow within an urbanized area of 50,000 and greater",2,91,456.13227778,273.56613889
12534,"Micropolitan area core: primary flow within an urban cluster of 10,000 to 49,999",1,20,29.19,49.19
12550,"Metropolitan area core: primary flow within an urbanized area of 50,000 and greater",2,223,293.0496758078571,258.0248379039285
12601,"Metropolitan area core: primary flow within an urbanized area of 50,000 and greater",7,785,248.04600621527777,147.57800088789685
12603,"Metropolitan area core: primary flow within an urbanized area of 50,000 and greater",1,37,740.786303355,777.786303355
12866,"Secondary flow 30% to <50% to a larger urbanized area of 50,000 and greater",2,271,183.7506960456,227.37534802279998
12901,"Micropolitan area core: primary flow within an urban cluster of 10,000 to 49,999",8,725,147.527366157,109.065920769625
13021,"Micropolitan area core: primary flow within an urban cluster of 10,000 to 49,999",1,58,177.171519885,235.171519885
13037,"Metropolitan area core: primary flow within an urbanized area of 50,000 and greater",1,32,94.951212121,126.951212121
13057,"Metropolitan area core: primary flow within an urbanized area of 50,000 and greater",3,73,272.8498781615,115.2832927205
13088,"Metropolitan area core: primary flow within an urbanized area of 50,000 and greater",1,22,112.70025,134.70024999999998
13090,"Metropolitan area core: primary flow within an urbanized area of 50,000 and greater",4,197,263.0464303099,115.011607577475
13126,"Micropolitan area core: primary flow within an urban cluster of 10,000 to 49,999",1,11,26.13,37.129999999999995
13210,"Metropolitan area core: primary flow within an urbanized area of 50,000 and greater",9,307,64.60303644275,41.289226271416666
13212,"Metropolitan area core: primary flow within an urbanized area of 50,000 and greater",8,1170,261.82326957296004,178.97790869662
13214,"Metropolitan area core: primary flow within an urbanized area of 50,000 and greater",3,107,110.82363613666666,72.60787871222222
13326,"Rural areas: primary flow to a tract outside a urbanized area of 50,000 and greater or UC",3,186,115.34310610555556,100.44770203518517
13413,"Metropolitan area core: primary flow within an urbanized area of 50,000 and greater",6,420,247.17389365333335,111.19564894222223
13490,"Metropolitan area high commuting: primary flow 30% or more to a urbanized area of 50,000 and greater",1,31,758.811333335,789.811333335
13502,"Metropolitan area core: primary flow within an urbanized area of 50,000 and greater",6,175,289.644551362,77.44075856033334
13601,"Metropolitan area core: primary flow within an urbanized area of 50,000 and greater",3,98,163.9269,87.30896666666666
13617,"Small town core: primary flow within an urban cluster of 2,500 to 9,999",2,51,24.65722222233333,37.828611111166666
13669,"Micropolitan area core: primary flow within an urban cluster of 10,000 to 49,999",1,18,26.3145,44.314499999999995
13676,"Small town core: primary flow within an urban cluster of 2,500 to 9,999",2,27,105.325526315,66.1627631575
13790,"Metropolitan area core: primary flow within an urbanized area of 50,000 and greater",1,142,151.1435752288,293.1435752288
13807,"Rural areas: primary flow to a tract outside a urbanized area of 50,000 and greater or UC",1,12,26.23,38.230000000000004
13850,"Metropolitan area core: primary flow within an urbanized area of 50,000 and greater",1,66,134.5419230755,200.5419230755
13905,"Metropolitan area core: primary flow within an urbanized area of 50,000 and greater",1,80,334.38733333,414.38733333
14092,"Metropolitan area core: primary flow within an urbanized area of 50,000 and greater",1,12,26.45,38.45
14127,"Metropolitan area core: primary flow within an urbanized area of 50,000 and greater",1,11,96.010588235,107.010588235
14141,"Secondary flow 30% to <50% to a urbanized area of 50,000 and greater",1,11,25.99,36.989999999999995
14202,"Metropolitan area core: primary flow within an urbanized area of 50,000 and greater",1,25,438.763333335,463.763333335
14203,"Metropolitan area core: primary flow within an urbanized area of 50,000 and greater",1,16,657.53878788,673.53878788
14215,"Metropolitan area core: primary flow within an urbanized area of 50,000 and greater",2,33,150.634,91.817
14221,"Metropolitan area core: primary flow within an urbanized area of 50,000 and greater",14,424,187.26576563026316,43.66184040216165
14224,"Metropolitan area core: primary flow within an urbanized area of 50,000 and greater",1,26,309.51642857,335.51642857
14226,"Metropolitan area core: primary flow within an urbanized area of 50,000 and greater",5,184,226.6556444007143,82.13112888014287
14263,"Metropolitan area core: primary flow within an urbanized area of 50,000 and greater",2,73,25.296190476,49.148095237999996
14301,"Metropolitan area core: primary flow within an urbanized area of 50,000 and greater",1,19,113.6,132.6
14420,"Metropolitan area high commuting: primary flow 30% or more to a urbanized area of 50,000 and greater",1,13,180.76590909,193.76590909
14424,"Metropolitan area core: primary flow within an urbanized area of 50,000 and greater",2,71,125.16855303866664,98.08427651933332
14456,"Micropolitan area core: primary flow within an urban cluster of 10,000 to 49,999",1,13,24.12,37.120000000000005
14569,"Small town core: primary flow within an urban cluster of 2,500 to 9,999",1,23,57.70125,80.70125
14618,"Metropolitan area core: primary flow within an urbanized area of 50,000 and greater",4,50,76.8835314685,31.720882867125
14625,"Metropolitan area core: primary flow within an urbanized area of 50,000 and greater",3,135,327.020005495,154.00666849833334
14626,"Metropolitan area core: primary flow within an urbanized area of 50,000 and greater",3,119,97.20838829499999,72.069462765
14642,"Metropolitan area core: primary flow within an urbanized area of 50,000 and greater",7,184,79.2770074141,37.61100105915715
14701,"Micropolitan area core: primary flow within an urban cluster of 10,000 to 49,999",2,31,26.22,28.61
14760,"Micropolitan area core: primary flow within an urban cluster of 10,000 to 49,999",1,20,25.98,45.980000000000004
14830,"Micropolitan area core: primary flow within an urban cluster of 10,000 to 49,999",2,29,25.897847222000003,27.448923611
14845,"Metropolitan area core: primary flow within an urbanized area of 50,000 and greater",1,24,196.01823529,220.01823529
15009,"Metropolitan area core: primary flow within an urbanized area of 50,000 and greater",2,35,26.0895,30.54475
15012,"Secondary flow 30% to <50% to a larger urbanized area of 50,000 and greater",1,19,26.102,45.102000000000004
15025,"Metropolitan area core: primary flow within an urbanized area of 50,000 and greater",2,38,216.04527903566668,127.02263951783334
15061,"Metropolitan area core: primary flow within an urbanized area of 50,000 and greater",1,60,317.1707398886667,377.1707398886667
15090,"Metropolitan area core: primary flow within an urbanized area of 50,000 and greater",5,160,272.885058719875,86.577011743975
15102,"Metropolitan area core: primary flow within an urbanized area of 50,000 and greater",3,224,428.3160840066667,217.43869466888887
15143,"Metropolitan area core: primary flow within an urbanized area of 50,000 and greater",1,40,170.9045,210.9045
15146,"Metropolitan area core: primary flow within an urbanized area of 50,000 and greater",3,92,314.57132557566666,135.5237751918889
15203,"Metropolitan area core: primary flow within an urbanized area of 50,000 and greater",1,12,25.27,37.269999999999996
15212,"Metropolitan area core: primary flow within an urbanized area of 50,000 and greater",4,102,98.84932171566668,50.21233042891667
15213,"Metropolitan area core: primary flow within an urbanized area of 50,000 and greater",7,172,136.0639359209091,44.009133702987015
15215,"Metropolitan area core: primary flow within an urbanized area of 50,000 and greater",4,105,53.07073469385715,39.51768367346429
15219,"Metropolitan area core: primary flow within an urbanized area of 50,000 and greater",4,246,281.63481959300003,131.90870489825
15222,"Metropolitan area core: primary flow within an urbanized area of 50,000 and greater",1,13,29.825714286,42.825714286
15224,"Metropolitan area core: primary flow within an urbanized area of 50,000 and greater",4,95,47.22568480875,35.5564212021875
15232,"Metropolitan area core: primary flow within an urbanized area of 50,000 and greater",2,39,21.795059524000003,30.397529762
15237,"Metropolitan area core: primary flow within an urbanized area of 50,000 and greater",2,97,111.34391892,104.17195946
15243,"Metropolitan area core: primary flow within an urbanized area of 50,000 and greater",1,13,110.18043478,123.18043478
15261,"Metropolitan area core: primary flow within an urbanized area of 50,000 and greater",1,28,121.07433333150001,149.07433333150001
15301,"Metropolitan area core: primary flow within an urbanized area of 50,000 and greater",4,120,139.1599520765,64.78998801912499
15317,"Metropolitan area core: primary flow within an urbanized area of 50,000 and greater",1,71,135.89803030333334,206.89803030333334
15370,"Small town core: primary flow within an urban cluster of 2,500 to 9,999",1,43,252.18608695666668,295.1860869566667
15401,"Metropolitan area core: primary flow within an urbanized area of 50,000 and greater",1,29,25.311578947,54.311578947
15425,"Metropolitan area core: primary flow within an urbanized area of 50,000 and greater",1,116,241.54552356333332,357.5455235633333
15501,"Micropolitan area core: primary flow within an urban cluster of 10,000 to 49,999",1,37,127.6695833335,164.6695833335
15601,"Metropolitan area core: primary flow within an urbanized area of 50,000 and greater",3,252,103.99815210022221,118.66605070007408
15642,"Metropolitan area core: primary flow within an urbanized area of 50,000 and greater",2,74,117.538673133,95.7693365665
15650,"Metropolitan area core: primary flow within an urbanized area of 50,000 and greater",1,32,121.8329515035,153.8329515035
15701,"Micropolitan area core: primary flow within an urban cluster of 10,000 to 49,999",1,32,122.0898,154.0898
15801,"Micropolitan area core: primary flow within an urban cluster of 10,000 to 49,999",4,349,157.38037944,126.59509486
15904,"Metropolitan area core: primary flow within an urbanized area of 50,000 and greater",1,66,90.12762934333334,156.12762934333335
16121,"Metropolitan area core: primary flow within an urbanized area of 50,000 and greater",1,18,22.165,40.165
16125,"Micropolitan area core: primary flow within an urban cluster of 10,000 to 49,999",3,66,62.901055555666666,42.967018518555555
16201,"Secondary flow 30% to <50% to a urbanized area of 50,000 and greater",1,29,46.6628450845,75.66284508449999
16214,"Small town core: primary flow within an urban cluster of 2,500 to 9,999",1,16,238.16222222,254.16222222
16335,"Micropolitan area core: primary flow within an urban cluster of 10,000 to 49,999",2,80,103.44887723080001,91.7244386154
16345,"Micropolitan high commuting: primary flow 30% or more to a urban cluster of 10,000 to 49,999",2,410,337.8461827407,373.92309137035
16346,"Micropolitan area core: primary flow within an urban cluster of 10,000 to 49,999",2,28,26.459783654,27.229891827
16365,"Micropolitan area core: primary flow within an urban cluster of 10,000 to 49,999",1,122,253.24121915999999,375.24121916
16501,"Metropolitan area core: primary flow within an urbanized area of 50,000 and greater",1,42,252.32907407333335,294.32907407333335
16502,"Metropolitan area core: primary flow within an urbanized area of 50,000 and greater",1,25,146.500454545,171.500454545
16507,"Metropolitan area core: primary flow within an urbanized area of 50,000 and greater",2,174,308.8460897331667,241.42304486658335
16508,"Metropolitan area core: primary flow within an urbanized area of 50,000 and greater",1,132,470.13800474749996,602.1380047475
16509,"Metropolitan area core: primary flow within an urbanized area of 50,000 and greater",1,93,244.61692287999998,337.61692287999995
16602,"Metropolitan area core: primary flow within an urbanized area of 50,000 and greater",5,687,349.2111991300714,207.2422398260143
16735,"Small town core: primary flow within an urban cluster of 2,500 to 9,999",1,71,89.21227084333333,160.21227084333333
16801,"Metropolitan area core: primary flow within an urbanized area of 50,000 and greater",1,12,150.19510204,162.19510204
16803,"Metropolitan area core: primary flow within an urbanized area of 50,000 and greater",1,11,225.64076923,236.64076923
17011,"Metropolitan area core: primary flow within an urbanized area of 50,000 and greater",4,338,109.55105947749999,111.88776486937499
17025,"Metropolitan area core: primary flow within an urbanized area of 50,000 and greater",1,11,71.161372549,82.161372549
17033,"Metropolitan area core: primary flow within an urbanized area of 50,000 and greater",9,282,232.75854941927273,57.19539437991919
17036,"Metropolitan area core: primary flow within an urbanized area of 50,000 and greater",1,15,133.28882353,148.28882353
17042,"Metropolitan area core: primary flow within an urbanized area of 50,000 and greater",3,183,261.630315753375,148.210105251125
17044,"Micropolitan area core: primary flow within an urban cluster of 10,000 to 49,999",1,11,70.835090909,81.835090909
17050,"Metropolitan area core: primary flow within an urbanized area of 50,000 and greater",1,22,100.27312500000001,122.27312500000001
17055,"Metropolitan area core: primary flow within an urbanized area of 50,000 and greater",1,36,167.1697368435,203.1697368435
17109,"Metropolitan area core: primary flow within an urbanized area of 50,000 and greater",4,166,188.8142576035,88.703564400875
17111,"Metropolitan area core: primary flow within an urbanized area of 50,000 and greater",1,30,24.4509375,54.450937499999995
17201,"Metropolitan area core: primary flow within an urbanized area of 50,000 and greater",6,186,228.7239704247,69.12066173745
17325,"Metropolitan area core: primary flow within an urbanized area of 50,000 and greater",3,110,102.6073409028,70.86911363426667
17331,"Metropolitan area core: primary flow within an urbanized area of 50,000 and greater",3,127,219.16519961166668,115.38839987055557
17339,"Metropolitan area high commuting: primary flow 30% or more to a urbanized area of 50,000 and greater",5,116,26.624717444599998,28.52494348892
17402,"Metropolitan area core: primary flow within an urbanized area of 50,000 and greater",5,336,122.6082887906,91.72165775812
17403,"Metropolitan area core: primary flow within an urbanized area of 50,000 and greater",2,75,61.19169250633333,68.09584625316667
17522,"Metropolitan area core: primary flow within an urbanized area of 50,000 and greater",2,69,143.6949642858,106.3474821429
17543,"Metropolitan area core: primary flow within an urbanized area of 50,000 and greater",1,39,194.38494652333335,233.38494652333335
17601,"Metropolitan area core: primary flow within an urbanized area of 50,000 and greater",17,702,247.36412963054167,55.84494880179657
17602,"Metropolitan area core: primary flow within an urbanized area of 50,000 and greater",1,21,26.06,47.06
17603,"Metropolitan area core: primary flow within an urbanized area of 50,000 and greater",1,11,22.16,33.16
17701,"Metropolitan area core: primary flow within an urbanized area of 50,000 and greater",5,602,107.890198691,141.9780397382
17751,"Micropolitan area core: primary flow within an urban cluster of 10,000 to 49,999",1,85,92.649069068,177.64906906800002
17815,"Metropolitan area core: primary flow within an urbanized area of 50,000 and greater",1,30,773.52657895,803.52657895
17821,"Metropolitan area core: primary flow within an urbanized area of 50,000 and greater",1,50,111.12924242533335,161.12924242533336
17822,"Metropolitan area core: primary flow within an urbanized area of 50,000 and greater",5,111,34.303819952599994,29.06076399052
17837,"Micropolitan area core: primary flow within an urban cluster of 10,000 to 49,999",1,39,125.76428571566667,164.7642857156667
17901,"Micropolitan area core: primary flow within an urban cluster of 10,000 to 49,999",1,60,127.552878788,187.552878788
17961,"Micropolitan high commuting: primary flow 30% or more to a urban cluster of 10,000 to 49,999",1,91,128.76447967333334,219.76447967333334
18015,"Metropolitan area core: primary flow within an urbanized area of 50,000 and greater",3,50,25.189761904666668,25.063253968222224
18017,"Metropolitan area core: primary flow within an urbanized area of 50,000 and greater",6,275,79.888999518,59.14816658633333
18020,"Metropolitan area core: primary flow within an urbanized area of 50,000 and greater",2,213,315.6689037503333,264.3344518751667
18045,"Metropolitan area core: primary flow within an urbanized area of 50,000 and greater",2,87,40.80259829033333,63.90129914516666
18102,"Metropolitan area core: primary flow within an urbanized area of 50,000 and greater",2,149,325.29990253333335,237.14995126666668
18103,"Metropolitan area core: primary flow within an urbanized area of 50,000 and greater",17,1189,224.2604945692353,83.13297026877855
18104,"Metropolitan area core: primary flow within an urbanized area of 50,000 and greater",5,462,177.8926851126,127.97853702252
18202,"Metropolitan area core: primary flow within an urbanized area of 50,000 and greater",3,84,264.91949623075,116.30649874358333
18235,"Metropolitan area core: primary flow within an urbanized area of 50,000 and greater",1,36,156.76375000000002,192.76375000000002
18301,"Metropolitan area core: primary flow within an urbanized area of 50,000 and greater",3,222,235.595236528,152.53174550933332
18360,"Metropolitan area core: primary flow within an urbanized area of 50,000 and greater",1,16,653.05689655,669.05689655
18508,"Metropolitan area core: primary flow within an urbanized area of 50,000 and greater",3,511,340.69273121811113,283.8975770727037
18510,"Metropolitan area core: primary flow within an urbanized area of 50,000 and greater",3,60,24.756666666666664,28.25222222222222
18512,"Metropolitan area core: primary flow within an urbanized area of 50,000 and greater",1,12,275.45333333,287.45333333
18518,"Metropolitan area core: primary flow within an urbanized area of 50,000 and greater",1,15,233.54,248.54
18643,"Metropolitan area core: primary flow within an urbanized area of 50,000 and greater",1,31,330.12280303,361.12280303
18702,"Metropolitan area core: primary flow within an urbanized area of 50,000 and greater",3,387,250.09103818325002,212.36367939441666
18704,"Metropolitan area core: primary flow within an urbanized area of 50,000 and greater",2,26,412.63925,219.319625
18705,"Metropolitan area core: primary flow within an urbanized area of 50,000 and greater",3,240,267.55828463033333,169.1860948767778
18707,"Metropolitan area core: primary flow within an urbanized area of 50,000 and greater",1,22,26.546956522,48.546956522
18711,"Metropolitan area core: primary flow within an urbanized area of 50,000 and greater",2,53,25.864846743500003,39.432423371750005
18765,"Metropolitan area core: primary flow within an urbanized area of 50,000 and greater",1,51,176.236451613,227.236451613
18840,"Micropolitan area core: primary flow within an urban cluster of 10,000 to 49,999",8,263,76.86743604633334,42.48342950579167
18901,"Metropolitan area core: primary flow within an urbanized area of 50,000 and greater",2,132,166.845893494,149.422946747
18914,"Metropolitan area core: primary flow within an urbanized area of 50,000 and greater",5,501,430.8817166364285,186.37634332728572
18951,"Metropolitan area core: primary flow within an urbanized area of 50,000 and greater",6,736,100.93908416066667,139.4898473601111
18960,"Metropolitan area core: primary flow within an urbanized area of 50,000 and greater",2,51,126.13125000000001,88.56562500000001
18976,"Metropolitan area core: primary flow within an urbanized area of 50,000 and greater",1,58,656.33784483,714.33784483
19001,"Metropolitan area core: primary flow within an urbanized area of 50,000 and greater",5,576,213.39613939742105,157.8792278794842
19002,"Metropolitan area core: primary flow within an urbanized area of 50,000 and greater",1,155,208.43649538071426,363.4364953807143
19004,"Metropolitan area core: primary flow within an urbanized area of 50,000 and greater",1,38,362.07892857,400.07892857
19006,"Metropolitan area core: primary flow within an urbanized area of 50,000 and greater",4,192,373.34022151400006,141.33505537850002
19008,"Metropolitan area core: primary flow within an urbanized area of 50,000 and greater",1,22,31.831153846,53.831153846
19010,"Metropolitan area core: primary flow within an urbanized area of 50,000 and greater",2,119,261.76285892733335,190.38142946366668
19013,"Metropolitan area core: primary flow within an urbanized area of 50,000 and greater",1,44,412.59517436,456.59517436
19018,"Metropolitan area core: primary flow within an urbanized area of 50,000 and greater",1,56,131.57,187.57
19020,"Metropolitan area core: primary flow within an urbanized area of 50,000 and greater",4,313,142.0129175075,113.753229376875
19023,"Metropolitan area core: primary flow within an urbanized area of 50,000 and greater",2,131,225.8150944992,178.4075472496
19026,"Metropolitan area core: primary flow within an urbanized area of 50,000 and greater",1,12,23.67,35.67
19030,"Metropolitan area core: primary flow within an urbanized area of 50,000 and greater",1,44,164.0838,208.0838
19034,"Metropolitan area core: primary flow within an urbanized area of 50,000 and greater",2,156,487.118211996,321.559105998
19041,"Metropolitan area core: primary flow within an urbanized area of 50,000 and greater",1,315,497.31733922,812.31733922
19044,"Metropolitan area core: primary flow within an urbanized area of 50,000 and greater",3,83,125.73427651000002,69.57809217
19046,"Metropolitan area core: primary flow within an urbanized area of 50,000 and greater",2,401,315.007092798125,358.0035463990625
19047,"Metropolitan area core: primary flow within an urbanized area of 50,000 and greater",6,217,307.51510759181815,87.41918459863636
19050,"Metropolitan area core: primary flow within an urbanized area of 50,000 and greater",1,30,124.03,154.03
19053,"Metropolitan area core: primary flow within an urbanized area of 50,000 and greater",2,51,328.28331825066664,189.64165912533332
19063,"Metropolitan area core: primary flow within an urbanized area of 50,000 and greater",1,59,768.5268620300001,827.5268620300001
19072,"Metropolitan area core: primary flow within an urbanized area of 50,000 and greater",1,15,636.23133333,651.23133333
19083,"Metropolitan area core: primary flow within an urbanized area of 50,000 and greater",5,431,259.26672818357144,138.05334563671428
19090,"Metropolitan area core: primary flow within an urbanized area of 50,000 and greater",1,12,683.27578947,695.27578947
19096,"Metropolitan area core: primary flow within an urbanized area of 50,000 and greater",1,24,129.2218421055,153.2218421055
19104,"Metropolitan area core: primary flow within an urbanized area of 50,000 and greater",15,414,60.69053598021053,31.646035732014035
19107,"Metropolitan area core: primary flow within an urbanized area of 50,000 and greater",9,223,169.57439483283335,43.619377203648156
19112,"Metropolitan area core: primary flow within an urbanized area of 50,000 and greater",2,51,525.6165343933334,288.3082671966667
19114,"Metropolitan area core: primary flow within an urbanized area of 50,000 and greater",2,116,174.4952524514,145.2476262257
19140,"Metropolitan area core: primary flow within an urbanized area of 50,000 and greater",5,182,62.735451665999996,48.947090333199995
19141,"Metropolitan area core: primary flow within an urbanized area of 50,000 and greater",3,47,27.635263158,24.878421052666667
19145,"Metropolitan area core: primary flow within an urbanized area of 50,000 and greater",2,100,315.6484583325,207.82422916625
19146,"Metropolitan area core: primary flow within an urbanized area of 50,000 and greater",3,139,327.85247745749996,155.6174924858333
19301,"Metropolitan area core: primary flow within an urbanized area of 50,000 and greater",3,60,68.98924444333335,42.99641481444445
19317,"Metropolitan area core: primary flow within an urbanized area of 50,000 and greater",1,103,321.33230696,424.33230696
19320,"Metropolitan area core: primary flow within an urbanized area of 50,000 and greater",1,20,28.36,48.36
19341,"Metropolitan area core: primary flow within an urbanized area of 50,000 and greater",4,173,526.1425788483333,174.78564471208333
19355,"Metropolitan area core: primary flow within an urbanized area of 50,000 and greater",4,183,132.6883227595,78.922080689875
19380,"Metropolitan area core: primary flow within an urbanized area of 50,000 and greater",3,253,255.3547552426,169.45158508086666
19382,"Metropolitan area core: primary flow within an urbanized area of 50,000 and greater",2,175,396.2769446966667,285.6384723483334
19403,"Metropolitan area core: primary flow within an urbanized area of 50,000 and greater",1,12,841.23,853.23
19406,"Metropolitan area core: primary flow within an urbanized area of 50,000 and greater",6,556,241.5177295052,132.9196215842
19422,"Metropolitan area core: primary flow within an urbanized area of 50,000 and greater",2,99,130.2503508778333,114.62517543891666
19426,"Metropolitan area core: primary flow within an urbanized area of 50,000 and greater",1,58,462.42838158,520.42838158
19428,"Metropolitan area core: primary flow within an urbanized area of 50,000 and greater",1,48,141.632419355,189.632419355
19438,"Metropolitan area core: primary flow within an urbanized area of 50,000 and greater",1,18,681.69965517,699.69965517
19446,"Metropolitan area core: primary flow within an urbanized area of 50,000 and greater",1,34,162.3438333335,196.3438333335
19464,"Metropolitan area high commuting: primary flow 30% or more to a urbanized area of 50,000 and greater",4,703,213.02589144841667,229.00647286210418
19465,"Metropolitan area high commuting: primary flow 30% or more to a urbanized area of 50,000 and greater",1,32,27.84,59.84
19468,"Metropolitan area core: primary flow within an urbanized area of 50,000 and greater",2,116,479.53565685599995,297.767828428
19526,"Metropolitan area core: primary flow within an urbanized area of 50,000 and greater",1,19,747.57928571,766.57928571
19533,"Metropolitan area core: primary flow within an urbanized area of 50,000 and greater",1,11,772.88230769,783.88230769
19605,"Metropolitan area core: primary flow within an urbanized area of 50,000 and greater",2,61,134.4666285714,97.7333142857
19610,"Metropolitan area core: primary flow within an urbanized area of 50,000 and greater",4,173,255.76207430399998,107.19051857599999
19611,"Metropolitan area core: primary flow within an urbanized area of 50,000 and greater",10,271,72.05898294638462,34.30589829463846
19701,"Metropolitan area core: primary flow within an urbanized area of 50,000 and greater",2,113,221.50425833399999,167.252129167
19711,"Metropolitan area core: primary flow within an urbanized area of 50,000 and greater",2,100,187.63620280425002,143.81810140212502
19713,"Metropolitan area core: primary flow within an urbanized area of 50,000 and greater",15,1630,307.949117006275,129.19660780041832
19808,"Metropolitan area core: primary flow within an urbanized area of 50,000 and greater",6,462,217.8512309138125,113.30853848563542
19809,"Metropolitan area core: primary flow within an urbanized area of 50,000 and greater",6,275,246.30649971214285,86.88441661869047
19810,"Metropolitan area core: primary flow within an urbanized area of 50,000 and greater",1,209,294.28883762333334,503.28883762333334
19901,"Metropolitan area core: primary flow within an urbanized area of 50,000 and greater",1,12,27.1,39.1
19904,"Metropolitan area core: primary flow within an urbanized area of 50,000 and greater",2,90,390.4371205,240.21856025
19947,"Small town core: primary flow within an urban cluster of 2,500 to 9,999",2,182,242.79349331842857,212.39674665921427
19958,"Micropolitan high commuting: primary flow 30% or more to a urban cluster of 10,000 to 49,999",3,199,284.763328454,161.254442818
19963,"Micropolitan area core: primary flow within an urban cluster of 10,000 to 49,999",1,123,262.3474774933333,385.3474774933333
19971,"Micropolitan area core: primary flow within an urban cluster of 10,000 to 49,999",1,40,315.77254807500003,355.77254807500003
19977,"Metropolitan area core: primary flow within an urbanized area of 50,000 and greater",1,33,185.755,218.755
20006,"Metropolitan area core: primary flow within an urbanized area of 50,000 and greater",3,107,247.10213801350002,118.03404600450001
20007,"Metropolitan area core: primary flow within an urbanized area of 50,000 and greater",2,77,28.0555714285,52.52778571425
20010,"Metropolitan area core: primary flow within an urbanized area of 50,000 and greater",3,94,254.58925185983333,116.19641728661111
20016,"Metropolitan area core: primary flow within an urbanized area of 50,000 and greater",2,90,285.1906547625,187.59532738125
20017,"Metropolitan area core: primary flow within an urbanized area of 50,000 and greater",1,24,199.19133928500003,223.19133928500003
20032,"Metropolitan area core: primary flow within an urbanized area of 50,000 and greater",1,15,27.908,42.908
20037,"Metropolitan area core: primary flow within an urbanized area of 50,000 and greater",4,158,271.96129644644446,107.49032411161112
20105,"Metropolitan area core: primary flow within an urbanized area of 50,000 and greater",1,17,124.07269231,141.07269230999998
20110,"Metropolitan area core: primary flow within an urbanized area of 50,000 and greater",4,494,289.7822484628571,195.94556211571427
20155,"Metropolitan area core: primary flow within an urbanized area of 50,000 and greater",3,76,26.858333333333334,34.28611111111111
20165,"Metropolitan area core: primary flow within an urbanized area of 50,000 and greater",1,50,346.879964285,396.879964285
20166,"Metropolitan area core: primary flow within an urbanized area of 50,000 and greater",1,79,110.65087662,189.65087662000002
20169,"Metropolitan area high commuting: primary flow 30% or more to a urbanized area of 50,000 and greater",1,178,361.617413276,539.617413276
20176,"Metropolitan area core: primary flow within an urbanized area of 50,000 and greater",6,649,268.3806403609474,152.89677339349123
20186,"Metropolitan area high commuting: primary flow 30% or more to a urbanized area of 50,000 and greater",1,180,361.073858955,541.073858955
20190,"Metropolitan area core: primary flow within an urbanized area of 50,000 and greater",1,21,139.5,160.5
20191,"Metropolitan area core: primary flow within an urbanized area of 50,000 and greater",3,165,359.019742587,174.673247529
20602,"Metropolitan area high commuting: primary flow 30% or more to a urbanized area of 50,000 and greater",5,474,349.7487860644546,164.74975721289093
20603,"Metropolitan area high commuting: primary flow 30% or more to a urbanized area of 50,000 and greater",1,64,125.36915770733333,189.36915770733333
20613,"Metropolitan area high commuting: primary flow 30% or more to a urbanized area of 50,000 and greater",2,73,159.75434559533332,116.37717279766666
20619,"Micropolitan area core: primary flow within an urban cluster of 10,000 to 49,999",1,39,119.61044776,158.61044776
20650,"Metropolitan area high commuting: primary flow 30% or more to a urbanized area of 50,000 and greater",2,90,384.19852381,237.099261905
20678,"Metropolitan area high commuting: primary flow 30% or more to a urbanized area of 50,000 and greater",4,175,350.3612388335,131.340309708375
20695,"Metropolitan area high commuting: primary flow 30% or more to a urbanized area of 50,000 and greater",1,136,731.6375514900001,867.6375514900001
20715,"Metropolitan area core: primary flow within an urbanized area of 50,000 and greater",1,38,667.42257143,705.42257143
20735,"Metropolitan area core: primary flow within an urbanized area of 50,000 and greater",1,47,155.5105794495,202.5105794495
20736,"Metropolitan area high commuting: primary flow 30% or more to a urbanized area of 50,000 and greater",1,125,364.10200542,489.10200542
20737,"Metropolitan area core: primary flow within an urbanized area of 50,000 and greater",1,27,139.97757009,166.97757009
20745,"Metropolitan area core: primary flow within an urbanized area of 50,000 and greater",5,103,232.67111563800003,67.13422312760001
20759,"Metropolitan area core: primary flow within an urbanized area of 50,000 and greater",2,173,226.46993418233333,199.73496709116665
20769,"Metropolitan area core: primary flow within an urbanized area of 50,000 and greater",2,91,317.3698863625,204.18494318125
20770,"Metropolitan area core: primary flow within an urbanized area of 50,000 and greater",3,376,316.702972359125,230.900990786375
20783,"Metropolitan area core: primary flow within an urbanized area of 50,000 and greater",1,27,667.76538462,694.76538462
20815,"Metropolitan area core: primary flow within an urbanized area of 50,000 and greater",2,52,114.72316047300001,83.3615802365
20817,"Metropolitan area core: primary flow within an urbanized area of 50,000 and greater",8,593,402.59336972995,124.44917121624374
20832,"Metropolitan area core: primary flow within an urbanized area of 50,000 and greater",2,104,121.7962464345,112.89812321725
20850,"Metropolitan area core: primary flow within an urbanized area of 50,000 and greater",3,506,324.67273113942855,276.89091037980955
20852,"Metropolitan area core: primary flow within an urbanized area of 50,000 and greater",2,77,537.4406684975,307.22033424875
20874,"Metropolitan area core: primary flow within an urbanized area of 50,000 and greater",3,449,355.74319787883337,268.2477326262778
20876,"Metropolitan area core: primary flow within an urbanized area of 50,000 and greater",1,21,116.72,137.72
20877,"Metropolitan area core: primary flow within an urbanized area of 50,000 and greater",1,25,508.27851648499995,533.278516485
20889,"Metropolitan area core: primary flow within an urbanized area of 50,000 and greater",3,215,253.84119687425002,156.28039895808334
20902,"Metropolitan area core: primary flow within an urbanized area of 50,000 and greater",2,29,181.76527295,105.382636475
20910,"Metropolitan area core: primary flow within an urbanized area of 50,000 and greater",2,140,294.0978834265,217.04894171325
21009,"Secondary flow 30% to <50% to a larger urbanized area of 50,000 and greater",2,117,336.89489023766663,226.94744511883331
21014,"Secondary flow 30% to <50% to a larger urbanized area of 50,000 and greater",4,382,358.33838539379997,185.08459634845
21029,"Metropolitan area core: primary flow within an urbanized area of 50,000 and greater",2,296,124.0510212925,210.02551064624998
21042,"Metropolitan area core: primary flow within an urbanized area of 50,000 and greater",1,39,107.19,146.19
21044,"Metropolitan area core: primary flow within an urbanized area of 50,000 and greater",2,159,475.73221487,317.366107435
21045,"Metropolitan area core: primary flow within an urbanized area of 50,000 and greater",5,571,330.1781230944375,180.2356246188875
21061,"Metropolitan area core: primary flow within an urbanized area of 50,000 and greater",6,958,381.7816476244445,223.29694127074075
21076,"Metropolitan area core: primary flow within an urbanized area of 50,000 and greater",2,65,68.508,66.75399999999999
21078,"Secondary flow 30% to <50% to a larger urbanized area of 50,000 and greater",3,511,341.9883654432308,284.3294551477436
21090,"Metropolitan area core: primary flow within an urbanized area of 50,000 and greater",1,37,797.051876625,834.051876625
21093,"Metropolitan area core: primary flow within an urbanized area of 50,000 and greater",4,250,481.24163166279993,182.81040791569998
21113,"Metropolitan area core: primary flow within an urbanized area of 50,000 and greater",2,73,514.48550845,293.742754225
21114,"Metropolitan area core: primary flow within an urbanized area of 50,000 and greater",1,135,272.7636048566667,407.7636048566667
21117,"Metropolitan area core: primary flow within an urbanized area of 50,000 and greater",3,155,308.794093667875,154.598031222625
21122,"Metropolitan area core: primary flow within an urbanized area of 50,000 and greater",3,193,455.01762880999996,216.00587626999996
21157,"Metropolitan area high commuting: primary flow 30% or more to a urbanized area of 50,000 and greater",4,412,363.93075931145455,193.98268982786362
21201,"Metropolitan area core: primary flow within an urbanized area of 50,000 and greater",7,176,67.12624140433334,34.73232020061905
21202,"Metropolitan area core: primary flow within an urbanized area of 50,000 and greater",2,206,106.02142308233333,156.01071154116667
21204,"Metropolitan area core: primary flow within an urbanized area of 50,000 and greater",8,684,254.04307662204545,117.25538457775568
21208,"Metropolitan area core: primary flow within an urbanized area of 50,000 and greater",2,93,336.4671568623333,214.73357843116665
21209,"Metropolitan area core: primary flow within an urbanized area of 50,000 and greater",3,215,320.524216612625,178.50807220420833
21215,"Metropolitan area core: primary flow within an urbanized area of 50,000 and greater",4,250,75.08370367466667,81.27092591866666
21218,"Metropolitan area core: primary flow within an urbanized area of 50,000 and greater",2,95,122.5866517695,108.79332588475
21222,"Metropolitan area core: primary flow within an urbanized area of 50,000 and greater",1,49,778.482799565,827.482799565
21225,"Metropolitan area core: primary flow within an urbanized area of 50,000 and greater",2,41,27.755,34.3775
21228,"Metropolitan area core: primary flow within an urbanized area of 50,000 and greater",2,142,382.93469781375,262.46734890687503
21229,"Metropolitan area core: primary flow within an urbanized area of 50,000 and greater",3,144,328.7901442475,157.59671474916667
21236,"Metropolitan area core: primary flow within an urbanized area of 50,000 and greater",4,560,244.70995301477777,201.17748825369443
21237,"Metropolitan area core: primary flow within an urbanized area of 50,000 and greater",2,206,312.54213428357144,259.2710671417857
21244,"Metropolitan area core: primary flow within an urbanized area of 50,000 and greater",3,40,89.91363636366667,43.30454545455556
21286,"Metropolitan area core: primary flow within an urbanized area of 50,000 and greater",1,29,759.41880952,788.41880952
21287,"Metropolitan area core: primary flow within an urbanized area of 50,000 and greater",13,621,120.25222067512,57.01940159039385
21401,"Metropolitan area core: primary flow within an urbanized area of 50,000 and greater",11,1328,208.871071169359,139.7155519244872
21501,"Metropolitan area core: primary flow within an urbanized area of 50,000 and greater",1,26,331.40117647,357.40117647
21502,"Metropolitan area core: primary flow within an urbanized area of 50,000 and greater",3,247,490.52694832671426,245.84231610890478
21601,"Micropolitan area core: primary flow within an urban cluster of 10,000 to 49,999",3,417,276.207056150875,231.06901871695834
21620,"Small town core: primary flow within an urban cluster of 2,500 to 9,999",1,210,125.281186416,335.28118641599997
21666,"Metropolitan area core: primary flow within an urbanized area of 50,000 and greater",1,40,635.589642855,675.589642855
21701,"Secondary flow 30% to <50% to a larger urbanized area of 50,000 and greater",1,21,27.208571429,48.208571429
21702,"Secondary flow 30% to <50% to a larger urbanized area of 50,000 and greater",8,530,280.23065123775,101.27883140471874
21703,"Secondary flow 30% to <50% to a larger urbanized area of 50,000 and greater",2,135,182.0067719755,158.50338598775
21740,"Metropolitan area core: primary flow within an urbanized area of 50,000 and greater",9,1175,281.7147487125,161.8571943013889
21742,"Metropolitan area core: primary flow within an urbanized area of 50,000 and greater",5,221,264.71394749816665,97.14278949963332
21754,"Metropolitan area core: primary flow within an urbanized area of 50,000 and greater",1,16,119.58727273,135.58727273
21771,"Metropolitan area core: primary flow within an urbanized area of 50,000 and greater",3,219,334.9752647568,184.6584215856
21801,"Metropolitan area core: primary flow within an urbanized area of 50,000 and greater",13,513,82.37399893231817,45.79799991787063
21804,"Metropolitan area core: primary flow within an urbanized area of 50,000 and greater",7,959,262.15141580333335,174.45020225761905
21811,"Micropolitan area core: primary flow within an urban cluster of 10,000 to 49,999",3,408,293.37899291,233.79299763666668
21921,"Metropolitan area core: primary flow within an urbanized area of 50,000 and greater",2,214,531.4609977666668,372.7304988833334
22030,"Metropolitan area core: primary flow within an urbanized area of 50,000 and greater",3,331,323.0656648577778,218.02188828592594
22031,"Metropolitan area core: primary flow within an urbanized area of 50,000 and greater",3,178,339.01982575466667,172.33994191822225
22033,"Metropolitan area core: primary flow within an urbanized area of 50,000 and greater",2,264,368.6133098385714,316.30665491928573
22042,"Metropolitan area core: primary flow within an urbanized area of 50,000 and greater",1,87,129.938216666,216.938216666
22079,"Metropolitan area core: primary flow within an urbanized area of 50,000 and greater",2,49,385.24378296500004,217.12189148250002
22102,"Metropolitan area core: primary flow within an urbanized area of 50,000 and greater",3,1226,418.29026143333334,548.0967538111112
22150,"Metropolitan area core: primary flow within an urbanized area of 50,000 and greater",1,424,397.28362804833336,821.2836280483334
22151,"Metropolitan area core: primary flow within an urbanized area of 50,000 and greater",3,81,28.404922372333335,36.468307457444446
22191,"Metropolitan area core: primary flow within an urbanized area of 50,000 and greater",1,55,323.85166666666663,378.85166666666663
22203,"Metropolitan area core: primary flow within an urbanized area of 50,000 and greater",2,152,235.338760215,193.6693801075
22205,"Metropolitan area core: primary flow within an urbanized area of 50,000 and greater",2,64,388.84196078333326,226.42098039166663
22206,"Metropolitan area core: primary flow within an urbanized area of 50,000 and greater",1,244,359.48324149,603.48324149
22304,"Metropolitan area core: primary flow within an urbanized area of 50,000 and greater",2,33,29.275,31.1375
22306,"Metropolitan area core: primary flow within an urbanized area of 50,000 and greater",1,221,316.6481038933333,537.6481038933333
22310,"Metropolitan area core: primary flow within an urbanized area of 50,000 and greater",1,22,738.48444444,760.48444444
22314,"Metropolitan area core: primary flow within an urbanized area of 50,000 and greater",1,63,352.74764705666666,415.74764705666666
22401,"Secondary flow 30% to <50% to a larger urbanized area of 50,000 and greater",10,687,203.34010504186364,89.03401050418636
22405,"Secondary flow 30% to <50% to a larger urbanized area of 50,000 and greater",1,205,348.2238195766667,553.2238195766668
22407,"Secondary flow 30% to <50% to a larger urbanized area of 50,000 and greater",3,371,232.56658158057144,201.18886052685716
22408,"Secondary flow 30% to <50% to a larger urbanized area of 50,000 and greater",1,36,115.44,151.44
22554,"Metropolitan area core: primary flow within an urbanized area of 50,000 and greater",1,23,366.57142857,389.57142857
22601,"Metropolitan area core: primary flow within an urbanized area of 50,000 and greater",12,1256,278.6251335866923,127.88542779889103
22701,"Micropolitan area core: primary flow within an urban cluster of 10,000 to 49,999",1,14,113.5575,127.5575
22801,"Metropolitan area core: primary flow within an urbanized area of 50,000 and greater",4,702,231.09038950538462,233.27259737634614
22901,"Metropolitan area core: primary flow within an urbanized area of 50,000 and greater",3,130,327.4242934133333,152.47476447111111
22903,"Metropolitan area core: primary flow within an urbanized area of 50,000 and greater",9,393,136.2828843425,58.80920937138889
22906,"Metropolitan area core: primary flow within an urbanized area of 50,000 and greater",1,87,22.835609756,109.835609756
22908,"Metropolitan area core: primary flow within an urbanized area of 50,000 and greater",30,1380,42.10547897390909,47.40351596579697
22911,"Metropolitan area core: primary flow within an urbanized area of 50,000 and greater",10,1543,276.55713051752,181.95571305175199
22939,"Metropolitan area core: primary flow within an urbanized area of 50,000 and greater",3,364,118.47319997666666,160.82439999222223
23059,"Metropolitan area core: primary flow within an urbanized area of 50,000 and greater",1,287,249.45645226,536.45645226
23112,"Metropolitan area core: primary flow within an urbanized area of 50,000 and greater",1,29,98.12,127.12
23113,"Metropolitan area core: primary flow within an urbanized area of 50,000 and greater",2,67,170.934902427,118.9674512135
23114,"Metropolitan area core: primary flow within an urbanized area of 50,000 and greater",1,68,356.5104545466666,424.5104545466666
23116,"Metropolitan area core: primary flow within an urbanized area of 50,000 and greater",2,308,258.4069461324286,283.2034730662143
23185,"Metropolitan area core: primary flow within an urbanized area of 50,000 and greater",1,27,168.651218489,195.651218489
23188,"Metropolitan area core: primary flow within an urbanized area of 50,000 and greater",2,116,295.09940627799995,205.54970313899997
23225,"Metropolitan area core: primary flow within an urbanized area of 50,000 and greater",2,211,315.948351468,263.474175734
23226,"Metropolitan area core: primary flow within an urbanized area of 50,000 and greater",3,315,315.8469993433334,210.28233311444447
23230,"Metropolitan area core: primary flow within an urbanized area of 50,000 and greater",2,100,305.43848684200003,202.71924342100002
23233,"Metropolitan area core: primary flow within an urbanized area of 50,000 and greater",3,621,250.78117804458336,290.59372601486115
23235,"Metropolitan area core: primary flow within an urbanized area of 50,000 and greater",9,418,135.3497974309091,61.48331082565657
23238,"Metropolitan area core: primary flow within an urbanized area of 50,000 and greater",1,135,305.7455,440.7455
23294,"Metropolitan area core: primary flow within an urbanized area of 50,000 and greater",7,174,48.208924521571426,31.7441320745102
23298,"Metropolitan area core: primary flow within an urbanized area of 50,000 and greater",5,135,87.19996642316666,44.43999328463333
23320,"Metropolitan area core: primary flow within an urbanized area of 50,000 and greater",4,163,231.41287731480003,98.6032193287
23434,"Metropolitan area core: primary flow within an urbanized area of 50,000 and greater",1,95,501.23896296333334,596.2389629633333
23452,"Metropolitan area core: primary flow within an urbanized area of 50,000 and greater",1,40,327.432663815,367.432663815
23454,"Metropolitan area core: primary flow within an urbanized area of 50,000 and greater",3,382,334.7425485781818,238.91418285939395
23455,"Metropolitan area core: primary flow within an urbanized area of 50,000 and greater",2,271,114.18001319000001,192.590006595
23456,"Metropolitan area core: primary flow within an urbanized area of 50,000 and greater",1,101,93.03096681866667,194.03096681866668
23462,"Metropolitan area core: primary flow within an urbanized area of 50,000 and greater",8,488,256.55698016721425,93.06962252090179
23502,"Metropolitan area core: primary flow within an urbanized area of 50,000 and greater",3,463,286.50608812625,249.83536270875
23505,"Metropolitan area core: primary flow within an urbanized area of 50,000 and greater",4,124,22.398643980499997,36.599660995125
23507,"Metropolitan area core: primary flow within an urbanized area of 50,000 and greater",2,190,110.19434491919999,150.0971724596
23510,"Metropolitan area core: primary flow within an urbanized area of 50,000 and greater",1,14,26.857,40.857
23601,"Metropolitan area core: primary flow within an urbanized area of 50,000 and greater",1,114,122.59063638299999,236.590636383
23606,"Metropolitan area core: primary flow within an urbanized area of 50,000 and greater",12,958,226.0201679978261,98.66834733315217
23666,"Metropolitan area core: primary flow within an urbanized area of 50,000 and greater",1,158,128.6573981236,286.6573981236
23707,"Metropolitan area core: primary flow within an urbanized area of 50,000 and greater",1,22,143.5046666665,165.5046666665
23708,"Metropolitan area core: primary flow within an urbanized area of 50,000 and greater",1,84,115.63650748025,199.63650748025
23831,"Metropolitan area core: primary flow within an urbanized area of 50,000 and greater",2,336,408.6143722116667,372.30718610583335
23834,"Metropolitan area core: primary flow within an urbanized area of 50,000 and greater",2,194,229.36647637250002,211.68323818625
23901,"Small town core: primary flow within an urban cluster of 2,500 to 9,999",1,49,143.06877551,192.06877551
24014,"Metropolitan area core: primary flow within an urbanized area of 50,000 and greater",8,302,145.70534935235713,55.96316866904464
24016,"Metropolitan area core: primary flow within an urbanized area of 50,000 and greater",3,409,352.31563673628574,253.77187891209527
24018,"Metropolitan area core: primary flow within an urbanized area of 50,000 and greater",3,599,331.0387751790909,310.01292505969695
24060,"Metropolitan area core: primary flow within an urbanized area of 50,000 and greater",2,24,26.5575,25.278750000000002
24073,"Metropolitan area core: primary flow within an urbanized area of 50,000 and greater",3,200,225.05018588671427,141.68339529557144
24101,"Metropolitan area high commuting: primary flow 30% or more to a urbanized area of 50,000 and greater",1,189,97.974399293,286.97439929300003
24153,"Metropolitan area core: primary flow within an urbanized area of 50,000 and greater",7,262,223.11407521484614,69.30201074497802
24210,"Metropolitan area core: primary flow within an urbanized area of 50,000 and greater",2,112,107.17493701225,109.58746850612499
24219,"Small town core: primary flow within an urban cluster of 2,500 to 9,999",1,37,276.74870968,313.74870968
24401,"Metropolitan area core: primary flow within an urbanized area of 50,000 and greater",1,49,26.851923077,75.851923077
24486,"Metropolitan area high commuting: primary flow 30% or more to a urbanized area of 50,000 and greater",1,94,151.50198101825,245.50198101825
24501,"Metropolitan area core: primary flow within an urbanized area of 50,000 and greater",6,401,302.5451743018333,117.25752905030555
24503,"Metropolitan area core: primary flow within an urbanized area of 50,000 and greater",1,26,128.2077272745,154.2077272745
24541,"Micropolitan area core: primary flow within an urban cluster of 10,000 to 49,999",3,141,239.195694138,126.73189804600001
24551,"Metropolitan area core: primary flow within an urbanized area of 50,000 and greater",1,50,390.81520903,440.81520903
24605,"Micropolitan area core: primary flow within an urban cluster of 10,000 to 49,999",1,113,147.130047794,260.130047794
24740,"Micropolitan area core: primary flow within an urban cluster of 10,000 to 49,999",1,73,24.983493976,97.983493976
25301,"Metropolitan area core: primary flow within an urbanized area of 50,000 and greater",2,453,107.087508416375,280.0437542081875
25304,"Metropolitan area core: primary flow within an urbanized area of 50,000 and greater",2,180,324.180854935,252.0904274675
25309,"Metropolitan area core: primary flow within an urbanized area of 50,000 and greater",1,39,91.08476190633333,130.0847619063333
25401,"Metropolitan area core: primary flow within an urbanized area of 50,000 and greater",3,223,81.471486164,101.490495388
25404,"Metropolitan area core: primary flow within an urbanized area of 50,000 and greater",1,232,112.0101756878,344.01017568780003
25701,"Metropolitan area core: primary flow within an urbanized area of 50,000 and greater",3,242,112.02752792690909,118.00917597563637
25702,"Metropolitan area core: primary flow within an urbanized area of 50,000 and greater",2,201,170.74733418199997,185.873667091
25703,"Metropolitan area core: primary flow within an urbanized area of 50,000 and greater",1,270,130.30021300325,400.30021300325
25705,"Metropolitan area core: primary flow within an urbanized area of 50,000 and greater",6,141,23.266463729833333,27.37774395497222
25801,"Metropolitan area core: primary flow within an urbanized area of 50,000 and greater",2,182,295.754971776,238.877485888
26003,"Metropolitan area core: primary flow within an urbanized area of 50,000 and greater",3,116,72.44155676225,62.813852254083336
26062,"Metropolitan area core: primary flow within an urbanized area of 50,000 and greater",2,97,251.16660856666667,174.08330428333335
26101,"Metropolitan area core: primary flow within an urbanized area of 50,000 and greater",2,107,89.29259901966668,98.14629950983334
26330,"Micropolitan area core: primary flow within an urban cluster of 10,000 to 49,999",3,466,110.88091180855557,192.2936372695185
26505,"Metropolitan area core: primary flow within an urbanized area of 50,000 and greater",2,51,388.5527029,219.77635145
26506,"Metropolitan area core: primary flow within an urbanized area of 50,000 and greater",4,251,73.363692945125,81.09092323628124
26554,"Micropolitan area core: primary flow within an urban cluster of 10,000 to 49,999",1,53,115.00082588,168.00082587999998
27006,"Metropolitan area core: primary flow within an urbanized area of 50,000 and greater",1,102,113.249659806,215.249659806
27103,"Metropolitan area core: primary flow within an urbanized area of 50,000 and greater",13,906,279.821070696,91.21700543815383
27104,"Metropolitan area core: primary flow within an urbanized area of 50,000 and greater",1,117,215.6515871092,332.6515871092
27157,"Metropolitan area core: primary flow within an urbanized area of 50,000 and greater",12,432,141.41551545571429,47.78462628797619
27203,"Micropolitan area core: primary flow within an urban cluster of 10,000 to 49,999",1,13,92.049032258,105.049032258
27215,"Metropolitan area core: primary flow within an urbanized area of 50,000 and greater",2,221,338.44334618,279.72167308999997
27262,"Metropolitan area core: primary flow within an urbanized area of 50,000 and greater",2,36,109.32298535000001,72.661492675
27265,"Metropolitan area core: primary flow within an urbanized area of 50,000 and greater",2,131,360.0209810988,245.5104905494
27284,"Metropolitan area core: primary flow within an urbanized area of 50,000 and greater",2,196,342.03742366625,269.018711833125
27330,"Micropolitan area core: primary flow within an urban cluster of 10,000 to 49,999",2,197,279.46679176666663,238.23339588333332
27401,"Metropolitan area core: primary flow within an urbanized area of 50,000 and greater",3,157,264.9411714314286,140.64705714380952
27403,"Metropolitan area core: primary flow within an urbanized area of 50,000 and greater",1,76,57.380652174000005,133.380652174
27408,"Metropolitan area core: primary flow within an urbanized area of 50,000 and greater",5,307,285.0415690287,118.40831380574
27504,"Metropolitan area low commuting: primary flow 10% to <30% to a urbanized area of 50,000 and greater",1,127,248.14647745000002,375.14647745
27511,"Metropolitan area core: primary flow within an urbanized area of 50,000 and greater",1,105,114.5070277785,219.5070277785
27514,"Metropolitan area core: primary flow within an urbanized area of 50,000 and greater",5,245,165.8952364413,82.17904728826
27517,"Metropolitan area core: primary flow within an urbanized area of 50,000 and greater",1,46,120.765172414,166.765172414
27518,"Metropolitan area core: primary flow within an urbanized area of 50,000 and greater",6,1074,261.03718005499996,222.5061966758333
27526,"Metropolitan area core: primary flow within an urbanized area of 50,000 and greater",2,23,109.19,66.095
27534,"Metropolitan area core: primary flow within an urbanized area of 50,000 and greater",3,113,167.054678322,93.35155944066666
27545,"Metropolitan area core: primary flow within an urbanized area of 50,000 and greater",1,32,110.97,142.97
27546,"Metropolitan area high commuting: primary flow 30% or more to a urbanized area of 50,000 and greater",1,35,320.647083335,355.647083335
27560,"Metropolitan area core: primary flow within an urbanized area of 50,000 and greater",1,26,99.987666667,125.987666667
27577,"Micropolitan area core: primary flow within an urban cluster of 10,000 to 49,999",2,161,285.44437109750004,223.22218554875002
27587,"Metropolitan area core: primary flow within an urbanized area of 50,000 and greater",2,153,188.01429312522222,170.50714656261113
27599,"Metropolitan area core: primary flow within an urbanized area of 50,000 and greater",1,395,171.8256116725,566.8256116725
27607,"Metropolitan area core: primary flow within an urbanized area of 50,000 and greater",4,220,372.29945366545456,148.07486341636366
27609,"Metropolitan area core: primary flow within an urbanized area of 50,000 and greater",12,788,251.04745648473684,86.58728804039474
27610,"Metropolitan area core: primary flow within an urbanized area of 50,000 and greater",1,15,109.79055556,124.79055556
27612,"Metropolitan area core: primary flow within an urbanized area of 50,000 and greater",6,235,89.772073909,54.128678984833336
27614,"Metropolitan area core: primary flow within an urbanized area of 50,000 and greater",6,392,292.364447175625,114.0607411959375
27615,"Metropolitan area core: primary flow within an urbanized area of 50,000 and greater",2,80,254.61206034275,167.306030171375
27704,"Metropolitan area core: primary flow within an urbanized area of 50,000 and greater",7,587,223.10301510642856,115.72900215806122
27705,"Metropolitan area core: primary flow within an urbanized area of 50,000 and greater",6,193,214.8766705868889,67.97944509781482
27707,"Metropolitan area core: primary flow within an urbanized area of 50,000 and greater",2,42,90.001923525,66.0009617625
27710,"Metropolitan area core: primary flow within an urbanized area of 50,000 and greater",3,154,219.4694688782857,124.48982295942858
27804,"Metropolitan area core: primary flow within an urbanized area of 50,000 and greater",1,35,120.7656,155.7656
27834,"Metropolitan area core: primary flow within an urbanized area of 50,000 and greater",17,752,160.32270298306452,53.666041351944976
27870,"Micropolitan area core: primary flow within an urban cluster of 10,000 to 49,999",1,34,329.588333335,363.588333335
27893,"Micropolitan area core: primary flow within an urban cluster of 10,000 to 49,999",3,137,259.9795639896667,132.3265213298889
27909,"Micropolitan area core: primary flow within an urban cluster of 10,000 to 49,999",6,305,203.61506514772728,84.76917752462121
27910,"Small town core: primary flow within an urban cluster of 2,500 to 9,999",1,137,25.829090909,162.829090909
28012,"Metropolitan area core: primary flow within an urbanized area of 50,000 and greater",1,96,273.638477836,369.638477836
28025,"Metropolitan area core: primary flow within an urbanized area of 50,000 and greater",5,221,281.56698281,100.513396562
28054,"Metropolitan area core: primary flow within an urbanized area of 50,000 and greater",5,346,212.0794391031111,111.61588782062222
28078,"Metropolitan area core: primary flow within an urbanized area of 50,000 and greater",4,222,237.3896357928889,114.84740894822222
28105,"Metropolitan area core: primary flow within an urbanized area of 50,000 and greater",1,169,319.23095424666667,488.23095424666667
28134,"Metropolitan area core: primary flow within an urbanized area of 50,000 and greater",1,125,301.01382478666665,426.01382478666665
28147,"Metropolitan area core: primary flow within an urbanized area of 50,000 and greater",2,134,189.26426852016667,161.63213426008332
28150,"Micropolitan area core: primary flow within an urban cluster of 10,000 to 49,999",1,42,111.20611111,153.20611111
28173,"Metropolitan area core: primary flow within an urbanized area of 50,000 and greater",1,95,256.154995742,351.154995742
28202,"Metropolitan area core: primary flow within an urbanized area of 50,000 and greater",6,77,25.474580419666665,17.07909673661111
28203,"Metropolitan area core: primary flow within an urbanized area of 50,000 and greater",8,775,150.92918416954547,115.74114802119318
28204,"Metropolitan area core: primary flow within an urbanized area of 50,000 and greater",4,245,130.4650386737,93.866259668425
28207,"Metropolitan area core: primary flow within an urbanized area of 50,000 and greater",15,646,242.72989295536362,59.24865953035758
28209,"Metropolitan area core: primary flow within an urbanized area of 50,000 and greater",2,420,113.0826380375,266.54131901875
28210,"Metropolitan area core: primary flow within an urbanized area of 50,000 and greater",1,176,133.238150571,309.238150571
28211,"Metropolitan area core: primary flow within an urbanized area of 50,000 and greater",14,412,61.60279534388889,33.82877109599206
28215,"Metropolitan area core: primary flow within an urbanized area of 50,000 and greater",1,12,25.8,37.8
28217,"Metropolitan area core: primary flow within an urbanized area of 50,000 and greater",1,12,92.81,104.81
28226,"Metropolitan area core: primary flow within an urbanized area of 50,000 and greater",1,69,323.77914920666666,392.77914920666666
28277,"Metropolitan area core: primary flow within an urbanized area of 50,000 and greater",4,269,305.55107823833333,143.63776955958332
28304,"Metropolitan area core: primary flow within an urbanized area of 50,000 and greater",5,158,265.732058510375,84.746411702075
28310,"Metropolitan area core: primary flow within an urbanized area of 50,000 and greater",1,37,26.141025641,63.141025641
28314,"Metropolitan area core: primary flow within an urbanized area of 50,000 and greater",3,187,273.50874592125,153.50291530708333
28352,"Micropolitan area core: primary flow within an urban cluster of 10,000 to 49,999",1,55,107.37815013,162.37815013
28358,"Micropolitan area core: primary flow within an urban cluster of 10,000 to 49,999",2,54,64.576354165,59.2881770825
28372,"Micropolitan high commuting: primary flow 30% or more to a urban cluster of 10,000 to 49,999",1,54,400.81453125,454.81453125
28374,"Micropolitan area core: primary flow within an urban cluster of 10,000 to 49,999",11,546,226.05614160725,70.18692196429545
28379,"Micropolitan area core: primary flow within an urban cluster of 10,000 to 49,999",2,82,311.79707895666667,196.89853947833333
28401,"Metropolitan area core: primary flow within an urbanized area of 50,000 and greater",14,1332,192.45193728651515,108.88942409189394
28403,"Metropolitan area core: primary flow within an urbanized area of 50,000 and greater",1,36,391.575869565,427.575869565
28412,"Metropolitan area core: primary flow within an urbanized area of 50,000 and greater",9,1483,229.14814605289476,190.2386828947661
28451,"Metropolitan area core: primary flow within an urbanized area of 50,000 and greater",1,206,296.8761108433333,502.8761108433333
28462,"Rural areas: primary flow to a tract outside a urbanized area of 50,000 and greater or UC",2,116,194.77468894075002,155.387344470375
28468,"Small town core: primary flow within an urban cluster of 2,500 to 9,999",1,248,280.284101734,528.2841017339999
28470,"Rural areas: primary flow to a tract outside a urbanized area of 50,000 and greater or UC",1,464,361.214308448,825.214308448
28501,"Micropolitan area core: primary flow within an urban cluster of 10,000 to 49,999",1,90,355.41598332333336,445.41598332333336
28546,"Metropolitan area core: primary flow within an urbanized area of 50,000 and greater",5,425,349.24306197538465,154.84861239507694
28557,"Micropolitan area core: primary flow within an urban cluster of 10,000 to 49,999",6,781,325.3802372395,184.39670620658333
28560,"Metropolitan area high commuting: primary flow 30% or more to a urbanized area of 50,000 and greater",3,783,316.77495027538464,366.59165009179486
28562,"Micropolitan area core: primary flow within an urban cluster of 10,000 to 49,999",8,227,215.17803273690907,55.272254092113634
28601,"Metropolitan area core: primary flow within an urbanized area of 50,000 and greater",2,92,114.23904362283332,103.11952181141666
28602,"Metropolitan area core: primary flow within an urbanized area of 50,000 and greater",4,961,296.4424919253846,314.3606229813462
28607,"Micropolitan area core: primary flow within an urban cluster of 10,000 to 49,999",1,36,94.540444444,130.540444444
28613,"Metropolitan area core: primary flow within an urbanized area of 50,000 and greater",1,15,116.56363636,131.56363636
28621,"Small town core: primary flow within an urban cluster of 2,500 to 9,999",1,56,335.94159921,391.94159921
28625,"Metropolitan area core: primary flow within an urbanized area of 50,000 and greater",2,172,291.6516879725,231.82584398625
28659,"Micropolitan area core: primary flow within an urban cluster of 10,000 to 49,999",2,25,24.52,24.759999999999998
28690,"Metropolitan area core: primary flow within an urbanized area of 50,000 and greater",1,79,121.316901298,200.316901298
28704,"Metropolitan area core: primary flow within an urbanized area of 50,000 and greater",2,64,56.623141025500004,60.31157051275
28721,"Metropolitan area core: primary flow within an urbanized area of 50,000 and greater",1,85,25.804787234,110.804787234
28722,"Metropolitan area high commuting: primary flow 30% or more to a urbanized area of 50,000 and greater",1,230,369.56319541,599.5631954099999
28732,"Metropolitan area core: primary flow within an urbanized area of 50,000 and greater",2,109,217.58384482533333,163.29192241266668
28752,"Metropolitan area low commuting: primary flow 10% to <30% to a urbanized area of 50,000 and greater",1,148,366.18891424000003,514.18891424
28786,"Metropolitan area core: primary flow within an urbanized area of 50,000 and greater",1,12,22.34,34.34
28791,"Metropolitan area core: primary flow within an urbanized area of 50,000 and greater",3,158,187.199807569,115.06660252299999
28792,"Metropolitan area core: primary flow within an urbanized area of 50,000 and greater",1,22,89.00318181749999,111.00318181749999
28801,"Metropolitan area core: primary flow within an urbanized area of 50,000 and greater",10,807,178.58856448536363,98.55885644853636
28803,"Metropolitan area core: primary flow within an urbanized area of 50,000 and greater",8,948,185.84687766277273,141.7308597078466
29036,"Metropolitan area core: primary flow within an urbanized area of 50,000 and greater",1,16,749.91769231,765.91769231
29063,"Metropolitan area core: primary flow within an urbanized area of 50,000 and greater",1,22,107.37,129.37
29118,"Micropolitan area core: primary flow within an urban cluster of 10,000 to 49,999",2,123,277.12663929,200.063319645
29150,"Metropolitan area core: primary flow within an urbanized area of 50,000 and greater",2,61,114.24523456666668,87.62261728333334
29169,"Metropolitan area core: primary flow within an urbanized area of 50,000 and greater",10,1050,211.9837642598095,126.19837642598095
29201,"Metropolitan area core: primary flow within an urbanized area of 50,000 and greater",9,1126,242.06476218805554,152.00719579867283
29203,"Metropolitan area core: primary flow within an urbanized area of 50,000 and greater",5,366,145.8844585959,102.37689171918001
29204,"Metropolitan area core: primary flow within an urbanized area of 50,000 and greater",4,135,260.46117896,98.86529474
29210,"Metropolitan area core: primary flow within an urbanized area of 50,000 and greater",1,279,107.31521591,386.31521591
29223,"Metropolitan area core: primary flow within an urbanized area of 50,000 and greater",2,56,120.49760942666667,88.24880471333333
29229,"Metropolitan area core: primary flow within an urbanized area of 50,000 and greater",1,34,374.22416667,408.22416667
29303,"Metropolitan area core: primary flow within an urbanized area of 50,000 and greater",8,691,218.3194655227143,113.66493319033928
29325,"Micropolitan area core: primary flow within an urban cluster of 10,000 to 49,999",2,190,274.6594525753333,232.32972628766666
29401,"Metropolitan area core: primary flow within an urbanized area of 50,000 and greater",4,73,23.925,24.23125
29403,"Metropolitan area core: primary flow within an urbanized area of 50,000 and greater",1,76,117.880904185,193.88090418500002
29406,"Metropolitan area core: primary flow within an urbanized area of 50,000 and greater",6,588,212.66050635835293,133.44341772639214
29412,"Metropolitan area core: primary flow within an urbanized area of 50,000 and greater",2,39,113.107936509,76.0539682545
29414,"Metropolitan area core: primary flow within an urbanized area of 50,000 and greater",4,214,117.068550811,82.76713770275
29425,"Metropolitan area core: primary flow within an urbanized area of 50,000 and greater",19,781,206.00487195021623,51.947624839485066
29440,"Micropolitan area core: primary flow within an urban cluster of 10,000 to 49,999",1,21,25.9,46.9
29445,"Metropolitan area core: primary flow within an urbanized area of 50,000 and greater",2,33,108.422454545,70.7112272725
29456,"Metropolitan area core: primary flow within an urbanized area of 50,000 and greater",2,324,311.5391936533333,317.76959682666666
29464,"Metropolitan area core: primary flow within an urbanized area of 50,000 and greater",13,1854,218.39785727025807,159.41521979001985
29466,"Metropolitan area core: primary flow within an urbanized area of 50,000 and greater",2,103,104.7796657142,103.8898328571
29485,"Metropolitan area core: primary flow within an urbanized area of 50,000 and greater",1,114,736.8027126449999,850.8027126449999
29486,"Metropolitan area core: primary flow within an urbanized area of 50,000 and greater",2,123,552.4210675033333,337.7105337516667
29501,"Metropolitan area core: primary flow within an urbanized area of 50,000 and greater",3,69,107.39018315,58.79672771666666
29506,"Metropolitan area core: primary flow within an urbanized area of 50,000 and greater",5,610,265.70462681846664,175.14092536369333
29520,"Small town core: primary flow within an urban cluster of 2,500 to 9,999",1,19,138.33,157.33
29526,"Metropolitan area core: primary flow within an urbanized area of 50,000 and greater",8,825,298.09426018936364,140.38678252367046
29550,"Micropolitan high commuting: primary flow 30% or more to a urban cluster of 10,000 to 49,999",1,22,25.27,47.269999999999996
29572,"Metropolitan area core: primary flow within an urbanized area of 50,000 and greater",2,34,179.53066997599998,106.76533498799999
29576,"Metropolitan area core: primary flow within an urbanized area of 50,000 and greater",9,1996,267.50415092246874,251.50046121360765
29577,"Metropolitan area core: primary flow within an urbanized area of 50,000 and greater",1,85,290.9831327466666,375.9831327466666
29579,"Metropolitan area core: primary flow within an urbanized area of 50,000 and greater",5,359,225.02532816299998,116.8050656326
29582,"Metropolitan area core: primary flow within an urbanized area of 50,000 and greater",1,59,264.92710526499997,323.92710526499997
29585,"Small town core: primary flow within an urban cluster of 2,500 to 9,999",1,189,330.9435117666667,519.9435117666667
29588,"Metropolitan area core: primary flow within an urbanized area of 50,000 and greater",4,427,313.72684757999997,185.18171189499998
29601,"Metropolitan area core: primary flow within an urbanized area of 50,000 and greater",1,66,309.4665708063333,375.4665708063333
29605,"Metropolitan area high commuting: primary flow 30% or more to a urbanized area of 50,000 and greater",9,672,85.49468096445455,84.16607566271718
29607,"Metropolitan area high commuting: primary flow 30% or more to a urbanized area of 50,000 and greater",3,195,124.19957638119999,106.39985879373334
29615,"Metropolitan area core: primary flow within an urbanized area of 50,000 and greater",11,683,213.98769818154548,81.54433619832231
29621,"Metropolitan area core: primary flow within an urbanized area of 50,000 and greater",8,904,318.0583398063334,152.75729247579167
29640,"Metropolitan area core: primary flow within an urbanized area of 50,000 and greater",1,65,119.2975990245,184.29759902450002
29642,"Metropolitan area core: primary flow within an urbanized area of 50,000 and greater",1,53,311.6933333333333,364.6933333333333
29646,"Micropolitan area core: primary flow within an urban cluster of 10,000 to 49,999",2,157,138.288140056,147.644070028
29650,"Metropolitan area core: primary flow within an urbanized area of 50,000 and greater",1,56,105.243875,161.243875
29678,"Micropolitan area core: primary flow within an urban cluster of 10,000 to 49,999",1,43,79.350238095,122.350238095
29681,"Metropolitan area high commuting: primary flow 30% or more to a urbanized area of 50,000 and greater",2,261,237.0212616475,249.01063082375
29708,"Metropolitan area core: primary flow within an urbanized area of 50,000 and greater",1,34,304.11916666499997,338.11916666499997
29720,"Micropolitan high commuting: primary flow 30% or more to a urban cluster of 10,000 to 49,999",2,43,117.49929592666668,80.24964796333333
29732,"Secondary flow 30% to <50% to a larger urbanized area of 50,000 and greater",2,103,279.74828571399996,191.37414285699998
29801,"Metropolitan area core: primary flow within an urbanized area of 50,000 and greater",1,157,257.893558045,414.893558045
29803,"Metropolitan area core: primary flow within an urbanized area of 50,000 and greater",2,226,242.47356438399999,234.236782192
29841,"Metropolitan area core: primary flow within an urbanized area of 50,000 and greater",1,30,91.27,121.27
29902,"Micropolitan area core: primary flow within an urban cluster of 10,000 to 49,999",10,714,187.31338013352382,90.13133801335239
29910,"Metropolitan area core: primary flow within an urbanized area of 50,000 and greater",3,416,294.9611168519,236.98703895063332
29926,"Metropolitan area core: primary flow within an urbanized area of 50,000 and greater",3,114,270.19865243233335,128.06621747744444
29927,"Secondary flow 30% to <50% to a larger urbanized area of 50,000 and greater",1,240,250.91050423333334,490.9105042333333
30004,"Metropolitan area core: primary flow within an urbanized area of 50,000 and greater",1,22,519.425,541.425
30005,"Metropolitan area core: primary flow within an urbanized area of 50,000 and greater",4,768,214.44796842480952,245.61199210620236
30012,"Metropolitan area core: primary flow within an urbanized area of 50,000 and greater",4,265,250.68517816519997,128.9212945413
30014,"Metropolitan area core: primary flow within an urbanized area of 50,000 and greater",5,498,246.0753117586,148.81506235172
30016,"Metropolitan area core: primary flow within an urbanized area of 50,000 and greater",1,17,25.139473684,42.139473683999995
30019,"Metropolitan area core: primary flow within an urbanized area of 50,000 and greater",3,94,140.39809374450002,78.13269791483334
30024,"Metropolitan area core: primary flow within an urbanized area of 50,000 and greater",1,135,751.17504902,886.17504902
30030,"Metropolitan area core: primary flow within an urbanized area of 50,000 and greater",1,27,625.12666667,652.12666667
30033,"Metropolitan area core: primary flow within an urbanized area of 50,000 and greater",1,38,144.99284461050001,182.99284461050001
30034,"Metropolitan area core: primary flow within an urbanized area of 50,000 and greater",2,45,116.50396321,80.751981605
30040,"Metropolitan area core: primary flow within an urbanized area of 50,000 and greater",2,65,315.3254273503333,190.16271367516666
30041,"Metropolitan area core: primary flow within an urbanized area of 50,000 and greater",5,267,266.4424337259,106.68848674517999
30044,"Metropolitan area core: primary flow within an urbanized area of 50,000 and greater",2,186,347.01479070749997,266.50739535375
30046,"Metropolitan area core: primary flow within an urbanized area of 50,000 and greater",20,1201,172.72266442423077,68.68613322121153
30052,"Metropolitan area core: primary flow within an urbanized area of 50,000 and greater",2,74,424.66940624999995,249.33470312499998
30060,"Metropolitan area core: primary flow within an urbanized area of 50,000 and greater",15,967,258.5740591581081,81.70493727720721
30067,"Metropolitan area core: primary flow within an urbanized area of 50,000 and greater",2,132,473.18403358999996,302.59201679499995
30076,"Metropolitan area core: primary flow within an urbanized area of 50,000 and greater",7,811,343.98269937975,164.99752848282145
30078,"Metropolitan area core: primary flow within an urbanized area of 50,000 and greater",2,29,541.3798125000001,285.18990625000004
30088,"Metropolitan area core: primary flow within an urbanized area of 50,000 and greater",1,31,116.59666667,147.59666667
30092,"Metropolitan area core: primary flow within an urbanized area of 50,000 and greater",1,181,427.39348622399996,608.393486224
30096,"Metropolitan area core: primary flow within an urbanized area of 50,000 and greater",2,136,244.01207971959997,190.00603985979998
30097,"Metropolitan area core: primary flow within an urbanized area of 50,000 and greater",2,103,146.57041861675,124.785209308375
30101,"Metropolitan area core: primary flow within an urbanized area of 50,000 and greater",1,44,619.4473341,663.4473341
30106,"Metropolitan area core: primary flow within an urbanized area of 50,000 and greater",8,505,313.91062767284996,102.36382845910624
30110,"Metropolitan area low commuting: primary flow 10% to <30% to a urbanized area of 50,000 and greater",1,22,113.31074405,135.31074404999998
30114,"Metropolitan area core: primary flow within an urbanized area of 50,000 and greater",5,441,416.49731833923073,171.49946366784616
30115,"Metropolitan area core: primary flow within an urbanized area of 50,000 and greater",1,13,387.67,400.67
30117,"Micropolitan area core: primary flow within an urban cluster of 10,000 to 49,999",5,224,387.3247922725,122.26495845449999
30120,"Metropolitan area core: primary flow within an urbanized area of 50,000 and greater",1,12,21.967692308,33.967692308
30121,"Secondary flow 30% to <50% to a urbanized area of 50,000 and greater",6,386,250.28839306485716,106.04806551080952
30132,"Metropolitan area core: primary flow within an urbanized area of 50,000 and greater",3,455,150.0412448220909,201.68041494069698
30135,"Metropolitan area core: primary flow within an urbanized area of 50,000 and greater",4,176,430.37605513560004,151.5940137839
30141,"Metropolitan area core: primary flow within an urbanized area of 50,000 and greater",2,81,223.136901388,152.068450694
30143,"Small town core: primary flow within an urban cluster of 2,500 to 9,999",2,368,317.5395265552222,342.7697632776111
30144,"Metropolitan area core: primary flow within an urbanized area of 50,000 and greater",2,191,145.799794907,168.3998974535
30157,"Metropolitan area core: primary flow within an urbanized area of 50,000 and greater",3,371,408.534032382125,259.84467746070834
30161,"Metropolitan area core: primary flow within an urbanized area of 50,000 and greater",9,323,216.1694737315,59.9077193035
30165,"Metropolitan area high commuting: primary flow 30% or more to a urbanized area of 50,000 and greater",7,314,325.3448284399091,91.33497549141559
30180,"Metropolitan area core: primary flow within an urbanized area of 50,000 and greater",1,12,440.49428571,452.49428571
30188,"Metropolitan area core: primary flow within an urbanized area of 50,000 and greater",2,209,302.34148078385715,255.67074039192858
30189,"Metropolitan area core: primary flow within an urbanized area of 50,000 and greater",6,813,428.653413445,206.9422355741667
30214,"Metropolitan area core: primary flow within an urbanized area of 50,000 and greater",3,175,493.375370654,222.791790218
30224,"Metropolitan area core: primary flow within an urbanized area of 50,000 and greater",2,91,502.3129279126667,296.65646395633337
30233,"Metropolitan area high commuting: primary flow 30% or more to a urbanized area of 50,000 and greater",1,15,110.97157895,125.97157895
30236,"Metropolitan area core: primary flow within an urbanized area of 50,000 and greater",1,26,144.20266667,170.20266667
30241,"Micropolitan area core: primary flow within an urban cluster of 10,000 to 49,999",3,163,320.4127242486667,161.13757474955557
30253,"Metropolitan area core: primary flow within an urbanized area of 50,000 and greater",3,179,273.0313464285,150.67711547616668
30265,"Metropolitan area core: primary flow within an urbanized area of 50,000 and greater",11,644,161.48707036012502,73.22609730546591
30269,"Metropolitan area core: primary flow within an urbanized area of 50,000 and greater",4,210,248.140843227,114.53521080675
30277,"Metropolitan area high commuting: primary flow 30% or more to a urbanized area of 50,000 and greater",1,16,87.799032258,103.799032258
30281,"Metropolitan area core: primary flow within an urbanized area of 50,000 and greater",17,1114,212.5806971292439,78.0341586546614
30297,"Metropolitan area core: primary flow within an urbanized area of 50,000 and greater",1,12,288.85055556,300.85055556
30307,"Metropolitan area core: primary flow within an urbanized area of 50,000 and greater",1,39,161.5590159575,200.5590159575
30308,"Metropolitan area core: primary flow within an urbanized area of 50,000 and greater",2,251,110.685313240375,180.84265662018748
30309,"Metropolitan area core: primary flow within an urbanized area of 50,000 and greater",13,1340,210.60375873930303,119.27721221071562
30318,"Metropolitan area core: primary flow within an urbanized area of 50,000 and greater",1,57,118.07477612,175.07477612
30322,"Metropolitan area core: primary flow within an urbanized area of 50,000 and greater",5,125,87.137432784,42.4274865568
30326,"Metropolitan area core: primary flow within an urbanized area of 50,000 and greater",1,13,116.56317073,129.56317073
30327,"Metropolitan area core: primary flow within an urbanized area of 50,000 and greater",4,164,229.3668756867143,98.34171892167858
30328,"Metropolitan area core: primary flow within an urbanized area of 50,000 and greater",5,336,315.080228519,130.2160457038
30329,"Metropolitan area core: primary flow within an urbanized area of 50,000 and greater",4,306,286.10228433814285,148.02557108453573
30331,"Metropolitan area core: primary flow within an urbanized area of 50,000 and greater",2,24,374.879775645,199.4398878225
30338,"Metropolitan area core: primary flow within an urbanized area of 50,000 and greater",2,45,369.129473684,207.064736842
30339,"Metropolitan area core: primary flow within an urbanized area of 50,000 and greater",2,29,360.37687774349996,194.68843887174998
30342,"Metropolitan area core: primary flow within an urbanized area of 50,000 and greater",20,1186,164.60264014557578,67.5301320072788
30350,"Metropolitan area core: primary flow within an urbanized area of 50,000 and greater",1,28,98.650092593,126.650092593
30458,"Micropolitan area core: primary flow within an urban cluster of 10,000 to 49,999",2,111,142.49030188025,126.745150940125
30501,"Metropolitan area core: primary flow within an urbanized area of 50,000 and greater",15,1310,251.2649379811389,104.0843291987426
30506,"Metropolitan area high commuting: primary flow 30% or more to a urbanized area of 50,000 and greater",1,45,89.434975845,134.434975845
30517,"Metropolitan area high commuting: primary flow 30% or more to a urbanized area of 50,000 and greater",2,107,414.68339743666667,260.8416987183333
30518,"Metropolitan area core: primary flow within an urbanized area of 50,000 and greater",1,42,636.79078125,678.79078125
30534,"Metropolitan area high commuting: primary flow 30% or more to a urbanized area of 50,000 and greater",2,178,355.109541922,266.55477096100003
30546,"Rural areas: primary flow to a tract outside a urbanized area of 50,000 and greater or UC",1,187,146.82089552480002,333.8208955248
30601,"Metropolitan area core: primary flow within an urbanized area of 50,000 and greater",1,12,592.36,604.36
30606,"Metropolitan area core: primary flow within an urbanized area of 50,000 and greater",9,1539,210.52709380392858,194.39189931154763
30677,"Metropolitan area core: primary flow within an urbanized area of 50,000 and greater",3,60,93.57898989766666,51.19299663255555
30701,"Micropolitan area core: primary flow within an urban cluster of 10,000 to 49,999",1,24,169.681271928,193.681271928
30720,"Metropolitan area core: primary flow within an urbanized area of 50,000 and greater",6,730,360.9245624539375,181.8207604089896
30728,"Small town core: primary flow within an urban cluster of 2,500 to 9,999",1,36,99.06,135.06
30809,"Metropolitan area core: primary flow within an urbanized area of 50,000 and greater",5,373,245.8540606589231,123.77081213178462
30813,"Metropolitan area core: primary flow within an urbanized area of 50,000 and greater",1,14,111.23,125.23
30904,"Metropolitan area core: primary flow within an urbanized area of 50,000 and greater",2,208,173.2641635258,190.6320817629
30905,"Metropolitan area core: primary flow within an urbanized area of 50,000 and greater",2,30,73.413636365,51.7068181825
30907,"Metropolitan area core: primary flow within an urbanized area of 50,000 and greater",3,307,214.07438211933334,173.69146070644445
30909,"Metropolitan area core: primary flow within an urbanized area of 50,000 and greater",8,673,299.2576036739546,121.53220045924432
30912,"Metropolitan area core: primary flow within an urbanized area of 50,000 and greater",5,134,96.531694791625,46.106338958325
31015,"Micropolitan area core: primary flow within an urban cluster of 10,000 to 49,999",1,57,107.28300209933333,164.28300209933332
31021,"Micropolitan area core: primary flow within an urban cluster of 10,000 to 49,999",1,11,26.3,37.3
31082,"Small town core: primary flow within an urban cluster of 2,500 to 9,999",1,40,116.56426332,156.56426332
31088,"Metropolitan area core: primary flow within an urbanized area of 50,000 and greater",6,1110,209.8708464961579,219.9784744160263
31093,"Metropolitan area core: primary flow within an urbanized area of 50,000 and greater",4,151,81.328298363,58.08207459075
31201,"Metropolitan area core: primary flow within an urbanized area of 50,000 and greater",3,100,67.04450847466667,55.68150282488889
31210,"Metropolitan area core: primary flow within an urbanized area of 50,000 and greater",8,687,299.9732582553125,123.37165728191405
31313,"Metropolitan area core: primary flow within an urbanized area of 50,000 and greater",1,162,303.3883885925,465.3883885925
31322,"Metropolitan area core: primary flow within an urbanized area of 50,000 and greater",1,130,328.0669836133333,458.0669836133333
31404,"Metropolitan area core: primary flow within an urbanized area of 50,000 and greater",3,182,52.402098362333334,78.13403278744444
31405,"Metropolitan area core: primary flow within an urbanized area of 50,000 and greater",17,701,223.9985560003077,54.41167976472398
31406,"Metropolitan area core: primary flow within an urbanized area of 50,000 and greater",3,113,293.2331386725,135.41104622416665
31501,"Micropolitan area core: primary flow within an urban cluster of 10,000 to 49,999",1,60,444.15975000000003,504.15975000000003
31513,"Micropolitan low commuting: primary flow 10% to <30% to a urban cluster of 10,000 to 49,999",1,144,142.2882947115,286.2882947115
31520,"Metropolitan area core: primary flow within an urbanized area of 50,000 and greater",5,796,254.1720236155,210.03440472309998
31525,"Metropolitan area core: primary flow within an urbanized area of 50,000 and greater",3,245,219.928305281,154.97610176033334
31533,"Micropolitan area core: primary flow within an urban cluster of 10,000 to 49,999",1,19,27.294761905,46.294761905
31558,"Micropolitan area core: primary flow within an urban cluster of 10,000 to 49,999",1,15,105.19,120.19
31602,"Metropolitan area core: primary flow within an urbanized area of 50,000 and greater",7,291,244.350946819375,76.47870668848213
31707,"Metropolitan area core: primary flow within an urbanized area of 50,000 and greater",6,322,284.68695053790907,101.11449175631817
31721,"Metropolitan area core: primary flow within an urbanized area of 50,000 and greater",1,11,104.59090909,115.59090909
31768,"Micropolitan area core: primary flow within an urban cluster of 10,000 to 49,999",2,28,66.72475,47.362375
31792,"Micropolitan area core: primary flow within an urban cluster of 10,000 to 49,999",5,330,322.812463207,130.5624926414
31794,"Micropolitan area core: primary flow within an urban cluster of 10,000 to 49,999",6,226,169.2656766993333,65.87761278322222
31902,"Metropolitan area core: primary flow within an urbanized area of 50,000 and greater",1,102,23.31295082,125.31295082
31904,"Metropolitan area core: primary flow within an urbanized area of 50,000 and greater",5,282,107.43335331566666,77.88667066313333
31906,"Metropolitan area core: primary flow within an urbanized area of 50,000 and greater",2,133,381.189371295,257.0946856475
31909,"Metropolitan area core: primary flow within an urbanized area of 50,000 and greater",7,904,304.077171728125,172.58245310401784
32003,"Metropolitan area core: primary flow within an urbanized area of 50,000 and greater",4,441,266.7282157656,176.9320539414
32025,"Micropolitan area core: primary flow within an urban cluster of 10,000 to 49,999",1,23,111.686875,134.686875
32034,"Secondary flow 30% to <50% to a urbanized area of 50,000 and greater",3,306,313.7885095085715,206.59616983619048
32055,"Micropolitan area core: primary flow within an urban cluster of 10,000 to 49,999",1,62,137.10201785825,199.10201785825
32068,"Metropolitan area core: primary flow within an urbanized area of 50,000 and greater",3,259,361.1471055791667,206.71570185972223
32073,"Metropolitan area core: primary flow within an urbanized area of 50,000 and greater",4,217,377.52861783818184,148.63215445954546
32080,"Metropolitan area core: primary flow within an urbanized area of 50,000 and greater",4,427,367.9362354616875,198.73405886542187
32081,"Metropolitan area core: primary flow within an urbanized area of 50,000 and greater",1,12,227.38947368,239.38947368
32086,"Metropolitan area core: primary flow within an urbanized area of 50,000 and greater",9,988,337.7164052228889,147.3018228025432
32095,"Metropolitan area core: primary flow within an urbanized area of 50,000 and greater",1,410,389.27997017714284,799.2799701771428
32097,"Metropolitan area high commuting: primary flow 30% or more to a urbanized area of 50,000 and greater",2,171,364.58342620571426,267.7917131028571
32114,"Metropolitan area core: primary flow within an urbanized area of 50,000 and greater",3,218,153.15493181671428,123.71831060557143
32117,"Metropolitan area core: primary flow within an urbanized area of 50,000 and greater",17,733,195.52530004566665,54.61913529680392
32119,"Metropolitan area core: primary flow within an urbanized area of 50,000 and greater",1,169,244.7705269145,413.7705269145
32127,"Metropolitan area core: primary flow within an urbanized area of 50,000 and greater",1,158,219.54913898642857,377.5491389864286
32132,"Metropolitan area core: primary flow within an urbanized area of 50,000 and greater",1,38,349.9978991566666,387.9978991566666
32137,"Metropolitan area core: primary flow within an urbanized area of 50,000 and greater",2,385,352.5009170938333,368.75045854691666
32159,"Secondary flow 30% to <50% to a larger urbanized area of 50,000 and greater",6,1433,270.5212636363889,283.9202106060648
32162,"Small town low commuting: primary flow 10% to <30% to a urban cluster of 2,500 to 9,999",2,111,111.14466614,111.07233307
32163,"Metropolitan area high commuting: primary flow 30% or more to a urbanized area of 50,000 and greater",1,27,113.69111111,140.69111111
32164,"Metropolitan area core: primary flow within an urbanized area of 50,000 and greater",2,182,215.301786672,198.650893336
32168,"Metropolitan area high commuting: primary flow 30% or more to a urbanized area of 50,000 and greater",3,50,396.85418498000007,148.95139499333337
32174,"Metropolitan area core: primary flow within an urbanized area of 50,000 and greater",2,271,467.47531755399996,369.237658777
32204,"Metropolitan area core: primary flow within an urbanized area of 50,000 and greater",5,943,315.08528423667997,251.61705684733596
32205,"Metropolitan area core: primary flow within an urbanized area of 50,000 and greater",2,143,294.7321227111111,218.86606135555556
32207,"Metropolitan area core: primary flow within an urbanized area of 50,000 and greater",4,608,287.02498816400004,223.756247041
32209,"Metropolitan area core: primary flow within an urbanized area of 50,000 and greater",2,37,117.71013262633333,77.35506631316667
32210,"Metropolitan area core: primary flow within an urbanized area of 50,000 and greater",1,172,351.32639839333336,523.3263983933334
32216,"Metropolitan area core: primary flow within an urbanized area of 50,000 and greater",13,429,159.02655353958824,45.23281181073756
32217,"Metropolitan area core: primary flow within an urbanized area of 50,000 and greater",1,31,22.81,53.81
32218,"Metropolitan area high commuting: primary flow 30% or more to a urbanized area of 50,000 and greater",1,179,337.4097782447143,516.4097782447143
32223,"Metropolitan area core: primary flow within an urbanized area of 50,000 and greater",2,113,281.71126456800005,197.35563228400002
32224,"Metropolitan area core: primary flow within an urbanized area of 50,000 and greater",30,3185,247.63311719959998,114.42110390665333
32244,"Metropolitan area core: primary flow within an urbanized area of 50,000 and greater",4,506,211.05166670830766,179.26291667707693
32250,"Metropolitan area core: primary flow within an urbanized area of 50,000 and greater",2,102,522.9857914266667,312.4928957133333
32256,"Metropolitan area core: primary flow within an urbanized area of 50,000 and greater",6,357,373.037250776125,121.67287512935417
32258,"Metropolitan area core: primary flow within an urbanized area of 50,000 and greater",1,156,342.81344203333333,498.81344203333333
32301,"Metropolitan area core: primary flow within an urbanized area of 50,000 and greater",2,59,220.2557829325,139.62789146625
32308,"Metropolitan area core: primary flow within an urbanized area of 50,000 and greater",9,671,284.4229025395238,106.15810028216931
32401,"Metropolitan area core: primary flow within an urbanized area of 50,000 and greater",2,346,122.96000823039999,234.4800041152
32405,"Metropolitan area core: primary flow within an urbanized area of 50,000 and greater",10,1636,230.6578880817353,186.66578880817355
32407,"Metropolitan area core: primary flow within an urbanized area of 50,000 and greater",1,275,285.19941310599995,560.199413106
32439,"Metropolitan area high commuting: primary flow 30% or more to a urbanized area of 50,000 and greater",1,28,101.62892857,129.62892857
32444,"Metropolitan area core: primary flow within an urbanized area of 50,000 and greater",1,24,144.18030303,168.18030303
32501,"Metropolitan area core: primary flow within an urbanized area of 50,000 and greater",6,858,243.00198026226315,183.50033004371053
32503,"Metropolitan area core: primary flow within an urbanized area of 50,000 and greater",9,2166,337.7073926864444,278.1897102984938
32504,"Metropolitan area core: primary flow within an urbanized area of 50,000 and greater",9,1219,267.92621153044826,165.21402350338315
32514,"Metropolitan area core: primary flow within an urbanized area of 50,000 and greater",5,1500,247.397953533125,349.479590706625
32539,"Metropolitan area high commuting: primary flow 30% or more to a urbanized area of 50,000 and greater",1,19,593.34,612.34
32541,"Metropolitan area core: primary flow within an urbanized area of 50,000 and greater",3,108,558.145501642,222.04850054733333
32547,"Metropolitan area core: primary flow within an urbanized area of 50,000 and greater",7,1007,287.8238558382692,184.97483654832416
32548,"Metropolitan area core: primary flow within an urbanized area of 50,000 and greater",1,19,111.63,130.63
32561,"Metropolitan area core: primary flow within an urbanized area of 50,000 and greater",3,251,163.78587803483333,138.26195934494444
32563,"Metropolitan area core: primary flow within an urbanized area of 50,000 and greater",2,292,303.86568547142855,297.9328427357143
32566,"Metropolitan area core: primary flow within an urbanized area of 50,000 and greater",1,19,153.83954545,172.83954545
32569,"Metropolitan area core: primary flow within an urbanized area of 50,000 and greater",1,78,402.8182402175,480.8182402175
32578,"Metropolitan area core: primary flow within an urbanized area of 50,000 and greater",1,52,156.426439395,208.426439395
32605,"Metropolitan area core: primary flow within an urbanized area of 50,000 and greater",8,340,263.6552192381764,75.45690240477205
32607,"Metropolitan area core: primary flow within an urbanized area of 50,000 and greater",9,729,240.53115608994116,107.72568400999347
32608,"Metropolitan area core: primary flow within an urbanized area of 50,000 and greater",1,22,96.05,118.05
32610,"Metropolitan area core: primary flow within an urbanized area of 50,000 and greater",16,1534,156.4590670816,105.6536916926
32669,"Metropolitan area high commuting: primary flow 30% or more to a urbanized area of 50,000 and greater",1,37,111.69658537,148.69658536999998
32725,"Secondary flow 30% to <50% to a larger urbanized area of 50,000 and greater",1,41,238.79840387866668,279.7984038786667
32746,"Metropolitan area core: primary flow within an urbanized area of 50,000 and greater",7,610,275.7076218062,126.52966025802857
32751,"Metropolitan area core: primary flow within an urbanized area of 50,000 and greater",2,85,734.94145655,409.970728275
32757,"Metropolitan area core: primary flow within an urbanized area of 50,000 and greater",1,29,113.29375,142.29375
32765,"Metropolitan area core: primary flow within an urbanized area of 50,000 and greater",2,84,277.6194036794,180.8097018397
32789,"Metropolitan area core: primary flow within an urbanized area of 50,000 and greater",10,839,211.239278699,105.02392786989999
32792,"Metropolitan area core: primary flow within an urbanized area of 50,000 and greater",2,72,358.253989009,215.1269945045
32803,"Metropolitan area core: primary flow within an urbanized area of 50,000 and greater",3,204,126.26333028912501,110.08777676304167
32804,"Metropolitan area core: primary flow within an urbanized area of 50,000 and greater",2,81,146.49466286999998,113.74733143499999
32806,"Metropolitan area core: primary flow within an urbanized area of 50,000 and greater",14,1193,231.64594206894117,101.7604244334958
32807,"Metropolitan area core: primary flow within an urbanized area of 50,000 and greater",2,128,187.5909299128,157.7954649564
32809,"Metropolitan area core: primary flow within an urbanized area of 50,000 and greater",1,12,111.70133333,123.70133333
32810,"Metropolitan area core: primary flow within an urbanized area of 50,000 and greater",1,11,175.48266667,186.48266667
32811,"Metropolitan area core: primary flow within an urbanized area of 50,000 and greater",1,12,705.96294118,717.96294118
32819,"Secondary flow 30% to <50% to a larger urbanized area of 50,000 and greater",2,55,333.9758496736667,194.48792483683334
32824,"Metropolitan area high commuting: primary flow 30% or more to a urbanized area of 50,000 and greater",1,12,94.89,106.89
32827,"Metropolitan area core: primary flow within an urbanized area of 50,000 and greater",1,56,418.272333335,474.272333335
32839,"Metropolitan area core: primary flow within an urbanized area of 50,000 and greater",3,143,298.471546955125,147.157182318375
32901,"Metropolitan area core: primary flow within an urbanized area of 50,000 and greater",9,1026,319.4498679948064,149.4944297772007
32904,"Metropolitan area core: primary flow within an urbanized area of 50,000 and greater",2,239,308.55319541166665,273.7765977058333
32935,"Metropolitan area core: primary flow within an urbanized area of 50,000 and greater",3,180,348.5312197415,176.1770732471667
32937,"Metropolitan area core: primary flow within an urbanized area of 50,000 and greater",1,232,348.188023342,580.188023342
32940,"Metropolitan area core: primary flow within an urbanized area of 50,000 and greater",9,1230,299.0520831144706,169.89467590160785
32952,"Metropolitan area core: primary flow within an urbanized area of 50,000 and greater",3,177,444.7247466133333,207.24158220444443
32953,"Metropolitan area core: primary flow within an urbanized area of 50,000 and greater",7,714,264.5686438041667,139.79552054345237
32958,"Metropolitan area core: primary flow within an urbanized area of 50,000 and greater",3,224,152.76349011766666,125.58783003922223
32960,"Metropolitan area core: primary flow within an urbanized area of 50,000 and greater",15,1016,299.0178616611613,87.66785744407743
33009,"Metropolitan area core: primary flow within an urbanized area of 50,000 and greater",2,33,116.930714285,74.9653571425
33012,"Metropolitan area core: primary flow within an urbanized area of 50,000 and greater",2,88,239.547328125,163.77366406250002
33020,"Metropolitan area core: primary flow within an urbanized area of 50,000 and greater",1,30,117.97,147.97
33021,"Metropolitan area core: primary flow within an urbanized area of 50,000 and greater",3,117,303.63454970600003,140.21151656866667
33027,"Metropolitan area core: primary flow within an urbanized area of 50,000 and greater",1,47,109.06519231,156.06519231
33029,"Metropolitan area core: primary flow within an urbanized area of 50,000 and greater",3,130,286.615575215,138.87185840499998
33033,"Metropolitan area core: primary flow within an urbanized area of 50,000 and greater",2,29,121.20142856999999,75.100714285
33040,"Micropolitan area core: primary flow within an urban cluster of 10,000 to 49,999",1,101,443.3359023975,544.3359023974999
33060,"Metropolitan area core: primary flow within an urbanized area of 50,000 and greater",1,101,153.14468618975,254.14468618975
33064,"Metropolitan area core: primary flow within an urbanized area of 50,000 and greater",1,163,343.047608695,506.047608695
33065,"Metropolitan area core: primary flow within an urbanized area of 50,000 and greater",4,294,245.18532422841668,134.79633105710417
33067,"Metropolitan area core: primary flow within an urbanized area of 50,000 and greater",1,13,795.51533333,808.51533333
33073,"Metropolitan area core: primary flow within an urbanized area of 50,000 and greater",1,26,498.502727275,524.502727275
33076,"Metropolitan area core: primary flow within an urbanized area of 50,000 and greater",1,21,24.04,45.04
33125,"Metropolitan area core: primary flow within an urbanized area of 50,000 and greater",1,12,382.77277778,394.77277778
33133,"Metropolitan area core: primary flow within an urbanized area of 50,000 and greater",1,50,122.092,172.09199999999998
33134,"Metropolitan area core: primary flow within an urbanized area of 50,000 and greater",2,73,279.6114492766667,176.30572463833334
33136,"Metropolitan area core: primary flow within an urbanized area of 50,000 and greater",7,166,28.083565796222224,27.726223685174602
33137,"Metropolitan area core: primary flow within an urbanized area of 50,000 and greater",1,34,26.18,60.18
33140,"Metropolitan area core: primary flow within an urbanized area of 50,000 and greater",1,26,537.7057500000001,563.7057500000001
33143,"Metropolitan area core: primary flow within an urbanized area of 50,000 and greater",2,105,247.07449643500001,176.0372482175
33146,"Metropolitan area core: primary flow within an urbanized area of 50,000 and greater",1,34,28.95,62.95
33155,"Metropolitan area core: primary flow within an urbanized area of 50,000 and greater",1,11,116.23214286,127.23214286
33173,"Metropolitan area core: primary flow within an urbanized area of 50,000 and greater",1,22,538.872727275,560.872727275
33176,"Metropolitan area core: primary flow within an urbanized area of 50,000 and greater",7,189,156.49980286777776,49.357114695396824
33180,"Metropolitan area core: primary flow within an urbanized area of 50,000 and greater",4,314,220.02392993166666,133.50598248291666
33199,"Metropolitan area core: primary flow within an urbanized area of 50,000 and greater",1,27,121.74742857,148.74742857
33304,"Metropolitan area core: primary flow within an urbanized area of 50,000 and greater",1,203,440.009340968,643.0093409680001
33306,"Metropolitan area core: primary flow within an urbanized area of 50,000 and greater",1,263,325.58016194000004,588.58016194
33308,"Metropolitan area core: primary flow within an urbanized area of 50,000 and greater",10,718,304.46153470155554,102.24615347015556
33309,"Metropolitan area core: primary flow within an urbanized area of 50,000 and greater",1,12,28.25,40.25
33316,"Metropolitan area core: primary flow within an urbanized area of 50,000 and greater",1,25,24.04,49.04
33317,"Metropolitan area core: primary flow within an urbanized area of 50,000 and greater",1,13,117.97,130.97
33319,"Metropolitan area core: primary flow within an urbanized area of 50,000 and greater",1,48,727.433039215,775.433039215
33321,"Metropolitan area core: primary flow within an urbanized area of 50,000 and greater",3,142,129.63665878199998,90.54555292733333
33324,"Metropolitan area core: primary flow within an urbanized area of 50,000 and greater",1,49,383.3095677633333,432.3095677633333
33326,"Metropolitan area core: primary flow within an urbanized area of 50,000 and greater",1,13,646.26909091,659.26909091
33331,"Metropolitan area core: primary flow within an urbanized area of 50,000 and greater",4,194,102.2006983132857,74.05017457832142
33334,"Metropolitan area core: primary flow within an urbanized area of 50,000 and greater",4,342,295.68639499222223,159.42159874805554
33401,"Metropolitan area core: primary flow within an urbanized area of 50,000 and greater",4,213,243.52587368285714,114.13146842071428
33405,"Metropolitan area core: primary flow within an urbanized area of 50,000 and greater",1,40,761.8466666649999,801.8466666649999
33407,"Metropolitan area core: primary flow within an urbanized area of 50,000 and greater",2,217,415.1770852766667,316.08854263833337
33408,"Metropolitan area core: primary flow within an urbanized area of 50,000 and greater",1,19,167.83403226,186.83403226
33410,"Metropolitan area core: primary flow within an urbanized area of 50,000 and greater",5,409,385.23491321323075,158.84698264264617
33411,"Metropolitan area core: primary flow within an urbanized area of 50,000 and greater",1,98,774.1089140250001,872.1089140250001
33414,"Metropolitan area core: primary flow within an urbanized area of 50,000 and greater",5,534,208.1746328338889,148.43492656677776
33418,"Metropolitan area core: primary flow within an urbanized area of 50,000 and greater",3,97,278.1258224416667,125.0419408138889
33428,"Metropolitan area core: primary flow within an urbanized area of 50,000 and greater",1,12,28.201538462,40.201538462
33431,"Metropolitan area core: primary flow within an urbanized area of 50,000 and greater",3,266,232.63427568128571,166.21142522709525
33433,"Metropolitan area core: primary flow within an urbanized area of 50,000 and greater",2,113,328.83468816879997,220.91734408439999
33434,"Metropolitan area core: primary flow within an urbanized area of 50,000 and greater",1,31,117.97585366,148.97585365999998
33435,"Metropolitan area core: primary flow within an urbanized area of 50,000 and greater",2,83,352.89786295,217.948931475
33437,"Metropolitan area core: primary flow within an urbanized area of 50,000 and greater",4,697,344.99510633700004,260.49877658425
33442,"Metropolitan area core: primary flow within an urbanized area of 50,000 and greater",1,13,188.07970588,201.07970588
33445,"Metropolitan area core: primary flow within an urbanized area of 50,000 and greater",6,583,378.73368901411766,160.28894816901962
33446,"Metropolitan area core: primary flow within an urbanized area of 50,000 and greater",2,200,456.7574921914285,328.3787460957143
33449,"Metropolitan area core: primary flow within an urbanized area of 50,000 and greater",2,109,241.66454016333333,175.33227008166665
33458,"Metropolitan area core: primary flow within an urbanized area of 50,000 and greater",7,684,292.70204684727275,139.52886383532467
33462,"Metropolitan area core: primary flow within an urbanized area of 50,000 and greater",5,240,300.1369503964445,108.02739007928889
33467,"Metropolitan area core: primary flow within an urbanized area of 50,000 and greater",2,60,381.71589743666664,220.85794871833332
33470,"Metropolitan area core: primary flow within an urbanized area of 50,000 and greater",1,26,599.71666667,625.71666667
33477,"Metropolitan area core: primary flow within an urbanized area of 50,000 and greater",1,43,378.5459722233333,421.5459722233333
33483,"Metropolitan area core: primary flow within an urbanized area of 50,000 and greater",2,156,384.85371071142856,270.4268553557143
33484,"Metropolitan area core: primary flow within an urbanized area of 50,000 and greater",3,391,339.7199631508889,243.57332105029627
33486,"Metropolitan area core: primary flow within an urbanized area of 50,000 and greater",4,482,184.67097000230768,166.66774250057694
33496,"Metropolitan area core: primary flow within an urbanized area of 50,000 and greater",1,19,117.97,136.97
33511,"Metropolitan area core: primary flow within an urbanized area of 50,000 and greater",6,506,352.262331871,143.0437219785
33542,"Secondary flow 30% to <50% to a larger urbanized area of 50,000 and greater",1,34,347.14048889,381.14048889
33543,"Secondary flow 30% to <50% to a larger urbanized area of 50,000 and greater",3,280,343.09085406384617,207.69695135461538
33544,"Metropolitan area core: primary flow within an urbanized area of 50,000 and greater",10,891,286.94345575933335,117.79434557593333
33556,"Metropolitan area core: primary flow within an urbanized area of 50,000 and greater",2,124,396.0327363083333,260.0163681541667
33573,"Metropolitan area core: primary flow within an urbanized area of 50,000 and greater",7,883,310.0131840860714,170.43045486943876
33578,"Metropolitan area core: primary flow within an urbanized area of 50,000 and greater",1,68,290.7162096775,358.7162096775
33602,"Metropolitan area core: primary flow within an urbanized area of 50,000 and greater",1,61,27.037333333,88.03733333299999
33603,"Metropolitan area core: primary flow within an urbanized area of 50,000 and greater",6,367,437.7655710478571,134.12759517464283
33606,"Metropolitan area core: primary flow within an urbanized area of 50,000 and greater",1,28,682.90907834,710.90907834
33607,"Metropolitan area core: primary flow within an urbanized area of 50,000 and greater",7,432,379.15975913513336,115.87996559073333
33609,"Metropolitan area core: primary flow within an urbanized area of 50,000 and greater",1,78,761.6516868166667,839.6516868166667
33610,"Metropolitan area core: primary flow within an urbanized area of 50,000 and greater",1,11,479.3875,490.3875
33612,"Metropolitan area core: primary flow within an urbanized area of 50,000 and greater",8,262,133.85855239718182,49.48231904964773
33613,"Metropolitan area core: primary flow within an urbanized area of 50,000 and greater",2,160,282.5821527973,221.29107639865
33614,"Metropolitan area core: primary flow within an urbanized area of 50,000 and greater",3,115,135.64096606849998,83.5469886895
33617,"Metropolitan area core: primary flow within an urbanized area of 50,000 and greater",1,39,323.97410256333336,362.97410256333336
33618,"Metropolitan area core: primary flow within an urbanized area of 50,000 and greater",1,49,199.27862348,248.27862348
33619,"Metropolitan area core: primary flow within an urbanized area of 50,000 and greater",1,93,613.4128687699999,706.4128687699999
33625,"Metropolitan area core: primary flow within an urbanized area of 50,000 and greater",1,148,666.3090526333334,814.3090526333334
33626,"Metropolitan area core: primary flow within an urbanized area of 50,000 and greater",2,183,357.1933953825,270.09669769125003
33637,"Metropolitan area core: primary flow within an urbanized area of 50,000 and greater",3,257,156.174718389875,137.72490612995833
33647,"Metropolitan area core: primary flow within an urbanized area of 50,000 and greater",2,52,241.9595,146.97975
33701,"Metropolitan area core: primary flow within an urbanized area of 50,000 and greater",4,189,280.2981422973,117.324535574325
33703,"Metropolitan area core: primary flow within an urbanized area of 50,000 and greater",3,120,309.33495533216666,143.1116517773889
33705,"Metropolitan area core: primary flow within an urbanized area of 50,000 and greater",2,126,383.713534904,254.856767452
33709,"Metropolitan area core: primary flow within an urbanized area of 50,000 and greater",4,213,341.59221344,138.64805336
33710,"Metropolitan area core: primary flow within an urbanized area of 50,000 and greater",2,71,103.306190289,87.1530951445
33744,"Metropolitan area core: primary flow within an urbanized area of 50,000 and greater",1,90,354.3636013,444.3636013
33756,"Metropolitan area core: primary flow within an urbanized area of 50,000 and greater",6,196,234.94868783863637,71.82478130643939
33759,"Metropolitan area core: primary flow within an urbanized area of 50,000 and greater",1,31,606.986125,637.986125
33761,"Metropolitan area core: primary flow within an urbanized area of 50,000 and greater",4,290,327.40032912525,154.3500822813125
33764,"Metropolitan area core: primary flow within an urbanized area of 50,000 and greater",1,34,22.920588235,56.920588235
33765,"Metropolitan area core: primary flow within an urbanized area of 50,000 and greater",5,1112,301.738745048875,282.747749009775
33770,"Metropolitan area core: primary flow within an urbanized area of 50,000 and greater",2,80,203.4950186994,141.7475093497
33773,"Metropolitan area core: primary flow within an urbanized area of 50,000 and greater",1,11,189.16,200.16
33777,"Metropolitan area core: primary flow within an urbanized area of 50,000 and greater",1,322,505.5779,827.5779
33781,"Metropolitan area core: primary flow within an urbanized area of 50,000 and greater",1,70,772.77449675,842.77449675
33801,"Metropolitan area core: primary flow within an urbanized area of 50,000 and greater",2,50,131.58333333333334,90.79166666666667
33805,"Metropolitan area core: primary flow within an urbanized area of 50,000 and greater",15,749,243.64299552980768,66.17619970198717
33812,"Metropolitan area core: primary flow within an urbanized area of 50,000 and greater",1,21,46.230833333,67.23083333299999
33813,"Metropolitan area core: primary flow within an urbanized area of 50,000 and greater",3,275,199.39486900625002,158.13162300208333
33837,"Metropolitan area core: primary flow within an urbanized area of 50,000 and greater",4,138,214.46868535,88.1171713375
33844,"Metropolitan area core: primary flow within an urbanized area of 50,000 and greater",1,22,338.016666665,360.016666665
33853,"Metropolitan area core: primary flow within an urbanized area of 50,000 and greater",1,58,331.94884058,389.94884058
33870,"Metropolitan area core: primary flow within an urbanized area of 50,000 and greater",5,456,370.31777825300003,165.2635556506
33872,"Metropolitan area core: primary flow within an urbanized area of 50,000 and greater",1,128,328.79717391500003,456.79717391500003
33873,"Micropolitan area core: primary flow within an urban cluster of 10,000 to 49,999",1,16,111.63,127.63
33880,"Metropolitan area core: primary flow within an urbanized area of 50,000 and greater",3,418,359.2568397969231,259.08561326564103
33881,"Metropolitan area core: primary flow within an urbanized area of 50,000 and greater",3,386,267.12155412600004,217.7071847086667
33884,"Metropolitan area core: primary flow within an urbanized area of 50,000 and greater",1,198,621.1699368766667,819.1699368766667
33897,"Metropolitan area high commuting: primary flow 30% or more to a urbanized area of 50,000 and greater",1,60,94.905287671,154.905287671
33901,"Metropolitan area core: primary flow within an urbanized area of 50,000 and greater",5,407,272.17746752666665,135.83549350533332
33903,"Metropolitan area core: primary flow within an urbanized area of 50,000 and greater",1,103,116.5,219.5
33905,"Metropolitan area core: primary flow within an urbanized area of 50,000 and greater",1,11,101.597,112.597
33907,"Metropolitan area core: primary flow within an urbanized area of 50,000 and greater",11,1854,341.9259871414545,199.6296351946777
33908,"Metropolitan area core: primary flow within an urbanized area of 50,000 and greater",4,235,131.40063342977777,91.60015835744444
33912,"Metropolitan area core: primary flow within an urbanized area of 50,000 and greater",21,2905,162.65062976443477,146.07860141735404
33916,"Metropolitan area core: primary flow within an urbanized area of 50,000 and greater",8,803,141.2376297222222,118.02970371527778
33919,"Metropolitan area core: primary flow within an urbanized area of 50,000 and greater",10,1522,352.4463455075484,187.44463455075484
33948,"Metropolitan area core: primary flow within an urbanized area of 50,000 and greater",5,1986,408.04289308320006,478.80857861664
33950,"Metropolitan area core: primary flow within an urbanized area of 50,000 and greater",1,114,176.9753795612,290.9753795612
33952,"Metropolitan area core: primary flow within an urbanized area of 50,000 and greater",3,261,390.1228657,217.0409552333333
33953,"Metropolitan area core: primary flow within an urbanized area of 50,000 and greater",1,36,100.29916898,136.29916898
33990,"Metropolitan area core: primary flow within an urbanized area of 50,000 and greater",1,76,101.96843351625,177.96843351625
34102,"Metropolitan area core: primary flow within an urbanized area of 50,000 and greater",6,499,277.63604994954545,129.43934165825758
34103,"Metropolitan area core: primary flow within an urbanized area of 50,000 and greater",1,72,285.8088884333333,357.8088884333333
34105,"Metropolitan area core: primary flow within an urbanized area of 50,000 and greater",3,280,261.24757504777773,180.41585834925922
34108,"Metropolitan area core: primary flow within an urbanized area of 50,000 and greater",2,448,344.47927778,396.23963889000004
34109,"Metropolitan area core: primary flow within an urbanized area of 50,000 and greater",7,541,360.6669049806471,128.80955785437817
34110,"Metropolitan area core: primary flow within an urbanized area of 50,000 and greater",1,48,493.17500000000007,541.1750000000001
34119,"Metropolitan area core: primary flow within an urbanized area of 50,000 and greater",6,1295,346.69923611909525,273.61653935318253
34134,"Metropolitan area core: primary flow within an urbanized area of 50,000 and greater",1,18,100.28,118.28
34135,"Metropolitan area core: primary flow within an urbanized area of 50,000 and greater",2,242,330.041553974,286.020776987
34202,"Metropolitan area core: primary flow within an urbanized area of 50,000 and greater",4,439,125.36109465008333,141.09027366252084
34205,"Metropolitan area core: primary flow within an urbanized area of 50,000 and greater",5,1082,289.59696716365,274.31939343272995
34208,"Metropolitan area core: primary flow within an urbanized area of 50,000 and greater",1,99,118.17370000000001,217.1737
34211,"Metropolitan area high commuting: primary flow 30% or more to a urbanized area of 50,000 and greater",1,11,357.7616129,368.7616129
34212,"Metropolitan area high commuting: primary flow 30% or more to a urbanized area of 50,000 and greater",11,957,221.65046235489473,107.15004203226316
34224,"Metropolitan area core: primary flow within an urbanized area of 50,000 and greater",1,118,424.95632286499995,542.956322865
34231,"Metropolitan area core: primary flow within an urbanized area of 50,000 and greater",1,158,634.8642592599999,792.8642592599999
34232,"Metropolitan area core: primary flow within an urbanized area of 50,000 and greater",6,2001,388.7552377269,398.29253962114996
34233,"Metropolitan area core: primary flow within an urbanized area of 50,000 and greater",7,1281,275.5055265162143,222.3579323594592
34239,"Metropolitan area core: primary flow within an urbanized area of 50,000 and greater",8,1098,142.64543426063156,155.08067928257896
34241,"Metropolitan area core: primary flow within an urbanized area of 50,000 and greater",1,268,111.64670554,379.64670553999997
34285,"Metropolitan area core: primary flow within an urbanized area of 50,000 and greater",9,1455,312.6012892766667,196.40014325296295
34287,"Metropolitan area core: primary flow within an urbanized area of 50,000 and greater",1,69,111.66506173,180.66506173
34293,"Metropolitan area core: primary flow within an urbanized area of 50,000 and greater",2,121,111.7649681,116.38248405
34429,"Metropolitan area core: primary flow within an urbanized area of 50,000 and greater",1,17,94.89,111.89
34461,"Micropolitan area core: primary flow within an urban cluster of 10,000 to 49,999",1,81,277.84922610666666,358.84922610666666
34471,"Metropolitan area core: primary flow within an urbanized area of 50,000 and greater",9,353,172.62914514454545,58.40323834939394
34474,"Metropolitan area core: primary flow within an urbanized area of 50,000 and greater",5,504,265.72050585200003,153.94410117040002
34481,"Metropolitan area high commuting: primary flow 30% or more to a urbanized area of 50,000 and greater",1,30,452.12566666500004,482.12566666500004
34606,"Secondary flow 30% to <50% to a larger urbanized area of 50,000 and greater",2,87,318.31675189500004,202.65837594750002
34609,"Secondary flow 30% to <50% to a larger urbanized area of 50,000 and greater",3,379,320.6349320325714,233.21164401085716
34613,"Secondary flow 30% to <50% to a larger urbanized area of 50,000 and greater",3,394,398.55223344363634,264.18407781454545
34652,"Metropolitan area core: primary flow within an urbanized area of 50,000 and greater",4,99,187.05266913666665,71.51316728416666
34653,"Metropolitan area core: primary flow within an urbanized area of 50,000 and greater",1,104,288.001693508,392.001693508
34655,"Metropolitan area core: primary flow within an urbanized area of 50,000 and greater",3,83,281.815342969,121.60511432300001
34667,"Metropolitan area core: primary flow within an urbanized area of 50,000 and greater",4,211,346.8010914511111,139.45027286277778
34677,"Metropolitan area core: primary flow within an urbanized area of 50,000 and greater",2,109,103.9887628205,106.49438141025
34683,"Metropolitan area core: primary flow within an urbanized area of 50,000 and greater",1,20,789.56,809.56
34684,"Metropolitan area core: primary flow within an urbanized area of 50,000 and greater",4,175,110.7406776575,71.435169414375
34695,"Metropolitan area core: primary flow within an urbanized area of 50,000 and greater",2,104,308.13908220266666,206.06954110133333
34698,"Metropolitan area core: primary flow within an urbanized area of 50,000 and greater",1,15,703.84130435,718.84130435
34711,"Metropolitan area core: primary flow within an urbanized area of 50,000 and greater",4,438,383.70435295799996,205.4260882395
34741,"Secondary flow 30% to <50% to a larger urbanized area of 50,000 and greater",2,249,299.44427790857145,274.2221389542857
34744,"Secondary flow 30% to <50% to a larger urbanized area of 50,000 and greater",3,120,341.475932938,153.82531097933335
34747,"Metropolitan area high commuting: primary flow 30% or more to a urbanized area of 50,000 and greater",1,48,157.72595317949998,205.72595317949998
34748,"Metropolitan area core: primary flow within an urbanized area of 50,000 and greater",12,443,162.04065192423076,50.42005432701924
34761,"Metropolitan area core: primary flow within an urbanized area of 50,000 and greater",1,35,139.5700174815,174.5700174815
34769,"Secondary flow 30% to <50% to a larger urbanized area of 50,000 and greater",1,32,484.041944445,516.041944445
34788,"Metropolitan area core: primary flow within an urbanized area of 50,000 and greater",2,219,363.5845906433333,291.29229532166664
34952,"Metropolitan area core: primary flow within an urbanized area of 50,000 and greater",5,574,270.2683794551905,168.8536758910381
34957,"Metropolitan area core: primary flow within an urbanized area of 50,000 and greater",2,174,476.32536386,325.16268192999996
34986,"Metropolitan area core: primary flow within an urbanized area of 50,000 and greater",2,63,329.1957061,196.09785305
34987,"Metropolitan area core: primary flow within an urbanized area of 50,000 and greater",7,494,285.2576975383125,111.32252821975894
34994,"Metropolitan area core: primary flow within an urbanized area of 50,000 and greater",5,506,252.71985694533333,151.74397138906664
35007,"Metropolitan area core: primary flow within an urbanized area of 50,000 and greater",1,18,104.45,122.45
35010,"Small town core: primary flow within an urban cluster of 2,500 to 9,999",1,12,25.841538462,37.841538462
35125,"Micropolitan high commuting: primary flow 30% or more to a urban cluster of 10,000 to 49,999",1,31,434.048872545,465.048872545
35205,"Metropolitan area core: primary flow within an urbanized area of 50,000 and greater",5,188,189.656591657,75.5313183314
35209,"Metropolitan area core: primary flow within an urbanized area of 50,000 and greater",4,293,230.83268740822223,130.95817185205556
35213,"Metropolitan area core: primary flow within an urbanized area of 50,000 and greater",3,180,219.0478273135,133.01594243783333
35216,"Metropolitan area core: primary flow within an urbanized area of 50,000 and greater",4,353,338.3666959106667,172.8416739776667
35223,"Metropolitan area core: primary flow within an urbanized area of 50,000 and greater",1,100,254.726199168,354.726199168
35233,"Metropolitan area core: primary flow within an urbanized area of 50,000 and greater",3,107,151.1854596682,86.0618198894
35235,"Metropolitan area core: primary flow within an urbanized area of 50,000 and greater",2,143,236.3364573815,189.66822869075
35242,"Metropolitan area core: primary flow within an urbanized area of 50,000 and greater",3,164,197.23325380816667,120.41108460272221
35243,"Metropolitan area core: primary flow within an urbanized area of 50,000 and greater",3,191,326.471994193375,172.49066473112498
35244,"Metropolitan area core: primary flow within an urbanized area of 50,000 and greater",4,248,286.84946714675,133.71236678668748
35249,Unknown,4,467,294.28837803275,190.3220945081875
35404,"Metropolitan area core: primary flow within an urbanized area of 50,000 and greater",2,295,119.73669384150001,207.36834692075
35406,"Metropolitan area core: primary flow within an urbanized area of 50,000 and greater",9,150,137.09691685333334,31.899657428148153
35473,"Metropolitan area core: primary flow within an urbanized area of 50,000 and greater",1,14,271.82466667,285.82466667
35601,"Metropolitan area core: primary flow within an urbanized area of 50,000 and greater",1,32,159.518505749,191.518505749
35603,"Metropolitan area core: primary flow within an urbanized area of 50,000 and greater",1,19,551.81135135,570.81135135
35613,"Metropolitan area core: primary flow within an urbanized area of 50,000 and greater",1,138,152.6107784355,290.61077843550004
35630,"Metropolitan area core: primary flow within an urbanized area of 50,000 and greater",2,416,309.15702345,362.578511725
35661,"Metropolitan area core: primary flow within an urbanized area of 50,000 and greater",1,37,151.0602631575,188.0602631575
35758,"Metropolitan area core: primary flow within an urbanized area of 50,000 and greater",2,96,401.30674733666666,248.65337366833333
35801,"Metropolitan area core: primary flow within an urbanized area of 50,000 and greater",16,948,178.18440140803028,70.38652508800189
35802,"Metropolitan area core: primary flow within an urbanized area of 50,000 and greater",3,276,184.96798142555556,153.6559938085185
35805,"Metropolitan area core: primary flow within an urbanized area of 50,000 and greater",1,15,101.08857143,116.08857143
35957,"Micropolitan area core: primary flow within an urban cluster of 10,000 to 49,999",1,12,25.45,37.45
35959,"Metropolitan area high commuting: primary flow 30% or more to a urbanized area of 50,000 and greater",1,21,89.444444444,110.444444444
35968,"Rural areas: primary flow to a tract outside a urbanized area of 50,000 and greater or UC",2,147,124.66770784600001,135.833853923
36066,"Metropolitan area core: primary flow within an urbanized area of 50,000 and greater",1,274,347.175886196,621.175886196
36081,"Micropolitan area core: primary flow within an urban cluster of 10,000 to 49,999",1,68,192.60417197,260.60417197000004
36106,"Metropolitan area core: primary flow within an urbanized area of 50,000 and greater",2,29,64.975238095,46.9876190475
36111,"Metropolitan area core: primary flow within an urbanized area of 50,000 and greater",2,25,25.2934615385,25.14673076925
36116,"Metropolitan area core: primary flow within an urbanized area of 50,000 and greater",1,274,350.881364862,624.881364862
36117,"Metropolitan area core: primary flow within an urbanized area of 50,000 and greater",5,799,323.068798148,224.4137596296
36205,"Metropolitan area core: primary flow within an urbanized area of 50,000 and greater",1,100,338.1291296366667,438.1291296366667
36301,"Metropolitan area high commuting: primary flow 30% or more to a urbanized area of 50,000 and greater",5,262,157.85949476441667,83.97189895288334
36305,"Metropolitan area core: primary flow within an urbanized area of 50,000 and greater",1,67,259.748255933,326.748255933
36330,"Micropolitan area core: primary flow within an urban cluster of 10,000 to 49,999",2,45,323.8333,184.41665
36526,"Secondary flow 30% to <50% to a larger urbanized area of 50,000 and greater",5,696,356.42971463533337,210.48594292706667
36527,"Secondary flow 30% to <50% to a larger urbanized area of 50,000 and greater",1,60,313.45780332,373.45780332
36532,"Secondary flow 30% to <50% to a urbanized area of 50,000 and greater",1,29,151.179595588,180.179595588
36535,"Small town core: primary flow within an urban cluster of 2,500 to 9,999",1,38,169.64727272550002,207.64727272550002
36604,"Metropolitan area core: primary flow within an urbanized area of 50,000 and greater",1,30,67.596619718,97.596619718
36607,"Metropolitan area core: primary flow within an urbanized area of 50,000 and greater",1,53,157.99133333333333,210.99133333333333
36608,"Metropolitan area core: primary flow within an urbanized area of 50,000 and greater",5,136,245.46780743771427,76.29356148754286
36609,"Metropolitan area core: primary flow within an urbanized area of 50,000 and greater",2,24,228.131298705,126.0656493525
36688,"Metropolitan area core: primary flow within an urbanized area of 50,000 and greater",1,43,94.89,137.89
36801,"Metropolitan area core: primary flow within an urbanized area of 50,000 and greater",1,55,113.88165054033334,168.88165054033334
36830,"Metropolitan area core: primary flow within an urbanized area of 50,000 and greater",1,53,428.71129718500003,481.71129718500003
37013,"Metropolitan area core: primary flow within an urbanized area of 50,000 and greater",6,793,214.9114500711579,167.9852416785263
37027,"Metropolitan area core: primary flow within an urbanized area of 50,000 and greater",3,488,336.0071137225556,274.66903790751854
37040,"Metropolitan area core: primary flow within an urbanized area of 50,000 and greater",2,39,162.9698807835,100.98494039175
37043,"Metropolitan area core: primary flow within an urbanized area of 50,000 and greater",3,112,333.9028455248,148.6342818416
37066,"Metropolitan area core: primary flow within an urbanized area of 50,000 and greater",2,68,501.1855529966667,284.59277649833336
37067,"Metropolitan area core: primary flow within an urbanized area of 50,000 and greater",4,229,273.31210685714285,125.57802671428571
37072,"Metropolitan area core: primary flow within an urbanized area of 50,000 and greater",6,436,101.51018734,89.58503122333333
37075,"Metropolitan area core: primary flow within an urbanized area of 50,000 and greater",3,504,337.777261329625,280.5924204432083
37076,"Metropolitan area core: primary flow within an urbanized area of 50,000 and greater",2,175,406.57820797,290.789103985
37087,"Secondary flow 30% to <50% to a urbanized area of 50,000 and greater",1,56,373.67652777499995,429.67652777499995
37110,"Micropolitan area core: primary flow within an urban cluster of 10,000 to 49,999",1,18,25.27952381,43.27952381
37122,"Metropolitan area core: primary flow within an urbanized area of 50,000 and greater",1,79,166.56436323600002,245.56436323600002
37128,"Secondary flow 30% to <50% to a larger urbanized area of 50,000 and greater",1,69,289.83864391075,358.83864391075
37129,"Secondary flow 30% to <50% to a larger urbanized area of 50,000 and greater",4,539,304.5990923721429,210.89977309303572
37130,"Secondary flow 30% to <50% to a larger urbanized area of 50,000 and greater",1,160,104.77095833199999,264.77095833199996
37160,"Micropolitan area core: primary flow within an urban cluster of 10,000 to 49,999",1,13,25.26,38.260000000000005
37167,"Metropolitan area core: primary flow within an urbanized area of 50,000 and greater",2,97,369.38940242175,233.194701210875
37174,"Metropolitan area high commuting: primary flow 30% or more to a urbanized area of 50,000 and greater",1,19,595.90229167,614.90229167
37203,"Metropolitan area core: primary flow within an urbanized area of 50,000 and greater",10,525,325.0361052122778,85.00361052122778
37205,"Metropolitan area core: primary flow within an urbanized area of 50,000 and greater",3,187,325.977899531,170.99263317700002
37207,"Metropolitan area core: primary flow within an urbanized area of 50,000 and greater",3,466,188.6218827725,218.20729425749997
37209,"Metropolitan area core: primary flow within an urbanized area of 50,000 and greater",1,54,89.799722222,143.799722222
37211,"Metropolitan area core: primary flow within an urbanized area of 50,000 and greater",1,15,587.665,602.665
37212,"Metropolitan area core: primary flow within an urbanized area of 50,000 and greater",1,64,127.38950617300002,191.38950617300003
37232,"Metropolitan area core: primary flow within an urbanized area of 50,000 and greater",14,771,188.22449839623528,68.5160355997311
37312,"Metropolitan area core: primary flow within an urbanized area of 50,000 and greater",1,65,366.46388095333333,431.46388095333333
37321,"Micropolitan area core: primary flow within an urban cluster of 10,000 to 49,999",1,166,118.76689890200001,284.766898902
37343,"Metropolitan area core: primary flow within an urbanized area of 50,000 and greater",1,428,639.38219504,1067.3821950400002
37355,"Micropolitan area core: primary flow within an urban cluster of 10,000 to 49,999",2,237,342.6072118642857,289.8036059321429
37363,"Metropolitan area core: primary flow within an urbanized area of 50,000 and greater",1,209,154.090190196,363.090190196
37381,"Rural areas: primary flow to a tract outside a urbanized area of 50,000 and greater or UC",1,16,89.855135135,105.855135135
37398,"Micropolitan area core: primary flow within an urban cluster of 10,000 to 49,999",2,132,135.4714939388,133.7357469694
37402,"Metropolitan area core: primary flow within an urbanized area of 50,000 and greater",1,20,568.26837209,588.26837209
37403,"Metropolitan area core: primary flow within an urbanized area of 50,000 and greater",3,88,69.96196386875,52.65398795625
37404,"Metropolitan area core: primary flow within an urbanized area of 50,000 and greater",7,649,166.85103283485714,116.55014754783674
37411,"Metropolitan area core: primary flow within an urbanized area of 50,000 and greater",1,15,321.375,336.375
37421,"Metropolitan area core: primary flow within an urbanized area of 50,000 and greater",8,837,242.44974467240908,134.93121808405112
37601,"Metropolitan area core: primary flow within an urbanized area of 50,000 and greater",3,98,162.845661905,86.94855396833333
37604,"Metropolitan area core: primary flow within an urbanized area of 50,000 and greater",9,921,290.7135266988077,134.63483629986752
37620,"Metropolitan area core: primary flow within an urbanized area of 50,000 and greater",2,149,304.07155302999996,226.53577651499998
37660,"Metropolitan area core: primary flow within an urbanized area of 50,000 and greater",2,117,152.26079714375,134.630398571875
37701,"Metropolitan area core: primary flow within an urbanized area of 50,000 and greater",3,299,120.20603287215384,139.73534429071796
37804,"Metropolitan area core: primary flow within an urbanized area of 50,000 and greater",3,91,167.8013257585,86.26710858616667
37813,"Metropolitan area core: primary flow within an urbanized area of 50,000 and greater",1,181,262.468223632,443.468223632
37814,"Metropolitan area core: primary flow within an urbanized area of 50,000 and greater",1,11,91.194166667,102.194166667
37830,"Metropolitan area core: primary flow within an urbanized area of 50,000 and greater",1,69,241.60856631000001,310.60856631
37909,"Metropolitan area core: primary flow within an urbanized area of 50,000 and greater",7,695,309.0602308082941,143.4371758297563
37916,"Metropolitan area core: primary flow within an urbanized area of 50,000 and greater",13,521,174.5191920195,53.501476309192306
37917,"Metropolitan area core: primary flow within an urbanized area of 50,000 and greater",1,118,236.09616347333335,354.0961634733334
37920,"Metropolitan area core: primary flow within an urbanized area of 50,000 and greater",10,446,116.64837280517648,56.264837280517646
37922,"Metropolitan area core: primary flow within an urbanized area of 50,000 and greater",4,695,256.96903358605556,237.99225839651388
37923,"Metropolitan area core: primary flow within an urbanized area of 50,000 and greater",6,345,162.5655387668889,84.59425646114815
37932,"Metropolitan area core: primary flow within an urbanized area of 50,000 and greater",1,34,451.68423077,485.68423077
38016,"Metropolitan area core: primary flow within an urbanized area of 50,000 and greater",1,236,257.179624126,493.179624126
38018,"Metropolitan area core: primary flow within an urbanized area of 50,000 and greater",2,69,142.3793526785,105.68967633925
38024,"Micropolitan area core: primary flow within an urban cluster of 10,000 to 49,999",1,61,117.786336033,178.786336033
38103,"Metropolitan area core: primary flow within an urbanized area of 50,000 and greater",2,62,87.90789351766666,74.95394675883333
38119,"Metropolitan area core: primary flow within an urbanized area of 50,000 and greater",2,299,323.48309384844447,311.24154692422223
38120,"Metropolitan area core: primary flow within an urbanized area of 50,000 and greater",12,1476,211.31539847665624,140.60961653972137
38133,"Metropolitan area core: primary flow within an urbanized area of 50,000 and greater",1,45,151.9445242935,196.9445242935
38138,"Metropolitan area core: primary flow within an urbanized area of 50,000 and greater",8,375,370.57851482186663,93.19731435273333
38242,"Micropolitan area core: primary flow within an urban cluster of 10,000 to 49,999",4,123,126.35436514000001,62.33859128500001
38261,"Micropolitan area core: primary flow within an urban cluster of 10,000 to 49,999",1,18,86.358846154,104.358846154
38301,"Metropolitan area core: primary flow within an urbanized area of 50,000 and greater",2,41,65.3816666665,53.19083333325
38305,"Metropolitan area core: primary flow within an urbanized area of 50,000 and greater",6,477,322.13650059686665,133.18941676614443
38401,"Micropolitan area core: primary flow within an urban cluster of 10,000 to 49,999",5,599,278.5444483367059,175.50888966734118
38501,"Micropolitan area core: primary flow within an urban cluster of 10,000 to 49,999",5,497,184.01234041158332,136.20246808231667
38555,"Micropolitan area core: primary flow within an urban cluster of 10,000 to 49,999",1,22,159.95212121149999,181.95212121149999
38618,"Metropolitan area high commuting: primary flow 30% or more to a urbanized area of 50,000 and greater",1,40,89.789211356,129.789211356
38655,"Micropolitan high commuting: primary flow 30% or more to a urban cluster of 10,000 to 49,999",5,201,131.95048288883333,66.59009657776667
38668,"Metropolitan area high commuting: primary flow 30% or more to a urbanized area of 50,000 and greater",1,44,111.73111111,155.73111111
38671,"Metropolitan area core: primary flow within an urbanized area of 50,000 and greater",5,441,318.923917402625,151.98478348052498
38703,"Micropolitan area core: primary flow within an urban cluster of 10,000 to 49,999",1,40,449.44500000000005,489.44500000000005
38801,"Micropolitan area core: primary flow within an urban cluster of 10,000 to 49,999",13,1138,179.99455577390907,101.384196597993
38834,"Micropolitan high commuting: primary flow 30% or more to a urban cluster of 10,000 to 49,999",2,657,295.695326794875,476.3476633974375
38863,"Small town core: primary flow within an urban cluster of 2,500 to 9,999",1,44,86.26,130.26
38916,"Small town high commuting: primary flow 30% or more to a urban cluster of 2,500 to 9,999",1,63,25.18,88.18
38930,"Micropolitan area core: primary flow within an urban cluster of 10,000 to 49,999",2,129,312.7809923282,220.8904961641
39110,"Metropolitan area core: primary flow within an urbanized area of 50,000 and greater",2,309,309.5130416741111,309.2565208370555
39157,"Metropolitan area core: primary flow within an urbanized area of 50,000 and greater",1,28,235.436451615,263.436451615
39180,"Micropolitan area core: primary flow within an urban cluster of 10,000 to 49,999",1,193,314.8712380957143,507.8712380957143
39202,"Metropolitan area core: primary flow within an urbanized area of 50,000 and greater",3,179,139.27181732399998,106.09060577466666
39216,"Metropolitan area core: primary flow within an urbanized area of 50,000 and greater",10,751,105.98307635553333,85.69830763555333
39232,"Metropolitan area core: primary flow within an urbanized area of 50,000 and greater",10,1283,269.15904228333335,155.21590422833333
39272,"Metropolitan area core: primary flow within an urbanized area of 50,000 and greater",1,51,165.029137931,216.029137931
39301,"Micropolitan high commuting: primary flow 30% or more to a urban cluster of 10,000 to 49,999",5,1366,210.48959744585716,315.2979194891715
39305,"Micropolitan area core: primary flow within an urban cluster of 10,000 to 49,999",1,50,161.512830111,211.512830111
39401,"Metropolitan area core: primary flow within an urbanized area of 50,000 and greater",5,917,229.39682694433336,229.27936538886667
39402,"Metropolitan area core: primary flow within an urbanized area of 50,000 and greater",7,728,257.50527522536845,140.78646788933835
39440,"Micropolitan area core: primary flow within an urban cluster of 10,000 to 49,999",4,126,175.42392047475002,75.35598011868751
39501,"Metropolitan area core: primary flow within an urbanized area of 50,000 and greater",2,163,183.4006403442,173.20032017210002
39503,"Metropolitan area high commuting: primary flow 30% or more to a urbanized area of 50,000 and greater",5,351,89.8312424894,88.16624849787999
39520,"Metropolitan area core: primary flow within an urbanized area of 50,000 and greater",1,62,130.20293478050002,192.20293478050002
39531,"Metropolitan area core: primary flow within an urbanized area of 50,000 and greater",1,87,579.5504725549999,666.5504725549999
39564,"Metropolitan area core: primary flow within an urbanized area of 50,000 and greater",2,338,160.49618229866667,249.24809114933333
39565,"Metropolitan area high commuting: primary flow 30% or more to a urbanized area of 50,000 and greater",2,215,313.3055900291667,264.1527950145834
39581,"Metropolitan area core: primary flow within an urbanized area of 50,000 and greater",4,604,280.1184360152,221.0296090038
39601,"Micropolitan area core: primary flow within an urban cluster of 10,000 to 49,999",2,121,139.6979176092,130.3489588046
39705,"Secondary flow 30% to <50% to a urban cluster of 10,000 to 49,999",5,511,218.01368436980002,145.80273687396
40004,"Micropolitan area core: primary flow within an urban cluster of 10,000 to 49,999",1,58,119.19013888900001,177.19013888900002
40165,"Metropolitan area high commuting: primary flow 30% or more to a urbanized area of 50,000 and greater",1,31,88.541501976,119.541501976
40202,"Metropolitan area core: primary flow within an urbanized area of 50,000 and greater",10,646,152.0669985151818,79.80669985151818
40205,"Metropolitan area core: primary flow within an urbanized area of 50,000 and greater",1,36,319.674155845,355.674155845
40207,"Metropolitan area core: primary flow within an urbanized area of 50,000 and greater",13,2001,305.30724569814635,177.40824966908818
40215,"Metropolitan area core: primary flow within an urbanized area of 50,000 and greater",1,90,117.2019038952,207.20190389520002
40216,"Metropolitan area core: primary flow within an urbanized area of 50,000 and greater",1,179,317.57886702999997,496.57886702999997
40217,"Metropolitan area core: primary flow within an urbanized area of 50,000 and greater",5,278,323.87773429758334,120.37554685951667
40222,"Metropolitan area core: primary flow within an urbanized area of 50,000 and greater",4,441,323.43185255255554,191.10796313813887
40223,"Metropolitan area core: primary flow within an urbanized area of 50,000 and greater",3,842,254.19135377053846,365.3971179235128
40241,"Metropolitan area core: primary flow within an urbanized area of 50,000 and greater",3,531,283.07524053599997,271.35841351199997
40245,"Metropolitan area core: primary flow within an urbanized area of 50,000 and greater",1,41,21.75245283,62.752452829999996
40258,"Metropolitan area core: primary flow within an urbanized area of 50,000 and greater",1,140,369.2901851874,509.2901851874
40272,"Metropolitan area core: primary flow within an urbanized area of 50,000 and greater",1,27,91.280402299,118.280402299
40291,"Metropolitan area core: primary flow within an urbanized area of 50,000 and greater",1,14,88.700681818,102.700681818
40324,"Micropolitan area core: primary flow within an urban cluster of 10,000 to 49,999",2,110,97.88650875775001,103.943254378875
40351,"Rural areas: primary flow to a tract outside a urbanized area of 50,000 and greater or UC",2,60,142.05370793766667,101.02685396883334
40391,"Micropolitan area core: primary flow within an urban cluster of 10,000 to 49,999",5,212,162.0736848285,74.8147369657
40422,"Micropolitan area core: primary flow within an urban cluster of 10,000 to 49,999",3,126,316.23387542300003,147.4112918076667
40475,"Micropolitan area core: primary flow within an urban cluster of 10,000 to 49,999",1,12,26.039230769,38.039230769
40503,"Metropolitan area core: primary flow within an urbanized area of 50,000 and greater",6,297,234.1249142676923,88.52081904461538
40504,"Metropolitan area core: primary flow within an urbanized area of 50,000 and greater",7,706,269.6102388240435,139.37289126057766
40508,"Metropolitan area core: primary flow within an urbanized area of 50,000 and greater",1,243,379.714637212,622.7146372120001
40509,"Metropolitan area core: primary flow within an urbanized area of 50,000 and greater",8,1050,292.82000838927274,167.8525010486591
40513,"Metropolitan area core: primary flow within an urbanized area of 50,000 and greater",1,216,104.17302876,320.17302875999997
40515,"Metropolitan area core: primary flow within an urbanized area of 50,000 and greater",1,217,409.7971259016667,626.7971259016667
40536,"Metropolitan area core: primary flow within an urbanized area of 50,000 and greater",5,226,134.5250454395,72.1050090879
40601,"Micropolitan area core: primary flow within an urban cluster of 10,000 to 49,999",1,220,322.801213068,542.8012130679999
40701,"Micropolitan area core: primary flow within an urban cluster of 10,000 to 49,999",3,260,286.27949733728576,182.09316577909524
40741,"Micropolitan area core: primary flow within an urban cluster of 10,000 to 49,999",1,36,239.71745775666668,275.7174577566667
41017,"Metropolitan area core: primary flow within an urbanized area of 50,000 and greater",4,351,267.7248172527,154.681204313175
41018,"Metropolitan area core: primary flow within an urbanized area of 50,000 and greater",1,187,308.40748835666665,495.40748835666665
41042,"Metropolitan area core: primary flow within an urbanized area of 50,000 and greater",4,711,189.93993864875,225.23498466218751
41076,"Metropolitan area core: primary flow within an urbanized area of 50,000 and greater",1,89,124.18498475733332,213.18498475733332
41101,"Metropolitan area core: primary flow within an urbanized area of 50,000 and greater",5,214,138.91553070237498,70.583106140475
41179,"Rural areas: primary flow to a tract outside a urbanized area of 50,000 and greater or UC",1,11,25.94,36.94
41501,"Rural areas: primary flow to a tract outside a urbanized area of 50,000 and greater or UC",7,168,53.977009102000004,31.711001300285716
41653,"Small town core: primary flow within an urban cluster of 2,500 to 9,999",1,19,25.929545455,44.929545454999996
41701,"Small town core: primary flow within an urban cluster of 2,500 to 9,999",1,49,119.891851851,168.891851851
42001,"Micropolitan area core: primary flow within an urban cluster of 10,000 to 49,999",3,669,250.59645706983335,306.5321523566111
42003,"Micropolitan area core: primary flow within an urban cluster of 10,000 to 49,999",3,391,226.8954261148889,205.9651420382963
42071,"Micropolitan area core: primary flow within an urban cluster of 10,000 to 49,999",3,48,46.38639197366666,31.46213065788889
42101,"Metropolitan area core: primary flow within an urbanized area of 50,000 and greater",3,139,322.84441538516666,153.9481384617222
42103,"Metropolitan area core: primary flow within an urbanized area of 50,000 and greater",3,251,346.18953492272726,199.06317830757575
42104,"Metropolitan area core: primary flow within an urbanized area of 50,000 and greater",2,788,276.829912066,532.414956033
42134,"Small town core: primary flow within an urban cluster of 2,500 to 9,999",1,108,390.61912820400005,498.61912820400005
42141,"Micropolitan area core: primary flow within an urban cluster of 10,000 to 49,999",2,134,288.91119827085714,211.45559913542857
42240,"Micropolitan area core: primary flow within an urban cluster of 10,000 to 49,999",1,98,317.47162289,415.47162289
42303,"Metropolitan area core: primary flow within an urbanized area of 50,000 and greater",2,94,323.265682294,208.632841147
42420,"Metropolitan area core: primary flow within an urbanized area of 50,000 and greater",3,587,204.01321056249998,263.6710701875
42431,"Micropolitan area core: primary flow within an urban cluster of 10,000 to 49,999",1,53,328.38247436,381.38247436
42503,"Micropolitan area core: primary flow within an urban cluster of 10,000 to 49,999",1,37,117.35200592849999,154.35200592849998
42701,"Metropolitan area core: primary flow within an urbanized area of 50,000 and greater",4,926,286.0784323711667,303.01960809279166
42718,"Micropolitan area core: primary flow within an urban cluster of 10,000 to 49,999",2,282,270.0016942316667,276.0008471158334
42754,"Small town core: primary flow within an urban cluster of 2,500 to 9,999",1,87,162.89435606249998,249.89435606249998
43015,"Metropolitan area core: primary flow within an urbanized area of 50,000 and greater",1,41,97.66399540433333,138.66399540433332
43016,"Metropolitan area core: primary flow within an urbanized area of 50,000 and greater",5,484,337.59199465175,164.31839893034999
43017,"Metropolitan area core: primary flow within an urbanized area of 50,000 and greater",1,154,108.27545064,262.27545064000003
43026,"Metropolitan area core: primary flow within an urbanized area of 50,000 and greater",3,142,243.635125563,128.54504185433333
43040,"Metropolitan area high commuting: primary flow 30% or more to a urbanized area of 50,000 and greater",1,134,119.03773513483333,253.03773513483333
43050,"Micropolitan area core: primary flow within an urban cluster of 10,000 to 49,999",3,210,128.6831049587778,112.8943683195926
43054,"Metropolitan area core: primary flow within an urbanized area of 50,000 and greater",1,36,126.2442023795,162.2442023795
43055,"Metropolitan area core: primary flow within an urbanized area of 50,000 and greater",5,290,109.19958739728573,79.83991747945714
43065,"Metropolitan area core: primary flow within an urbanized area of 50,000 and greater",1,26,26.12,52.120000000000005
43081,"Metropolitan area core: primary flow within an urbanized area of 50,000 and greater",7,231,346.93437212692305,82.56205316098901
43082,"Metropolitan area core: primary flow within an urbanized area of 50,000 and greater",2,153,339.17317331183335,246.08658665591668
43085,"Metropolitan area core: primary flow within an urbanized area of 50,000 and greater",1,14,107.13833333,121.13833333
43123,"Metropolitan area core: primary flow within an urbanized area of 50,000 and greater",1,22,128.1723333335,150.1723333335
43130,"Secondary flow 30% to <50% to a urbanized area of 50,000 and greater",2,40,130.12541666666667,85.06270833333333
43147,"Metropolitan area core: primary flow within an urbanized area of 50,000 and greater",2,160,529.041176488,344.520588244
43202,"Metropolitan area core: primary flow within an urbanized area of 50,000 and greater",2,25,77.30115384599999,51.150576922999996
43203,"Metropolitan area core: primary flow within an urbanized area of 50,000 and greater",2,40,115.89981481466667,77.94990740733334
43210,"Metropolitan area core: primary flow within an urbanized area of 50,000 and greater",7,223,130.4760237851667,50.49657482645239
43214,"Metropolitan area core: primary flow within an urbanized area of 50,000 and greater",7,197,207.92858710953848,57.84694101564836
43215,"Metropolitan area core: primary flow within an urbanized area of 50,000 and greater",3,60,166.9923026325,75.6641008775
43219,"Metropolitan area core: primary flow within an urbanized area of 50,000 and greater",3,176,407.32872798899996,194.44290932966666
43220,"Metropolitan area core: primary flow within an urbanized area of 50,000 and greater",6,270,247.3079056308182,86.21798427180302
43230,"Metropolitan area core: primary flow within an urbanized area of 50,000 and greater",5,306,184.4487763421,98.08975526842
43235,"Metropolitan area core: primary flow within an urbanized area of 50,000 and greater",1,11,26.12,37.120000000000005
43240,"Metropolitan area core: primary flow within an urbanized area of 50,000 and greater",3,158,226.30808542657147,128.10269514219047
43302,"Micropolitan area core: primary flow within an urban cluster of 10,000 to 49,999",2,181,206.346764550875,193.67338227543752
43420,"Micropolitan area core: primary flow within an urban cluster of 10,000 to 49,999",1,430,118.74457598675001,548.74457598675
43545,"Small town core: primary flow within an urban cluster of 2,500 to 9,999",2,108,101.8734793546,104.9367396773
43551,"Metropolitan area core: primary flow within an urbanized area of 50,000 and greater",1,16,434.94588235,450.94588235
43567,"Small town core: primary flow within an urban cluster of 2,500 to 9,999",3,55,24.827333333333332,26.60911111111111
43606,"Metropolitan area core: primary flow within an urbanized area of 50,000 and greater",2,56,119.28027222233334,87.64013611116667
43608,"Metropolitan area core: primary flow within an urbanized area of 50,000 and greater",3,104,99.7967800872,67.93226002906667
43613,"Metropolitan area core: primary flow within an urbanized area of 50,000 and greater",2,27,26.337142857,26.6685714285
43614,"Metropolitan area core: primary flow within an urbanized area of 50,000 and greater",1,291,185.365402623,476.365402623
43615,"Metropolitan area core: primary flow within an urbanized area of 50,000 and greater",11,259,128.87792917361537,35.26162992487412
43616,"Metropolitan area core: primary flow within an urbanized area of 50,000 and greater",1,72,624.62756227,696.62756227
43617,"Metropolitan area core: primary flow within an urbanized area of 50,000 and greater",3,426,249.62545890669998,225.20848630223335
43623,"Metropolitan area core: primary flow within an urbanized area of 50,000 and greater",10,597,238.72424651325,83.57242465132501
43701,"Micropolitan area core: primary flow within an urban cluster of 10,000 to 49,999",3,72,48.31701975000001,40.10567325
43935,"Metropolitan area core: primary flow within an urbanized area of 50,000 and greater",1,97,262.85209577800003,359.85209577800003
43952,"Metropolitan area core: primary flow within an urbanized area of 50,000 and greater",2,86,92.567783551,89.2838917755
44004,"Micropolitan area core: primary flow within an urban cluster of 10,000 to 49,999",1,12,26.12,38.120000000000005
44011,"Metropolitan area core: primary flow within an urbanized area of 50,000 and greater",1,14,24.378666667,38.378666667000005
44035,"Secondary flow 30% to <50% to a larger urbanized area of 50,000 and greater",4,348,312.0039325883333,165.00098314708333
44052,"Secondary flow 30% to <50% to a larger urbanized area of 50,000 and greater",1,31,26.549090909,57.549090909
44053,"Metropolitan area core: primary flow within an urbanized area of 50,000 and greater",7,202,140.6607381606,48.95153402294285
44054,"Secondary flow 30% to <50% to a larger urbanized area of 50,000 and greater",1,38,104.187276923,142.187276923
44060,"Metropolitan area core: primary flow within an urbanized area of 50,000 and greater",3,54,405.09201364599994,153.0306712153333
44094,"Metropolitan area core: primary flow within an urbanized area of 50,000 and greater",5,229,174.3686029431111,80.67372058862222
44106,"Metropolitan area core: primary flow within an urbanized area of 50,000 and greater",8,270,174.72447476093333,55.59055934511667
44109,"Metropolitan area core: primary flow within an urbanized area of 50,000 and greater",5,174,97.34686329375,54.26937265875
44111,"Metropolitan area core: primary flow within an urbanized area of 50,000 and greater",1,11,22.2,33.2
44113,"Metropolitan area core: primary flow within an urbanized area of 50,000 and greater",1,14,26.144705882,40.144705882
44120,"Metropolitan area core: primary flow within an urbanized area of 50,000 and greater",1,11,188.77352941,199.77352941
44122,"Metropolitan area core: primary flow within an urbanized area of 50,000 and greater",4,234,386.51533010125,155.1288325253125
44124,"Metropolitan area core: primary flow within an urbanized area of 50,000 and greater",2,74,73.125,73.5625
44128,"Metropolitan area core: primary flow within an urbanized area of 50,000 and greater",1,17,26.55,43.55
44129,"Metropolitan area core: primary flow within an urbanized area of 50,000 and greater",1,52,180.5039655185,232.5039655185
44130,"Metropolitan area core: primary flow within an urbanized area of 50,000 and greater",2,215,120.05757278283333,167.52878639141667
44131,"Metropolitan area core: primary flow within an urbanized area of 50,000 and greater",1,97,129.32596588025,226.32596588025
44145,"Metropolitan area core: primary flow within an urbanized area of 50,000 and greater",2,237,195.50146886242857,216.25073443121428
44195,"Metropolitan area core: primary flow within an urbanized area of 50,000 and greater",16,435,90.02194667537499,32.81387166721094
44202,"Metropolitan area core: primary flow within an urbanized area of 50,000 and greater",1,82,112.91216216,194.91216215999998
44223,"Metropolitan area core: primary flow within an urbanized area of 50,000 and greater",4,213,224.919660115,109.47991502875
44240,"Metropolitan area core: primary flow within an urbanized area of 50,000 and greater",4,303,127.15819811407142,107.53954952851785
44256,"Secondary flow 30% to <50% to a urbanized area of 50,000 and greater",1,46,135.95592857,181.95592857
44302,"Metropolitan area core: primary flow within an urbanized area of 50,000 and greater",1,26,22.213333333,48.213333333
44304,"Metropolitan area core: primary flow within an urbanized area of 50,000 and greater",5,122,25.9376285714,29.58752571428
44307,"Metropolitan area core: primary flow within an urbanized area of 50,000 and greater",1,24,21.688461538,45.688461538
44313,"Metropolitan area core: primary flow within an urbanized area of 50,000 and greater",1,88,113.95159940175,201.95159940175
44333,"Metropolitan area core: primary flow within an urbanized area of 50,000 and greater",4,218,173.78696577154545,97.94674144288636
44408,"Small town core: primary flow within an urban cluster of 2,500 to 9,999",1,25,120.13499999999999,145.135
44410,"Metropolitan area core: primary flow within an urbanized area of 50,000 and greater",1,20,26.12,46.120000000000005
44460,"Micropolitan area core: primary flow within an urban cluster of 10,000 to 49,999",1,13,26.52125,39.521249999999995
44483,"Metropolitan area core: primary flow within an urbanized area of 50,000 and greater",2,233,252.6585116,242.8292558
44484,"Metropolitan area core: primary flow within an urbanized area of 50,000 and greater",2,85,168.809639371,126.9048196855
44504,"Metropolitan area core: primary flow within an urbanized area of 50,000 and greater",1,19,26.136153846,45.136153846
44505,"Metropolitan area core: primary flow within an urbanized area of 50,000 and greater",1,64,154.146029412,218.146029412
44512,"Metropolitan area core: primary flow within an urbanized area of 50,000 and greater",5,303,177.95366002092857,96.19073200418572
44514,"Metropolitan area core: primary flow within an urbanized area of 50,000 and greater",6,277,95.53356418383333,62.088927363972225
44601,"Micropolitan area core: primary flow within an urban cluster of 10,000 to 49,999",2,29,26.384500000000003,27.69225
44614,"Metropolitan area core: primary flow within an urbanized area of 50,000 and greater",1,47,92.037177033,139.037177033
44622,"Micropolitan area core: primary flow within an urban cluster of 10,000 to 49,999",1,34,176.86861111300001,210.86861111300001
44685,"Metropolitan area core: primary flow within an urbanized area of 50,000 and greater",1,76,577.4307575749999,653.4307575749999
44691,"Micropolitan area core: primary flow within an urban cluster of 10,000 to 49,999",4,390,255.07617562090908,161.26904390522728
44710,"Metropolitan area core: primary flow within an urbanized area of 50,000 and greater",3,56,26.366666666666664,27.455555555555552
44718,"Metropolitan area core: primary flow within an urbanized area of 50,000 and greater",5,282,150.18840539608334,86.43768107921667
44720,"Metropolitan area core: primary flow within an urbanized area of 50,000 and greater",7,167,259.65501074599996,60.950715820857134
44811,"Small town core: primary flow within an urban cluster of 2,500 to 9,999",1,16,26.47,42.47
44870,"Micropolitan area core: primary flow within an urban cluster of 10,000 to 49,999",4,679,213.91620715614286,223.2290517890357
44906,"Metropolitan area core: primary flow within an urbanized area of 50,000 and greater",3,210,192.826470029,134.27549000966667
44907,"Metropolitan area core: primary flow within an urbanized area of 50,000 and greater",1,37,464.70642857,501.70642857
45014,"Metropolitan area core: primary flow within an urbanized area of 50,000 and greater",1,46,454.030666665,500.030666665
45040,"Metropolitan area core: primary flow within an urbanized area of 50,000 and greater",2,48,137.48220843766666,92.74110421883333
45066,"Metropolitan area core: primary flow within an urbanized area of 50,000 and greater",1,33,120.16999999999999,153.17
45069,"Metropolitan area core: primary flow within an urbanized area of 50,000 and greater",8,681,240.1794508005,115.1474313500625
45140,"Metropolitan area core: primary flow within an urbanized area of 50,000 and greater",1,46,324.78641025499996,370.78641025499996
45150,"Metropolitan area core: primary flow within an urbanized area of 50,000 and greater",1,67,396.350638656,463.350638656
45209,"Metropolitan area core: primary flow within an urbanized area of 50,000 and greater",3,698,229.24551788545457,309.0818392951515
45211,"Metropolitan area core: primary flow within an urbanized area of 50,000 and greater",3,97,199.124838983,98.708279661
45212,"Metropolitan area core: primary flow within an urbanized area of 50,000 and greater",2,259,303.05990716571426,281.02995358285716
45219,"Metropolitan area core: primary flow within an urbanized area of 50,000 and greater",7,275,143.6280586197333,59.80400837424762
45230,"Metropolitan area core: primary flow within an urbanized area of 50,000 and greater",1,48,205.74562500000002,253.74562500000002
45236,"Metropolitan area core: primary flow within an urbanized area of 50,000 and greater",1,260,108.89523127,368.89523127
45241,"Metropolitan area core: primary flow within an urbanized area of 50,000 and greater",3,370,235.15837239057143,201.7194574635238
45245,"Metropolitan area core: primary flow within an urbanized area of 50,000 and greater",1,36,632.121875,668.121875
45246,"Metropolitan area core: primary flow within an urbanized area of 50,000 and greater",1,29,122.16061856,151.16061856
45248,"Metropolitan area core: primary flow within an urbanized area of 50,000 and greater",1,34,317.90083333,351.90083333
45249,"Metropolitan area core: primary flow within an urbanized area of 50,000 and greater",2,146,436.32325113499996,291.1616255675
45255,"Metropolitan area core: primary flow within an urbanized area of 50,000 and greater",1,67,161.600689077,228.600689077
45342,"Metropolitan area core: primary flow within an urbanized area of 50,000 and greater",2,430,228.76862911044444,329.3843145552222
45373,"Metropolitan area core: primary flow within an urbanized area of 50,000 and greater",1,23,26.474117647,49.474117647
45405,"Metropolitan area core: primary flow within an urbanized area of 50,000 and greater",2,72,119.00255786999999,95.50127893499999
45409,"Metropolitan area core: primary flow within an urbanized area of 50,000 and greater",2,147,118.981281285,132.9906406425
45414,"Metropolitan area core: primary flow within an urbanized area of 50,000 and greater",6,252,220.300072994,78.71667883233333
45417,"Metropolitan area core: primary flow within an urbanized area of 50,000 and greater",1,17,103.20294118,120.20294118
45429,"Metropolitan area core: primary flow within an urbanized area of 50,000 and greater",4,245,92.816335201,84.45408380025
45431,"Metropolitan area core: primary flow within an urbanized area of 50,000 and greater",1,80,117.76750000125,197.76750000125
45432,"Metropolitan area core: primary flow within an urbanized area of 50,000 and greater",3,257,330.38642051244443,195.79547350414813
45458,"Metropolitan area core: primary flow within an urbanized area of 50,000 and greater",1,28,322.1625,350.1625
45459,"Metropolitan area core: primary flow within an urbanized area of 50,000 and greater",5,513,348.49744642535717,172.29948928507142
45502,"Metropolitan area high commuting: primary flow 30% or more to a urbanized area of 50,000 and greater",1,19,26.12,45.120000000000005
45601,"Micropolitan area core: primary flow within an urban cluster of 10,000 to 49,999",4,215,139.00327913799998,88.5008197845
45631,"Micropolitan area core: primary flow within an urban cluster of 10,000 to 49,999",2,61,90.446666667,75.7233333335
45662,"Micropolitan area core: primary flow within an urban cluster of 10,000 to 49,999",3,554,306.24102590125,286.74700863375
45701,"Micropolitan area core: primary flow within an urban cluster of 10,000 to 49,999",2,65,108.19586525066667,86.59793262533333
45714,"Metropolitan area core: primary flow within an urbanized area of 50,000 and greater",2,623,102.83852176146154,362.91926088073075
45801,"Metropolitan area core: primary flow within an urbanized area of 50,000 and greater",3,188,114.09657010171428,100.69885670057143
45804,"Metropolitan area core: primary flow within an urbanized area of 50,000 and greater",4,190,75.51911833783333,66.37977958445833
45805,"Metropolitan area core: primary flow within an urbanized area of 50,000 and greater",1,19,26.57,45.57
45828,"Small town core: primary flow within an urban cluster of 2,500 to 9,999",1,57,95.66893483733332,152.66893483733332
45840,"Micropolitan area core: primary flow within an urban cluster of 10,000 to 49,999",7,1401,174.55854772939128,225.07979253277017
45885,"Small town core: primary flow within an urban cluster of 2,500 to 9,999",1,18,26.126923077,44.126923077
46011,"Metropolitan area core: primary flow within an urbanized area of 50,000 and greater",1,24,164.427894737,188.427894737
46013,"Metropolitan area core: primary flow within an urbanized area of 50,000 and greater",2,91,222.1056838525,156.55284192624998
46032,"Metropolitan area core: primary flow within an urbanized area of 50,000 and greater",12,574,263.8338574958077,69.81948812465065
46037,"Metropolitan area core: primary flow within an urbanized area of 50,000 and greater",1,46,107.33530612,153.33530611999998
46038,"Metropolitan area core: primary flow within an urbanized area of 50,000 and greater",3,212,189.74650647385715,133.91550215795237
46060,"Metropolitan area core: primary flow within an urbanized area of 50,000 and greater",3,71,301.51476319725,124.17158773241665
46062,"Metropolitan area core: primary flow within an urbanized area of 50,000 and greater",1,94,275.92931825,369.92931825
46074,"Metropolitan area core: primary flow within an urbanized area of 50,000 and greater",1,12,25.363157895,37.363157895
46123,"Metropolitan area core: primary flow within an urbanized area of 50,000 and greater",3,105,131.47023809433333,78.82341269811111
46143,"Metropolitan area core: primary flow within an urbanized area of 50,000 and greater",8,365,140.00678794552633,63.12584849319079
46158,"Metropolitan area core: primary flow within an urbanized area of 50,000 and greater",3,122,266.191195238,129.39706507933332
46173,"Small town core: primary flow within an urban cluster of 2,500 to 9,999",1,32,111.43545455,143.43545455
46202,"Metropolitan area core: primary flow within an urbanized area of 50,000 and greater",8,339,180.29879023179998,64.912348778975
46218,"Metropolitan area core: primary flow within an urbanized area of 50,000 and greater",1,30,802.6006,832.6006
46219,"Metropolitan area core: primary flow within an urbanized area of 50,000 and greater",1,52,82.09208638066667,134.09208638066667
46227,"Metropolitan area core: primary flow within an urbanized area of 50,000 and greater",1,32,822.70285714,854.70285714
46229,"Metropolitan area core: primary flow within an urbanized area of 50,000 and greater",1,13,91.279491525,104.279491525
46237,"Metropolitan area core: primary flow within an urbanized area of 50,000 and greater",1,93,162.92964912325,255.92964912325
46250,"Metropolitan area core: primary flow within an urbanized area of 50,000 and greater",4,306,168.54403834011111,118.63600958502778
46254,"Metropolitan area core: primary flow within an urbanized area of 50,000 and greater",1,15,629.50962963,644.50962963
46256,"Metropolitan area core: primary flow within an urbanized area of 50,000 and greater",20,423,78.28716393022727,25.064358196511364
46260,"Metropolitan area core: primary flow within an urbanized area of 50,000 and greater",8,397,302.0740898170625,87.38426122713281
46268,"Metropolitan area core: primary flow within an urbanized area of 50,000 and greater",1,43,469.421615385,512.421615385
46278,"Metropolitan area core: primary flow within an urbanized area of 50,000 and greater",11,457,73.86731432326316,48.26066493847847
46280,"Metropolitan area core: primary flow within an urbanized area of 50,000 and greater",1,156,292.421474454,448.421474454
46304,"Metropolitan area core: primary flow within an urbanized area of 50,000 and greater",5,346,245.48047984049998,118.2960959681
46307,"Metropolitan area core: primary flow within an urbanized area of 50,000 and greater",4,584,243.92530894685714,206.9813272367143
46320,"Metropolitan area core: primary flow within an urbanized area of 50,000 and greater",1,25,26.646538462,51.646538461999995
46321,"Metropolitan area core: primary flow within an urbanized area of 50,000 and greater",13,736,249.04089623500002,75.77237663346153
46322,"Metropolitan area core: primary flow within an urbanized area of 50,000 and greater",1,18,103.53565217,121.53565217
46342,"Metropolitan area core: primary flow within an urbanized area of 50,000 and greater",2,60,429.40247817,244.701239085
46350,"Metropolitan area core: primary flow within an urbanized area of 50,000 and greater",3,174,235.33031547714288,136.44343849238098
46360,"Metropolitan area core: primary flow within an urbanized area of 50,000 and greater",2,85,262.427035715,173.7135178575
46368,"Metropolitan area core: primary flow within an urbanized area of 50,000 and greater",1,225,132.38873714816665,357.3887371481667
46375,"Metropolitan area core: primary flow within an urbanized area of 50,000 and greater",2,103,117.6880546875,110.34402734375
46383,"Metropolitan area core: primary flow within an urbanized area of 50,000 and greater",1,78,639.423256635,717.423256635
46410,"Metropolitan area core: primary flow within an urbanized area of 50,000 and greater",1,16,25.347333333,41.347333333
46514,"Metropolitan area core: primary flow within an urbanized area of 50,000 and greater",4,284,252.5438997632,134.1359749408
46526,"Metropolitan area core: primary flow within an urbanized area of 50,000 and greater",2,56,25.3344975185,40.66724875925
46530,"Metropolitan area core: primary flow within an urbanized area of 50,000 and greater",2,262,471.51759426,366.75879713
46544,"Metropolitan area core: primary flow within an urbanized area of 50,000 and greater",1,116,95.8468572668,211.8468572668
46545,"Metropolitan area core: primary flow within an urbanized area of 50,000 and greater",7,160,273.80608671045457,61.97229810149351
46580,"Micropolitan area core: primary flow within an urban cluster of 10,000 to 49,999",1,11,107.4725,118.4725
46601,"Metropolitan area core: primary flow within an urbanized area of 50,000 and greater",5,110,55.830421522833326,33.16608430456667
46635,"Metropolitan area core: primary flow within an urbanized area of 50,000 and greater",4,421,295.6001068874,179.15002672185
46804,"Metropolitan area core: primary flow within an urbanized area of 50,000 and greater",13,985,284.393253236871,97.6456348643747
46805,"Metropolitan area core: primary flow within an urbanized area of 50,000 and greater",3,243,123.753865826,122.25128860866666
46818,"Metropolitan area core: primary flow within an urbanized area of 50,000 and greater",1,14,21.53,35.53
46825,"Metropolitan area core: primary flow within an urbanized area of 50,000 and greater",5,328,118.8230325015,89.3646065003
46845,"Metropolitan area core: primary flow within an urbanized area of 50,000 and greater",6,291,232.53920978579998,87.2565349643
46901,"Metropolitan area core: primary flow within an urbanized area of 50,000 and greater",2,106,390.09379743875,248.046898719375
46902,"Metropolitan area core: primary flow within an urbanized area of 50,000 and greater",1,25,107.38642857,132.38642857000002
47112,"Secondary flow 30% to <50% to a urbanized area of 50,000 and greater",1,30,438.93279412000004,468.93279412000004
47130,"Metropolitan area core: primary flow within an urbanized area of 50,000 and greater",1,15,25.424666667,40.424666667
47150,"Metropolitan area core: primary flow within an urbanized area of 50,000 and greater",3,129,186.1588812035,105.05296040116666
47172,"Metropolitan area core: primary flow within an urbanized area of 50,000 and greater",1,47,112.92054106299999,159.92054106299997
47203,"Metropolitan area core: primary flow within an urbanized area of 50,000 and greater",3,110,303.1754200564286,137.72514001880953
47240,"Micropolitan area core: primary flow within an urban cluster of 10,000 to 49,999",1,55,156.0747586205,211.0747586205
47274,"Micropolitan area core: primary flow within an urban cluster of 10,000 to 49,999",3,114,210.46581849416665,108.1552728313889
47303,"Metropolitan area core: primary flow within an urbanized area of 50,000 and greater",3,58,280.335820469,112.778606823
47304,"Metropolitan area core: primary flow within an urbanized area of 50,000 and greater",4,311,208.94959119116666,129.98739779779166
47362,"Micropolitan area core: primary flow within an urban cluster of 10,000 to 49,999",3,129,101.5844697014,76.86148990046667
47371,"Small town core: primary flow within an urban cluster of 2,500 to 9,999",1,101,113.95942446100001,214.95942446100003
47374,"Micropolitan area core: primary flow within an urban cluster of 10,000 to 49,999",4,185,79.287055358,66.0717638395
47401,"Metropolitan area core: primary flow within an urbanized area of 50,000 and greater",1,12,25.349285714,37.349285714000004
47403,"Metropolitan area core: primary flow within an urbanized area of 50,000 and greater",4,55,210.50066126825,66.37516531706251
47546,"Micropolitan area core: primary flow within an urban cluster of 10,000 to 49,999",1,12,25.79,37.79
47591,"Micropolitan area core: primary flow within an urban cluster of 10,000 to 49,999",2,39,60.2380357145,49.61901785725
47630,"Metropolitan area core: primary flow within an urbanized area of 50,000 and greater",6,389,162.20823022285714,91.86803837047619
47710,"Metropolitan area core: primary flow within an urbanized area of 50,000 and greater",9,191,24.613339225555553,23.957037691728395
47711,"Metropolitan area core: primary flow within an urbanized area of 50,000 and greater",1,57,24.555519481,81.555519481
47714,"Metropolitan area core: primary flow within an urbanized area of 50,000 and greater",3,225,308.778458084875,177.92615269495832
47715,"Metropolitan area core: primary flow within an urbanized area of 50,000 and greater",5,1189,281.3670057133077,294.0734011426615
47747,"Metropolitan area core: primary flow within an urbanized area of 50,000 and greater",1,70,21.534473684,91.534473684
47802,"Metropolitan area core: primary flow within an urbanized area of 50,000 and greater",1,20,107.24,127.24
47804,"Metropolitan area core: primary flow within an urbanized area of 50,000 and greater",2,26,131.6723011365,78.83615056825
47882,"Secondary flow 30% to <50% to a urbanized area of 50,000 and greater",1,122,117.501354495,239.501354495
47904,"Metropolitan area core: primary flow within an urbanized area of 50,000 and greater",4,220,151.81103826533334,92.95275956633333
47905,"Metropolitan area core: primary flow within an urbanized area of 50,000 and greater",9,575,212.3927994269,87.48808882521111
47909,"Metropolitan area core: primary flow within an urbanized area of 50,000 and greater",1,14,25.349285714,39.349285714000004
48025,"Metropolitan area core: primary flow within an urbanized area of 50,000 and greater",8,435,105.72971608099999,67.591214510125
48033,"Metropolitan area core: primary flow within an urbanized area of 50,000 and greater",1,38,166.67166666666665,204.67166666666665
48034,"Metropolitan area core: primary flow within an urbanized area of 50,000 and greater",2,37,313.8116328583333,175.40581642916666
48035,"Metropolitan area core: primary flow within an urbanized area of 50,000 and greater",3,98,306.37422644400004,134.79140881466668
48038,"Metropolitan area core: primary flow within an urbanized area of 50,000 and greater",2,54,535.2011904766667,294.60059523833337
48060,"Metropolitan area core: primary flow within an urbanized area of 50,000 and greater",3,143,286.271874768,143.09062492266665
48073,"Metropolitan area core: primary flow within an urbanized area of 50,000 and greater",11,444,202.8007831059524,58.80007119145022
48075,"Metropolitan area core: primary flow within an urbanized area of 50,000 and greater",4,192,317.08783227000004,127.27195806750001
48076,"Metropolitan area core: primary flow within an urbanized area of 50,000 and greater",1,64,267.7204781433333,331.7204781433333
48080,"Metropolitan area core: primary flow within an urbanized area of 50,000 and greater",4,86,94.81608312,45.20402078
48081,"Metropolitan area core: primary flow within an urbanized area of 50,000 and greater",2,124,128.2306677654,126.1153338827
48083,"Metropolitan area core: primary flow within an urbanized area of 50,000 and greater",2,122,124.39475801925,123.197379009625
48085,"Metropolitan area core: primary flow within an urbanized area of 50,000 and greater",4,505,297.55578177425,200.6389454435625
48088,"Metropolitan area core: primary flow within an urbanized area of 50,000 and greater",3,87,392.82037575600003,159.940125252
48092,"Metropolitan area core: primary flow within an urbanized area of 50,000 and greater",2,42,489.6420818733333,265.8210409366667
48093,"Metropolitan area core: primary flow within an urbanized area of 50,000 and greater",2,73,132.0366044065,102.51830220325
48101,"Metropolitan area core: primary flow within an urbanized area of 50,000 and greater",2,55,103.50534774325,79.252673871625
48104,"Metropolitan area core: primary flow within an urbanized area of 50,000 and greater",1,24,125.33478261,149.33478261
48105,"Metropolitan area core: primary flow within an urbanized area of 50,000 and greater",1,43,181.61470043299997,224.61470043299997
48108,"Metropolitan area core: primary flow within an urbanized area of 50,000 and greater",9,502,155.90251022381483,73.10027891375721
48109,"Metropolitan area core: primary flow within an urbanized area of 50,000 and greater",9,371,115.27464225199999,54.030515805777775
48118,"Metropolitan area high commuting: primary flow 30% or more to a urbanized area of 50,000 and greater",1,137,172.5434209915,309.5434209915
48124,"Metropolitan area core: primary flow within an urbanized area of 50,000 and greater",4,120,161.09724074066665,70.27431018516666
48127,"Metropolitan area core: primary flow within an urbanized area of 50,000 and greater",1,61,657.5368390250001,718.5368390250001
48135,"Metropolitan area core: primary flow within an urbanized area of 50,000 and greater",1,58,127.43191295475,185.43191295475
48152,"Metropolitan area core: primary flow within an urbanized area of 50,000 and greater",1,102,342.82447328,444.82447328
48162,"Metropolitan area core: primary flow within an urbanized area of 50,000 and greater",1,47,471.84327419500005,518.843274195
48183,"Metropolitan area core: primary flow within an urbanized area of 50,000 and greater",2,295,267.2009955542727,281.10049777713635
48185,"Metropolitan area core: primary flow within an urbanized area of 50,000 and greater",1,12,692.98727273,704.98727273
48187,"Metropolitan area core: primary flow within an urbanized area of 50,000 and greater",1,46,268.17941511333333,314.17941511333333
48192,"Metropolitan area core: primary flow within an urbanized area of 50,000 and greater",2,188,302.80234564799997,245.40117282399999
48197,"Metropolitan area core: primary flow within an urbanized area of 50,000 and greater",7,191,61.17287419875001,36.024696314107146
48201,"Metropolitan area core: primary flow within an urbanized area of 50,000 and greater",5,245,266.1934216798889,102.23868433597778
48202,"Metropolitan area core: primary flow within an urbanized area of 50,000 and greater",8,307,102.70431925035714,51.21303990629464
48235,"Metropolitan area core: primary flow within an urbanized area of 50,000 and greater",1,24,179.2853333335,203.2853333335
48302,"Metropolitan area core: primary flow within an urbanized area of 50,000 and greater",8,507,283.82996250995456,98.85374531374433
48307,"Metropolitan area core: primary flow within an urbanized area of 50,000 and greater",3,55,312.91155203725,122.63718401241665
48309,"Metropolitan area core: primary flow within an urbanized area of 50,000 and greater",2,165,342.1261269448,253.5630634724
48310,"Metropolitan area core: primary flow within an urbanized area of 50,000 and greater",1,129,170.2203046858,299.2203046858
48313,"Metropolitan area core: primary flow within an urbanized area of 50,000 and greater",1,132,479.52001488,611.52001488
48317,"Metropolitan area core: primary flow within an urbanized area of 50,000 and greater",1,112,99.519130435,211.519130435
48322,"Metropolitan area core: primary flow within an urbanized area of 50,000 and greater",1,16,28.02,44.019999999999996
48323,"Metropolitan area core: primary flow within an urbanized area of 50,000 and greater",1,184,413.32461433000003,597.32461433
48328,"Metropolitan area core: primary flow within an urbanized area of 50,000 and greater",1,90,351.30043478,441.30043478
48334,"Metropolitan area core: primary flow within an urbanized area of 50,000 and greater",2,55,228.3748166675,141.68740833375
48336,"Metropolitan area core: primary flow within an urbanized area of 50,000 and greater",2,29,70.19624999999999,49.598124999999996
48342,"Metropolitan area core: primary flow within an urbanized area of 50,000 and greater",2,37,26.890398707,31.9451993535
48346,"Metropolitan area core: primary flow within an urbanized area of 50,000 and greater",2,101,332.41626736250004,216.70813368125002
48360,"Metropolitan area core: primary flow within an urbanized area of 50,000 and greater",1,28,175.72466666500003,203.72466666500003
48374,"Metropolitan area core: primary flow within an urbanized area of 50,000 and greater",2,25,66.333846154,45.666923077
48375,"Metropolitan area core: primary flow within an urbanized area of 50,000 and greater",3,129,341.982449758,156.99414991933332
48377,"Metropolitan area core: primary flow within an urbanized area of 50,000 and greater",1,25,115.68785714,140.68785714
48430,"Metropolitan area core: primary flow within an urbanized area of 50,000 and greater",1,141,335.63228832333334,476.63228832333334
48439,"Metropolitan area core: primary flow within an urbanized area of 50,000 and greater",7,115,39.881295163000004,22.125899309
48503,"Metropolitan area core: primary flow within an urbanized area of 50,000 and greater",1,55,256.82442274,311.82442274
48507,"Metropolitan area core: primary flow within an urbanized area of 50,000 and greater",3,258,319.6772605544285,192.5590868514762
48532,"Metropolitan area core: primary flow within an urbanized area of 50,000 and greater",3,80,108.21136150333332,62.7371205011111
48601,"Metropolitan area core: primary flow within an urbanized area of 50,000 and greater",1,82,311.26576923,393.26576923
48602,"Metropolitan area core: primary flow within an urbanized area of 50,000 and greater",1,16,21.05625,37.05625
48603,"Metropolitan area core: primary flow within an urbanized area of 50,000 and greater",2,156,386.5949207228572,271.2974603614286
48617,"Small town core: primary flow within an urban cluster of 2,500 to 9,999",1,48,169.717644229,217.717644229
48638,"Metropolitan area core: primary flow within an urbanized area of 50,000 and greater",1,11,26.1525,37.1525
48640,"Metropolitan area core: primary flow within an urbanized area of 50,000 and greater",2,336,123.74656447,229.873282235
48659,"Rural areas: primary flow to a tract outside a urbanized area of 50,000 and greater or UC",1,13,22.254615385,35.254615385
48661,"Rural areas: primary flow to a tract outside a urbanized area of 50,000 and greater or UC",2,41,52.02067401950001,46.51033700975
48706,"Metropolitan area core: primary flow within an urbanized area of 50,000 and greater",3,562,277.97066189385714,279.9902206312857
48823,"Metropolitan area core: primary flow within an urbanized area of 50,000 and greater",7,368,346.10558622488236,102.01508374641176
48824,"Metropolitan area core: primary flow within an urbanized area of 50,000 and greater",2,27,71.17173076899999,49.085865384499996
48838,"Small town core: primary flow within an urban cluster of 2,500 to 9,999",1,161,345.290929394,506.290929394
48846,"Micropolitan area core: primary flow within an urban cluster of 10,000 to 49,999",1,159,383.54764635799995,542.547646358
48858,"Micropolitan area core: primary flow within an urban cluster of 10,000 to 49,999",3,89,327.143441594,138.71448053133335
48910,"Metropolitan area core: primary flow within an urbanized area of 50,000 and greater",1,51,175.81390625,226.81390625
48911,"Metropolitan area core: primary flow within an urbanized area of 50,000 and greater",1,70,295.11469551175,365.11469551175
48912,"Metropolitan area core: primary flow within an urbanized area of 50,000 and greater",7,418,266.92532627732,97.84647518247428
49007,"Metropolitan area core: primary flow within an urbanized area of 50,000 and greater",1,12,22.249166667,34.249166667
49008,"Metropolitan area core: primary flow within an urbanized area of 50,000 and greater",1,22,380.33000000000004,402.33000000000004
49015,"Metropolitan area core: primary flow within an urbanized area of 50,000 and greater",2,35,67.375,51.1875
49024,"Metropolitan area core: primary flow within an urbanized area of 50,000 and greater",3,540,357.8661676923077,299.28872256410256
49048,"Metropolitan area core: primary flow within an urbanized area of 50,000 and greater",1,95,171.063303061,266.063303061
49058,"Small town core: primary flow within an urban cluster of 2,500 to 9,999",1,55,110.20863014,165.20863014
49068,"Small town core: primary flow within an urban cluster of 2,500 to 9,999",1,28,134.740854703,162.740854703
49201,"Metropolitan area high commuting: primary flow 30% or more to a urbanized area of 50,000 and greater",2,97,114.851953665,105.9259768325
49307,"Micropolitan area core: primary flow within an urban cluster of 10,000 to 49,999",3,214,321.1716089515,178.3905363171667
49444,"Metropolitan area core: primary flow within an urbanized area of 50,000 and greater",5,232,285.178749238,103.43574984760001
49503,"Metropolitan area core: primary flow within an urbanized area of 50,000 and greater",6,116,38.73179289383334,25.788632148972223
49506,"Metropolitan area core: primary flow within an urbanized area of 50,000 and greater",6,430,312.962096128,123.82701602133334
49519,"Metropolitan area core: primary flow within an urbanized area of 50,000 and greater",2,48,108.03801948,78.01900974
49525,"Metropolitan area core: primary flow within an urbanized area of 50,000 and greater",18,605,129.58196363561905,40.810109090867726
49546,"Metropolitan area core: primary flow within an urbanized area of 50,000 and greater",7,743,371.13229763153845,159.1617568045055
49684,"Micropolitan area core: primary flow within an urban cluster of 10,000 to 49,999",13,502,141.2329580265,49.47945830973077
49686,"Micropolitan area core: primary flow within an urban cluster of 10,000 to 49,999",1,71,121.75721420433332,192.7572142043333
49707,"Micropolitan area core: primary flow within an urban cluster of 10,000 to 49,999",3,81,86.6422500632,55.88075002106666
49770,"Small town core: primary flow within an urban cluster of 2,500 to 9,999",4,201,258.593238676,114.898309669
49801,"Micropolitan area core: primary flow within an urban cluster of 10,000 to 49,999",3,49,26.165462963,25.055154321
49829,"Micropolitan area core: primary flow within an urban cluster of 10,000 to 49,999",1,16,26.052941176,42.052941176000004
49855,"Micropolitan area core: primary flow within an urban cluster of 10,000 to 49,999",6,349,186.536091147,89.25601519116667
49913,"Secondary flow 30% to <50% to a urban cluster of 10,000 to 49,999",1,11,63.252857143,74.252857143
50010,"Metropolitan area core: primary flow within an urbanized area of 50,000 and greater",2,214,277.8834013738571,245.94170068692856
50111,"Metropolitan area core: primary flow within an urbanized area of 50,000 and greater",1,168,718.12328113,886.12328113
50266,"Metropolitan area core: primary flow within an urbanized area of 50,000 and greater",17,1643,252.877004740975,111.52217674946912
50309,"Metropolitan area core: primary flow within an urbanized area of 50,000 and greater",1,11,21.88,32.879999999999995
50312,"Metropolitan area core: primary flow within an urbanized area of 50,000 and greater",1,27,89.713428571,116.713428571
50314,"Metropolitan area core: primary flow within an urbanized area of 50,000 and greater",11,1178,117.38059977434482,117.76187270675861
50325,"Metropolitan area core: primary flow within an urbanized area of 50,000 and greater",6,496,198.61131689345456,115.76855281557577
50401,"Micropolitan area core: primary flow within an urban cluster of 10,000 to 49,999",8,288,126.69610621866666,51.837013277333334
50501,"Micropolitan area core: primary flow within an urban cluster of 10,000 to 49,999",1,71,87.14524484433333,158.14524484433332
50613,"Metropolitan area core: primary flow within an urbanized area of 50,000 and greater",4,86,74.63431818175,40.158579545437505
50702,"Metropolitan area core: primary flow within an urbanized area of 50,000 and greater",6,187,95.434989885375,47.072498314229165
50703,"Metropolitan area core: primary flow within an urbanized area of 50,000 and greater",1,52,38.6295,90.62950000000001
51031,"Small town core: primary flow within an urban cluster of 2,500 to 9,999",1,17,25.128333333,42.128333333
51301,"Micropolitan area core: primary flow within an urban cluster of 10,000 to 49,999",1,15,66.148732394,81.148732394
51401,"Small town core: primary flow within an urban cluster of 2,500 to 9,999",1,38,72.873821138,110.873821138
51503,"Metropolitan area core: primary flow within an urbanized area of 50,000 and greater",2,107,207.93619113550002,157.46809556775003
51560,"Secondary flow 30% to <50% to a urbanized area of 50,000 and greater",1,91,104.91846232500001,195.918462325
52001,"Metropolitan area core: primary flow within an urbanized area of 50,000 and greater",1,17,107.04,124.04
52002,"Metropolitan area core: primary flow within an urbanized area of 50,000 and greater",2,89,209.40041250000002,149.20020625
52175,"Rural areas: primary flow to a tract outside a urbanized area of 50,000 and greater or UC",1,19,25.283225806,44.283225806000004
52233,"Metropolitan area core: primary flow within an urbanized area of 50,000 and greater",5,440,116.17593337446154,111.23518667489232
52242,"Metropolitan area core: primary flow within an urbanized area of 50,000 and greater",11,343,102.6165494710625,40.510595406460226
52245,"Metropolitan area core: primary flow within an urbanized area of 50,000 and greater",3,436,322.25938500877777,252.75312833625927
52402,"Metropolitan area core: primary flow within an urbanized area of 50,000 and greater",1,17,25.27,42.269999999999996
52403,"Metropolitan area core: primary flow within an urbanized area of 50,000 and greater",2,198,108.495643595,153.2478217975
52501,"Micropolitan area core: primary flow within an urban cluster of 10,000 to 49,999",1,20,25.307586207,45.307586207
52641,"Small town core: primary flow within an urban cluster of 2,500 to 9,999",2,114,25.641862393,69.8209311965
52655,"Micropolitan area core: primary flow within an urban cluster of 10,000 to 49,999",2,73,23.918050847499998,48.45902542375
52722,"Metropolitan area core: primary flow within an urbanized area of 50,000 and greater",7,361,135.16210377091667,70.88030053870239
52761,"Micropolitan area core: primary flow within an urban cluster of 10,000 to 49,999",1,31,151.7702796055,182.7702796055
52807,"Metropolitan area core: primary flow within an urbanized area of 50,000 and greater",4,166,234.23105015824999,100.0577625395625
53022,"Metropolitan area core: primary flow within an urbanized area of 50,000 and greater",2,80,287.0531494635,183.52657473175
53024,"Metropolitan area core: primary flow within an urbanized area of 50,000 and greater",3,77,78.0371862345,51.67906207816666
53045,"Metropolitan area core: primary flow within an urbanized area of 50,000 and greater",2,204,168.12753704,186.06376852
53066,"Metropolitan area core: primary flow within an urbanized area of 50,000 and greater",2,151,280.6141593351667,215.80707966758334
53072,"Metropolitan area core: primary flow within an urbanized area of 50,000 and greater",1,23,646.87,669.87
53081,"Metropolitan area core: primary flow within an urbanized area of 50,000 and greater",5,220,202.06887800585716,84.41377560117144
53083,"Metropolitan area core: primary flow within an urbanized area of 50,000 and greater",1,14,181.8,195.8
53092,"Metropolitan area core: primary flow within an urbanized area of 50,000 and greater",8,218,137.94364093816668,44.49295511727084
53095,"Secondary flow 30% to <50% to a larger urbanized area of 50,000 and greater",3,243,360.8884355325,201.2961451775
53105,"Micropolitan area core: primary flow within an urban cluster of 10,000 to 49,999",3,231,110.4804746755,113.82682489183333
53128,"Metropolitan area high commuting: primary flow 30% or more to a urbanized area of 50,000 and greater",1,17,646.57769231,663.57769231
53132,"Metropolitan area core: primary flow within an urbanized area of 50,000 and greater",3,296,591.5254722648333,295.84182408827775
53142,"Secondary flow 30% to <50% to a larger urbanized area of 50,000 and greater",7,285,148.88294328830767,61.98327761261538
53147,"Micropolitan area core: primary flow within an urban cluster of 10,000 to 49,999",2,198,262.08232001225,230.041160006125
53151,"Metropolitan area core: primary flow within an urbanized area of 50,000 and greater",1,105,119.03572727,224.03572727
53154,"Metropolitan area core: primary flow within an urbanized area of 50,000 and greater",1,25,681.29355556,706.29355556
53177,"Metropolitan area core: primary flow within an urbanized area of 50,000 and greater",2,51,406.0358787885,228.51793939425
53188,"Metropolitan area core: primary flow within an urbanized area of 50,000 and greater",2,149,244.253212412875,196.6266062064375
53211,"Metropolitan area core: primary flow within an urbanized area of 50,000 and greater",4,125,227.69475753933332,88.17368938483332
53212,"Metropolitan area core: primary flow within an urbanized area of 50,000 and greater",3,91,93.70469241,61.568230803333336
53214,"Metropolitan area core: primary flow within an urbanized area of 50,000 and greater",1,22,25.417826087,47.417826087
53215,"Metropolitan area core: primary flow within an urbanized area of 50,000 and greater",12,385,124.13498371099999,42.427915309250004
53216,"Metropolitan area core: primary flow within an urbanized area of 50,000 and greater",1,14,110.71,124.71
53220,"Metropolitan area core: primary flow within an urbanized area of 50,000 and greater",2,118,205.64063085520002,161.8203154276
53221,"Metropolitan area core: primary flow within an urbanized area of 50,000 and greater",8,526,169.58743561491303,86.94842945186413
53222,"Metropolitan area core: primary flow within an urbanized area of 50,000 and greater",1,22,25.417083333,47.417083333
53223,"Metropolitan area core: primary flow within an urbanized area of 50,000 and greater",2,67,355.4937962966667,211.24689814833334
53226,"Metropolitan area core: primary flow within an urbanized area of 50,000 and greater",21,787,137.80364142391176,44.0382686392339
53227,"Metropolitan area core: primary flow within an urbanized area of 50,000 and greater",2,36,23.1854208755,29.59271043775
53233,"Metropolitan area core: primary flow within an urbanized area of 50,000 and greater",1,27,25.45,52.45
53235,"Metropolitan area core: primary flow within an urbanized area of 50,000 and greater",6,74,37.625032051666665,18.604172008611112
53405,"Metropolitan area core: primary flow within an urbanized area of 50,000 and greater",1,11,94.128333333,105.128333333
53511,"Metropolitan area core: primary flow within an urbanized area of 50,000 and greater",1,18,25.4,43.4
53538,"Micropolitan area core: primary flow within an urban cluster of 10,000 to 49,999",3,153,232.98217563,128.66072521
53546,"Metropolitan area core: primary flow within an urbanized area of 50,000 and greater",1,73,111.65068627,184.65068627
53548,"Metropolitan area core: primary flow within an urbanized area of 50,000 and greater",4,87,53.921488792,35.230372198
53562,"Metropolitan area core: primary flow within an urbanized area of 50,000 and greater",3,139,95.82579938128572,78.27526646042857
53566,"Micropolitan area core: primary flow within an urban cluster of 10,000 to 49,999",1,26,25.868333333,51.868333332999995
53704,"Metropolitan area core: primary flow within an urbanized area of 50,000 and greater",1,11,239.86818182,250.86818182
53711,"Metropolitan area core: primary flow within an urbanized area of 50,000 and greater",2,55,579.6809150323332,317.3404575161666
53715,"Metropolitan area core: primary flow within an urbanized area of 50,000 and greater",20,938,206.27560338997296,57.21378016949865
53718,"Metropolitan area core: primary flow within an urbanized area of 50,000 and greater",2,137,140.860601106,138.930300553
53719,"Metropolitan area core: primary flow within an urbanized area of 50,000 and greater",1,13,110.84846154,123.84846154
53792,"Metropolitan area core: primary flow within an urbanized area of 50,000 and greater",18,856,94.13099501052,52.78505527836222
54143,"Micropolitan area core: primary flow within an urban cluster of 10,000 to 49,999",1,33,103.8322727275,136.8322727275
54151,"Micropolitan area core: primary flow within an urban cluster of 10,000 to 49,999",4,113,292.15979358457145,101.28994839614286
54154,"Small town core: primary flow within an urban cluster of 2,500 to 9,999",1,11,134.00666667,145.00666667
54220,"Micropolitan area core: primary flow within an urban cluster of 10,000 to 49,999",1,65,160.837917685,225.837917685
54301,"Metropolitan area core: primary flow within an urbanized area of 50,000 and greater",3,148,112.573102068,86.85770068933334
54303,"Metropolitan area core: primary flow within an urbanized area of 50,000 and greater",5,109,25.409836729,26.8819673458
54304,"Metropolitan area core: primary flow within an urbanized area of 50,000 and greater",6,156,83.251810388,39.87530173133333
54311,"Metropolitan area core: primary flow within an urbanized area of 50,000 and greater",10,543,160.30643287307407,70.33064328730741
54313,"Metropolitan area core: primary flow within an urbanized area of 50,000 and greater",1,11,505.33,516.3299999999999
54401,"Metropolitan area core: primary flow within an urbanized area of 50,000 and greater",10,306,234.2124839688889,54.02124839688889
54449,"Micropolitan area core: primary flow within an urban cluster of 10,000 to 49,999",4,229,74.52114115325,75.8802852883125
54467,"Micropolitan area core: primary flow within an urban cluster of 10,000 to 49,999",1,25,648.41146341,673.41146341
54476,"Metropolitan area core: primary flow within an urbanized area of 50,000 and greater",1,11,25.868181818,36.868181818
54548,"Rural areas: primary flow to a tract outside a urbanized area of 50,000 and greater or UC",2,46,87.60363636333334,66.80181818166668
54601,"Metropolitan area core: primary flow within an urbanized area of 50,000 and greater",14,789,98.35248968776924,63.382320691983516
54701,"Metropolitan area core: primary flow within an urbanized area of 50,000 and greater",6,290,71.32289963129999,60.22048327188333
54703,"Metropolitan area core: primary flow within an urbanized area of 50,000 and greater",5,587,137.87004613805883,144.97400922761176
54720,"Metropolitan area core: primary flow within an urbanized area of 50,000 and greater",4,307,136.0192901213333,110.75482253033333
54868,"Small town core: primary flow within an urban cluster of 2,500 to 9,999",2,112,255.40751774325,183.70375887162498
54904,"Metropolitan area core: primary flow within an urbanized area of 50,000 and greater",7,345,101.1571771438125,63.73673959197322
54911,"Metropolitan area core: primary flow within an urbanized area of 50,000 and greater",2,98,108.90329023,103.45164511499999
54913,"Metropolitan area core: primary flow within an urbanized area of 50,000 and greater",2,135,374.01226123,254.506130615
54935,"Metropolitan area core: primary flow within an urbanized area of 50,000 and greater",3,87,127.07722346816666,71.35907448938889
54952,"Metropolitan area core: primary flow within an urbanized area of 50,000 and greater",1,63,360.5388,423.5388
54956,"Metropolitan area core: primary flow within an urbanized area of 50,000 and greater",6,197,220.10663087400002,69.51777181233334
55042,"Metropolitan area core: primary flow within an urbanized area of 50,000 and greater",1,53,829.31030844,882.31030844
55057,"Micropolitan area core: primary flow within an urban cluster of 10,000 to 49,999",1,17,141.24,158.24
55060,"Micropolitan area core: primary flow within an urban cluster of 10,000 to 49,999",1,44,119.5972,163.5972
55082,"Metropolitan area core: primary flow within an urbanized area of 50,000 and greater",2,38,114.85567982500001,76.4278399125
55092,"Metropolitan area high commuting: primary flow 30% or more to a urbanized area of 50,000 and greater",1,18,117.72172414,135.72172414
55101,"Metropolitan area core: primary flow within an urbanized area of 50,000 and greater",1,15,153.31090909,168.31090909
55102,"Metropolitan area core: primary flow within an urbanized area of 50,000 and greater",4,256,126.35391193972727,95.58847798493181
55104,"Metropolitan area core: primary flow within an urbanized area of 50,000 and greater",1,32,490.688020835,522.688020835
55109,"Metropolitan area core: primary flow within an urbanized area of 50,000 and greater",2,37,71.752615385,54.3763076925
55110,"Metropolitan area core: primary flow within an urbanized area of 50,000 and greater",1,25,134.5002696065,159.5002696065
55113,"Metropolitan area core: primary flow within an urbanized area of 50,000 and greater",21,763,64.41300407922728,39.400619241867965
55118,"Metropolitan area core: primary flow within an urbanized area of 50,000 and greater",1,20,99.852391304,119.852391304
55121,"Metropolitan area core: primary flow within an urbanized area of 50,000 and greater",1,98,770.72331644,868.72331644
55125,"Metropolitan area core: primary flow within an urbanized area of 50,000 and greater",6,468,197.9821196671111,110.99701994451851
55127,"Metropolitan area core: primary flow within an urbanized area of 50,000 and greater",1,107,163.53048387,270.53048387
55130,"Metropolitan area core: primary flow within an urbanized area of 50,000 and greater",5,154,86.84085536287499,48.168171072575
55318,"Metropolitan area core: primary flow within an urbanized area of 50,000 and greater",3,216,530.469351398,248.82311713266665
55337,"Metropolitan area core: primary flow within an urbanized area of 50,000 and greater",4,128,537.5680059542857,166.39200148857142
55344,"Metropolitan area core: primary flow within an urbanized area of 50,000 and greater",15,439,46.5718920355,32.37145946903333
55345,"Metropolitan area core: primary flow within an urbanized area of 50,000 and greater",1,12,663.63043478,675.63043478
55369,"Metropolitan area core: primary flow within an urbanized area of 50,000 and greater",8,777,209.18407902224138,123.27300987778017
55387,"Metropolitan area high commuting: primary flow 30% or more to a urbanized area of 50,000 and greater",2,49,25.925,37.4625
55407,"Metropolitan area core: primary flow within an urbanized area of 50,000 and greater",1,65,89.91225757633333,154.91225757633333
55414,"Metropolitan area core: primary flow within an urbanized area of 50,000 and greater",1,26,772.98363636,798.98363636
55415,"Metropolitan area core: primary flow within an urbanized area of 50,000 and greater",6,217,78.99721942590908,49.33286990431818
55416,"Metropolitan area core: primary flow within an urbanized area of 50,000 and greater",16,1105,267.3338284414286,85.77086427758928
55422,"Metropolitan area core: primary flow within an urbanized area of 50,000 and greater",1,51,25.57,76.57
55426,"Metropolitan area core: primary flow within an urbanized area of 50,000 and greater",15,587,101.47793505041176,45.898529003360785
55427,"Metropolitan area core: primary flow within an urbanized area of 50,000 and greater",1,13,28.34,41.34
55435,"Metropolitan area core: primary flow within an urbanized area of 50,000 and greater",7,388,262.637850899,92.94826441414286
55439,"Metropolitan area core: primary flow within an urbanized area of 50,000 and greater",3,255,270.631766109125,175.21058870304168
55446,"Metropolitan area core: primary flow within an urbanized area of 50,000 and greater",5,602,186.09958611019047,157.61991722203808
55455,"Metropolitan area core: primary flow within an urbanized area of 50,000 and greater",3,65,57.19357143,40.73119047666666
55746,"Micropolitan high commuting: primary flow 30% or more to a urban cluster of 10,000 to 49,999",7,177,39.18730612242857,30.88390087463265
55805,"Metropolitan area core: primary flow within an urbanized area of 50,000 and greater",8,208,187.0716885994167,49.383961074927086
55901,"Metropolitan area core: primary flow within an urbanized area of 50,000 and greater",1,109,104.36513220675,213.36513220675
55904,"Metropolitan area core: primary flow within an urbanized area of 50,000 and greater",1,21,26.3975,47.3975
55905,"Metropolitan area core: primary flow within an urbanized area of 50,000 and greater",31,1542,172.65814206195523,55.31155296974049
55912,"Micropolitan area core: primary flow within an urban cluster of 10,000 to 49,999",1,29,156.38878472,185.38878472
55987,"Micropolitan area core: primary flow within an urban cluster of 10,000 to 49,999",2,62,26.3529310345,44.17646551725
56001,"Metropolitan area core: primary flow within an urbanized area of 50,000 and greater",15,887,236.8585444049259,74.92390296032839
56002,"Metropolitan area core: primary flow within an urbanized area of 50,000 and greater",1,21,26.392173913,47.392173913
56013,"Small town core: primary flow within an urban cluster of 2,500 to 9,999",1,36,22.435833333,58.435833333000005
56031,"Small town core: primary flow within an urban cluster of 2,500 to 9,999",2,38,69.1684210525,53.58421052625
56032,"Micropolitan high commuting: primary flow 30% or more to a urban cluster of 10,000 to 49,999",1,45,107.40688889,152.40688889
56073,"Micropolitan area core: primary flow within an urban cluster of 10,000 to 49,999",1,40,120.552509579,160.552509579
56201,"Micropolitan area core: primary flow within an urban cluster of 10,000 to 49,999",1,14,619.84625,633.84625
56303,"Metropolitan area core: primary flow within an urbanized area of 50,000 and greater",4,152,314.3228458658889,116.58071146647222
56308,"Micropolitan area core: primary flow within an urban cluster of 10,000 to 49,999",4,358,353.2547940496154,177.81369851240385
56377,"Metropolitan area core: primary flow within an urbanized area of 50,000 and greater",21,686,150.92419353048385,39.853533025261136
56387,"Metropolitan area core: primary flow within an urbanized area of 50,000 and greater",3,218,105.44207531766666,107.81402510588889
56401,"Micropolitan area core: primary flow within an urban cluster of 10,000 to 49,999",2,34,26.090000000000003,30.045
56601,"Micropolitan area core: primary flow within an urban cluster of 10,000 to 49,999",2,209,195.84691440763635,202.42345720381817
56701,"Small town core: primary flow within an urban cluster of 2,500 to 9,999",1,92,119.78,211.78
57006,"Micropolitan area core: primary flow within an urban cluster of 10,000 to 49,999",1,15,604.70148148,619.70148148
57049,"Metropolitan area core: primary flow within an urbanized area of 50,000 and greater",5,366,122.84155295392858,97.76831059078572
57078,"Micropolitan area core: primary flow within an urban cluster of 10,000 to 49,999",1,48,115.7272549,163.7272549
57104,"Metropolitan area core: primary flow within an urbanized area of 50,000 and greater",4,136,25.964210878,40.4910527195
57105,"Metropolitan area core: primary flow within an urbanized area of 50,000 and greater",10,758,122.1789322482857,88.01789322482857
57201,"Micropolitan area core: primary flow within an urban cluster of 10,000 to 49,999",4,66,258.85712689540003,81.21428172385001
57301,"Micropolitan area core: primary flow within an urban cluster of 10,000 to 49,999",1,14,25.83,39.83
57401,"Micropolitan area core: primary flow within an urban cluster of 10,000 to 49,999",5,209,34.508223407399996,48.701644681480005
57501,"Micropolitan area core: primary flow within an urban cluster of 10,000 to 49,999",2,36,44.128625,40.0643125
57701,"Metropolitan area core: primary flow within an urbanized area of 50,000 and greater",9,1013,171.25234269592107,131.5835936328801
57702,"Metropolitan area core: primary flow within an urbanized area of 50,000 and greater",2,25,22.23,23.615000000000002
57783,"Micropolitan area core: primary flow within an urban cluster of 10,000 to 49,999",1,12,26.166666667,38.166666667
58102,"Metropolitan area core: primary flow within an urbanized area of 50,000 and greater",1,24,174.5137500015,198.5137500015
58103,"Metropolitan area core: primary flow within an urbanized area of 50,000 and greater",11,605,153.71473799175,68.9740670901591
58104,"Metropolitan area core: primary flow within an urbanized area of 50,000 and greater",1,71,707.312292085,778.312292085
58201,"Metropolitan area core: primary flow within an urbanized area of 50,000 and greater",2,175,99.6049567072,137.3024783536
58501,"Metropolitan area core: primary flow within an urbanized area of 50,000 and greater",5,332,82.5229844587,82.90459689174
58503,"Metropolitan area core: primary flow within an urbanized area of 50,000 and greater",4,158,184.38500945016668,85.59625236254166
58701,"Micropolitan area core: primary flow within an urban cluster of 10,000 to 49,999",4,131,59.12797936716667,47.531994841791665
58801,"Micropolitan area core: primary flow within an urban cluster of 10,000 to 49,999",1,11,108.44583333,119.44583333
59101,"Metropolitan area core: primary flow within an urbanized area of 50,000 and greater",9,383,252.6962935807143,70.63292150896825
59405,"Metropolitan area core: primary flow within an urbanized area of 50,000 and greater",10,450,74.143503822625,52.4143503822625
59601,"Micropolitan area core: primary flow within an urban cluster of 10,000 to 49,999",3,129,211.659972516,113.55332417200002
59701,"Micropolitan area core: primary flow within an urban cluster of 10,000 to 49,999",1,26,145.9139285705,171.9139285705
59715,"Micropolitan area core: primary flow within an urban cluster of 10,000 to 49,999",5,312,215.4265169758889,105.4853033951778
59718,"Micropolitan high commuting: primary flow 30% or more to a urban cluster of 10,000 to 49,999",1,36,398.97764411,434.97764411
59725,"Small town core: primary flow within an urban cluster of 2,500 to 9,999",1,153,129.5160446816,282.51604468159996
59802,"Metropolitan area core: primary flow within an urbanized area of 50,000 and greater",3,267,324.1059895798571,197.03532985995238
59804,"Metropolitan area core: primary flow within an urbanized area of 50,000 and greater",1,64,185.42138889,249.42138889
59808,"Metropolitan area core: primary flow within an urbanized area of 50,000 and greater",1,20,807.12,827.12
59901,"Micropolitan area core: primary flow within an urban cluster of 10,000 to 49,999",9,382,169.61831087126666,61.29092343014074
60005,"Metropolitan area core: primary flow within an urbanized area of 50,000 and greater",10,688,277.4132223504762,96.54132223504762
60007,"Metropolitan area core: primary flow within an urbanized area of 50,000 and greater",4,138,102.88729175,60.2218229375
60010,"Metropolitan area core: primary flow within an urbanized area of 50,000 and greater",8,397,257.6479395476923,81.83099244346154
60014,"Metropolitan area core: primary flow within an urbanized area of 50,000 and greater",2,77,113.259866536,95.129933268
60016,"Metropolitan area core: primary flow within an urbanized area of 50,000 and greater",1,22,121.85466667,143.85466667
60025,"Metropolitan area core: primary flow within an urbanized area of 50,000 and greater",8,716,321.12070063,129.64008757875
60026,"Metropolitan area core: primary flow within an urbanized area of 50,000 and greater",2,100,110.23445950499999,105.1172297525
60030,"Metropolitan area high commuting: primary flow 30% or more to a urbanized area of 50,000 and greater",2,41,25.961777778,33.480888889
60031,"Metropolitan area core: primary flow within an urbanized area of 50,000 and greater",3,712,335.2237179836364,349.07457266121213
60045,"Metropolitan area core: primary flow within an urbanized area of 50,000 and greater",1,18,125.1125,143.1125
60048,"Metropolitan area core: primary flow within an urbanized area of 50,000 and greater",11,402,125.65814119266666,47.968921926606065
60050,"Metropolitan area high commuting: primary flow 30% or more to a urbanized area of 50,000 and greater",2,35,65.997173915,50.4985869575
60053,"Metropolitan area core: primary flow within an urbanized area of 50,000 and greater",7,1914,316.50579440200005,318.64368491457145
60061,"Metropolitan area core: primary flow within an urbanized area of 50,000 and greater",1,22,623.98883721,645.98883721
60062,"Metropolitan area core: primary flow within an urbanized area of 50,000 and greater",1,81,255.55373494,336.55373494
60064,"Metropolitan area core: primary flow within an urbanized area of 50,000 and greater",1,12,28.34,40.34
60068,"Metropolitan area core: primary flow within an urbanized area of 50,000 and greater",3,2543,263.48800219320003,935.4960007310666
60070,"Metropolitan area core: primary flow within an urbanized area of 50,000 and greater",1,16,26.52,42.519999999999996
60076,"Metropolitan area core: primary flow within an urbanized area of 50,000 and greater",3,260,273.7759678671818,177.92532262239396
60102,"Metropolitan area core: primary flow within an urbanized area of 50,000 and greater",2,358,216.54792075,287.273960375
60103,"Metropolitan area core: primary flow within an urbanized area of 50,000 and greater",1,14,26.534285714,40.534285714
60108,"Metropolitan area core: primary flow within an urbanized area of 50,000 and greater",1,102,194.5016024472,296.5016024472
60115,"Metropolitan area core: primary flow within an urbanized area of 50,000 and greater",1,49,173.43259197499998,222.43259197499998
60120,"Metropolitan area core: primary flow within an urbanized area of 50,000 and greater",2,200,168.45986348087501,184.2299317404375
60123,"Metropolitan area core: primary flow within an urbanized area of 50,000 and greater",7,444,188.79958709363638,90.39994101337662
60126,"Metropolitan area core: primary flow within an urbanized area of 50,000 and greater",6,99,156.91382209633335,42.65230368272223
60134,"Metropolitan area core: primary flow within an urbanized area of 50,000 and greater",5,155,104.663722086,51.9327444172
60141,"Metropolitan area core: primary flow within an urbanized area of 50,000 and greater",1,47,179.9685666665,226.9685666665
60148,"Metropolitan area core: primary flow within an urbanized area of 50,000 and greater",4,245,371.251540816,154.062885204
60153,"Metropolitan area core: primary flow within an urbanized area of 50,000 and greater",9,271,157.253408454625,47.58371205051389
60154,"Metropolitan area core: primary flow within an urbanized area of 50,000 and greater",2,334,349.36480244,341.68240122
60160,"Metropolitan area core: primary flow within an urbanized area of 50,000 and greater",1,14,21.57,35.57
60169,"Metropolitan area core: primary flow within an urbanized area of 50,000 and greater",1,28,152.71624999999997,180.71624999999997
60173,"Metropolitan area core: primary flow within an urbanized area of 50,000 and greater",5,609,299.9259454862,181.78518909724
60175,"Metropolitan area core: primary flow within an urbanized area of 50,000 and greater",1,54,159.51726852033335,213.51726852033335
60178,"Metropolitan area core: primary flow within an urbanized area of 50,000 and greater",2,350,267.9832783685714,308.9916391842857
60187,"Metropolitan area core: primary flow within an urbanized area of 50,000 and greater",1,19,125.20333333,144.20333333000002
60190,"Metropolitan area core: primary flow within an urbanized area of 50,000 and greater",2,133,132.150671756,132.575335878
60193,"Metropolitan area core: primary flow within an urbanized area of 50,000 and greater",2,82,322.42766666666665,202.21383333333333
60194,"Metropolitan area core: primary flow within an urbanized area of 50,000 and greater",1,20,28.347619048,48.347619048
60195,"Metropolitan area core: primary flow within an urbanized area of 50,000 and greater",7,424,186.49744828463636,87.21392118351947
60201,"Metropolitan area core: primary flow within an urbanized area of 50,000 and greater",6,274,95.37690126691666,61.562816877819444
60415,"Metropolitan area core: primary flow within an urbanized area of 50,000 and greater",1,25,338.493352275,363.493352275
60423,"Metropolitan area core: primary flow within an urbanized area of 50,000 and greater",1,24,358.542105265,382.542105265
60426,"Metropolitan area core: primary flow within an urbanized area of 50,000 and greater",2,35,27.786868687000002,31.3934343435
60430,"Metropolitan area core: primary flow within an urbanized area of 50,000 and greater",1,14,111.58887097,125.58887097
60435,"Metropolitan area core: primary flow within an urbanized area of 50,000 and greater",6,673,262.09085336877774,155.84847556146295
60440,"Metropolitan area core: primary flow within an urbanized area of 50,000 and greater",2,654,208.8172266683,431.40861333415
60450,"Secondary flow 30% to <50% to a urbanized area of 50,000 and greater",4,239,243.205398304875,120.55134957621874
60451,"Metropolitan area core: primary flow within an urbanized area of 50,000 and greater",1,337,388.53449391571434,725.5344939157144
60453,"Metropolitan area core: primary flow within an urbanized area of 50,000 and greater",5,1193,187.7177124825,276.1435424965
60462,"Metropolitan area core: primary flow within an urbanized area of 50,000 and greater",3,102,526.2679474966667,209.42264916555555
60463,"Metropolitan area core: primary flow within an urbanized area of 50,000 and greater",2,35,28.655,31.8275
60467,"Metropolitan area core: primary flow within an urbanized area of 50,000 and greater",3,130,117.13575757666666,82.37858585888888
60477,"Metropolitan area core: primary flow within an urbanized area of 50,000 and greater",4,253,319.9947670783333,143.24869176958333
60487,"Metropolitan area core: primary flow within an urbanized area of 50,000 and greater",1,24,224.27,248.27
60504,"Metropolitan area core: primary flow within an urbanized area of 50,000 and greater",5,102,208.445156302,62.0890312604
60506,"Metropolitan area core: primary flow within an urbanized area of 50,000 and greater",1,20,27.88,47.879999999999995
60515,"Metropolitan area core: primary flow within an urbanized area of 50,000 and greater",1,11,259.32913043,270.32913043
60521,"Metropolitan area core: primary flow within an urbanized area of 50,000 and greater",4,493,379.9189891481111,218.22974728702778
60523,"Metropolitan area core: primary flow within an urbanized area of 50,000 and greater",3,222,514.6389961977778,245.54633206592595
60527,"Metropolitan area core: primary flow within an urbanized area of 50,000 and greater",3,218,303.2659957584,173.75533191946667
60540,"Metropolitan area core: primary flow within an urbanized area of 50,000 and greater",6,417,109.972116225,87.8286860375
60542,"Metropolitan area core: primary flow within an urbanized area of 50,000 and greater",1,196,317.921558668,513.921558668
60543,"Metropolitan area core: primary flow within an urbanized area of 50,000 and greater",1,20,108.68185185,128.68185185
60555,"Metropolitan area core: primary flow within an urbanized area of 50,000 and greater",2,86,286.925674849,186.4628374245
60559,"Metropolitan area core: primary flow within an urbanized area of 50,000 and greater",2,124,300.49761955499997,212.24880977749999
60563,"Metropolitan area core: primary flow within an urbanized area of 50,000 and greater",2,92,136.6930801275,114.34654006375
60564,"Metropolitan area core: primary flow within an urbanized area of 50,000 and greater",2,57,486.04835795500003,271.5241789775
60605,"Metropolitan area core: primary flow within an urbanized area of 50,000 and greater",4,213,174.96014415553844,96.99003603888461
60607,"Metropolitan area core: primary flow within an urbanized area of 50,000 and greater",1,14,25.087333333,39.087333333000004
60608,"Metropolitan area core: primary flow within an urbanized area of 50,000 and greater",1,13,123.97461538,136.97461538
60611,"Metropolitan area core: primary flow within an urbanized area of 50,000 and greater",24,1127,99.66234186263637,51.11093091094318
60612,"Metropolitan area core: primary flow within an urbanized area of 50,000 and greater",19,1153,227.17591314497616,72.64083753394611
60617,"Metropolitan area core: primary flow within an urbanized area of 50,000 and greater",1,22,121.65,143.65
60618,"Metropolitan area core: primary flow within an urbanized area of 50,000 and greater",1,45,119.78852459,164.78852459
60622,"Metropolitan area core: primary flow within an urbanized area of 50,000 and greater",3,659,167.81892349063637,275.60630783021213
60625,"Metropolitan area core: primary flow within an urbanized area of 50,000 and greater",2,1860,166.8912842718,1013.4456421359
60631,"Metropolitan area core: primary flow within an urbanized area of 50,000 and greater",4,393,281.26624501311113,168.56656125327777
60637,"Metropolitan area core: primary flow within an urbanized area of 50,000 and greater",14,464,71.91267889045,38.27947706360357
60640,"Metropolitan area core: primary flow within an urbanized area of 50,000 and greater",2,124,270.80844444333337,197.40422222166669
60641,"Metropolitan area core: primary flow within an urbanized area of 50,000 and greater",1,60,356.99,416.99
60657,"Metropolitan area core: primary flow within an urbanized area of 50,000 and greater",2,107,119.75366766,113.37683383000001
60707,"Metropolitan area core: primary flow within an urbanized area of 50,000 and greater",2,63,474.94125396699997,268.9706269835
60805,"Metropolitan area core: primary flow within an urbanized area of 50,000 and greater",1,26,116.06,142.06
60901,"Metropolitan area core: primary flow within an urbanized area of 50,000 and greater",4,97,109.297123304,51.574280826
60910,"Metropolitan area core: primary flow within an urbanized area of 50,000 and greater",1,41,29.015869565,70.015869565
60914,"Metropolitan area core: primary flow within an urbanized area of 50,000 and greater",3,221,429.455548994125,216.818516331375
60915,"Metropolitan area core: primary flow within an urbanized area of 50,000 and greater",2,401,137.18366922566668,269.09183461283334
61032,"Micropolitan area core: primary flow within an urban cluster of 10,000 to 49,999",1,209,142.66096640575,351.66096640575
61073,"Metropolitan area core: primary flow within an urbanized area of 50,000 and greater",1,83,26.429596774,109.429596774
61081,"Micropolitan area core: primary flow within an urban cluster of 10,000 to 49,999",1,21,26.725,47.725
61103,"Metropolitan area core: primary flow within an urbanized area of 50,000 and greater",1,549,122.12627677,671.12627677
61107,"Metropolitan area core: primary flow within an urbanized area of 50,000 and greater",11,699,291.4664397572273,90.04240361429339
61108,"Metropolitan area core: primary flow within an urbanized area of 50,000 and greater",1,33,107.86109244,140.86109244
61112,"Metropolitan area core: primary flow within an urbanized area of 50,000 and greater",1,25,108.64119403,133.64119403
61114,"Metropolitan area core: primary flow within an urbanized area of 50,000 and greater",9,398,124.97452884,58.10828098222222
61201,"Metropolitan area core: primary flow within an urbanized area of 50,000 and greater",1,52,162.90553571499998,214.90553571499998
61265,"Metropolitan area core: primary flow within an urbanized area of 50,000 and greater",9,545,234.75804932674998,86.63978325852777
61356,"Small town core: primary flow within an urban cluster of 2,500 to 9,999",1,12,24.585,36.585
61364,"Micropolitan area core: primary flow within an urban cluster of 10,000 to 49,999",1,13,26.58,39.58
61520,"Secondary flow 30% to <50% to a urbanized area of 50,000 and greater",1,13,26.65,39.65
61604,"Metropolitan area core: primary flow within an urbanized area of 50,000 and greater",1,13,26.43,39.43
61614,"Metropolitan area core: primary flow within an urbanized area of 50,000 and greater",4,295,209.7594516406,126.18986291015
61615,"Metropolitan area core: primary flow within an urbanized area of 50,000 and greater",2,82,144.1779457014,113.0889728507
61637,"Metropolitan area core: primary flow within an urbanized area of 50,000 and greater",5,67,26.4535128204,18.69070256408
61701,"Metropolitan area core: primary flow within an urbanized area of 50,000 and greater",1,214,156.9489424115,370.9489424115
61704,"Metropolitan area core: primary flow within an urbanized area of 50,000 and greater",6,325,355.4024395806,113.40040659676667
61801,"Metropolitan area core: primary flow within an urbanized area of 50,000 and greater",7,288,26.79799402875,44.97114200410714
61820,"Metropolitan area core: primary flow within an urbanized area of 50,000 and greater",1,60,311.37681818,371.37681818
61821,"Metropolitan area core: primary flow within an urbanized area of 50,000 and greater",1,49,93.08367324666666,142.08367324666665
61832,"Metropolitan area core: primary flow within an urbanized area of 50,000 and greater",1,101,346.45161859,447.45161859
61938,"Micropolitan area core: primary flow within an urban cluster of 10,000 to 49,999",4,385,74.01846800433334,114.75461700108333
62002,"Secondary flow 30% to <50% to a larger urbanized area of 50,000 and greater",3,321,298.77440176162503,206.59146725387504
62052,"Small town core: primary flow within an urban cluster of 2,500 to 9,999",2,43,102.81344444333332,72.90672222166666
62062,"Metropolitan area core: primary flow within an urbanized area of 50,000 and greater",1,36,27.39,63.39
62226,"Metropolitan area core: primary flow within an urbanized area of 50,000 and greater",4,205,132.7260960936,84.4315240234
62269,"Metropolitan area core: primary flow within an urbanized area of 50,000 and greater",2,98,76.76513854925001,87.38256927462501
62293,"Metropolitan area high commuting: primary flow 30% or more to a urbanized area of 50,000 and greater",1,16,94.461941176,110.461941176
62301,"Micropolitan area core: primary flow within an urban cluster of 10,000 to 49,999",4,305,157.1693808757143,115.54234521892857
62401,"Micropolitan area core: primary flow within an urban cluster of 10,000 to 49,999",5,424,240.50865068053844,132.9017301361077
62454,"Small town core: primary flow within an urban cluster of 2,500 to 9,999",1,27,187.25288462,214.25288462
62521,"Metropolitan area core: primary flow within an urbanized area of 50,000 and greater",2,172,124.65820599725001,148.329102998625
62526,"Metropolitan area core: primary flow within an urbanized area of 50,000 and greater",1,11,109.04307692,120.04307692
62702,"Metropolitan area core: primary flow within an urbanized area of 50,000 and greater",7,425,161.43133096635714,83.7759044237653
62703,"Metropolitan area core: primary flow within an urbanized area of 50,000 and greater",1,134,744.116054055,878.116054055
62704,"Metropolitan area core: primary flow within an urbanized area of 50,000 and greater",8,156,105.0435682845,32.6304460355625
62711,"Metropolitan area core: primary flow within an urbanized area of 50,000 and greater",1,27,154.2890106965,181.2890106965
62769,"Metropolitan area core: primary flow within an urbanized area of 50,000 and greater",3,39,26.919777777666667,21.97325925922222
62781,"Metropolitan area core: primary flow within an urbanized area of 50,000 and greater",1,49,22.44,71.44
62801,"Micropolitan area core: primary flow within an urban cluster of 10,000 to 49,999",1,11,102.56117647,113.56117647
62864,"Micropolitan area core: primary flow within an urban cluster of 10,000 to 49,999",3,298,218.30858944142855,172.10286314714287
62901,"Metropolitan area core: primary flow within an urbanized area of 50,000 and greater",3,584,258.3332550711,280.77775169036664
62918,"Metropolitan area core: primary flow within an urbanized area of 50,000 and greater",1,162,467.3938261225,629.3938261225001
62948,"Metropolitan area core: primary flow within an urbanized area of 50,000 and greater",1,20,26.513636364,46.513636364
62959,"Metropolitan area core: primary flow within an urbanized area of 50,000 and greater",2,188,202.05044629383335,195.0252231469167
63005,"Metropolitan area core: primary flow within an urbanized area of 50,000 and greater",2,176,612.827798274,394.413899137
63017,"Metropolitan area core: primary flow within an urbanized area of 50,000 and greater",9,834,166.593410732375,111.17704563693056
63026,"Metropolitan area core: primary flow within an urbanized area of 50,000 and greater",2,235,222.0339450008182,228.5169725004091
63028,"Metropolitan area core: primary flow within an urbanized area of 50,000 and greater",5,230,101.670918876625,66.334183775325
63031,"Metropolitan area core: primary flow within an urbanized area of 50,000 and greater",1,11,113.14411765,124.14411765
63033,"Metropolitan area core: primary flow within an urbanized area of 50,000 and greater",2,255,325.13037154833336,290.0651857741667
63044,"Metropolitan area core: primary flow within an urbanized area of 50,000 and greater",9,432,83.11555872643478,57.235062080714975
63071,"Small town low commuting: primary flow 10% to <30% to a urban cluster of 2,500 to 9,999",1,92,96.164169884,188.164169884
63080,"Small town core: primary flow within an urban cluster of 2,500 to 9,999",1,28,154.7953571415,182.7953571415
63104,"Metropolitan area core: primary flow within an urbanized area of 50,000 and greater",2,76,98.7934375,87.39671874999999
63109,"Metropolitan area core: primary flow within an urbanized area of 50,000 and greater",1,55,96.718870968,151.718870968
63110,"Metropolitan area core: primary flow within an urbanized area of 50,000 and greater",39,1485,59.95930235774468,39.61434108609602
63117,"Metropolitan area core: primary flow within an urbanized area of 50,000 and greater",2,64,97.117941965,80.5589709825
63119,"Metropolitan area core: primary flow within an urbanized area of 50,000 and greater",1,49,96.18765625,145.18765625
63128,"Metropolitan area core: primary flow within an urbanized area of 50,000 and greater",9,800,332.8789874348947,125.87544304832164
63129,"Metropolitan area core: primary flow within an urbanized area of 50,000 and greater",1,42,24.797560976,66.797560976
63131,"Metropolitan area core: primary flow within an urbanized area of 50,000 and greater",11,903,291.22976499272414,108.56634227206582
63136,"Metropolitan area core: primary flow within an urbanized area of 50,000 and greater",1,67,136.872490312,203.872490312
63141,"Metropolitan area core: primary flow within an urbanized area of 50,000 and greater",12,560,134.66575976965,57.8888133141375
63146,"Metropolitan area core: primary flow within an urbanized area of 50,000 and greater",1,37,26.341315789,63.341315789
63301,"Metropolitan area core: primary flow within an urbanized area of 50,000 and greater",2,28,25.71,26.855
63304,"Metropolitan area core: primary flow within an urbanized area of 50,000 and greater",1,48,130.34825944233333,178.34825944233333
63367,"Metropolitan area core: primary flow within an urbanized area of 50,000 and greater",2,136,87.93772432099999,111.9688621605
63368,"Metropolitan area core: primary flow within an urbanized area of 50,000 and greater",3,246,246.43441984933335,164.14480661644447
63376,"Metropolitan area core: primary flow within an urbanized area of 50,000 and greater",3,237,217.92976917783332,151.6432563926111
63379,"Metropolitan area high commuting: primary flow 30% or more to a urbanized area of 50,000 and greater",1,58,336.23477111666665,394.23477111666665
63385,"Metropolitan area core: primary flow within an urbanized area of 50,000 and greater",1,17,26.369090909,43.369090909
63401,"Micropolitan area core: primary flow within an urban cluster of 10,000 to 49,999",3,152,133.73972604542857,95.2465753484762
63627,"Metropolitan area high commuting: primary flow 30% or more to a urbanized area of 50,000 and greater",1,61,223.10976488100002,284.10976488100005
63701,"Metropolitan area core: primary flow within an urbanized area of 50,000 and greater",1,263,283.23317011200004,546.233170112
63703,"Metropolitan area core: primary flow within an urbanized area of 50,000 and greater",9,332,49.669178050583334,42.407686450064816
64015,"Metropolitan area core: primary flow within an urbanized area of 50,000 and greater",1,17,92.485714286,109.485714286
64052,"Metropolitan area core: primary flow within an urbanized area of 50,000 and greater",1,16,230.61611111,246.61611111
64055,"Metropolitan area core: primary flow within an urbanized area of 50,000 and greater",2,125,118.6725486685,121.83627433424999
64068,"Metropolitan area core: primary flow within an urbanized area of 50,000 and greater",3,169,85.0377295894,84.67924319646666
64086,"Metropolitan area high commuting: primary flow 30% or more to a urbanized area of 50,000 and greater",8,651,213.430283065,108.053785383125
64093,"Micropolitan area core: primary flow within an urban cluster of 10,000 to 49,999",1,378,117.772342521,495.772342521
64108,"Metropolitan area core: primary flow within an urbanized area of 50,000 and greater",3,81,48.495382006,43.16512733533333
64110,"Metropolitan area core: primary flow within an urbanized area of 50,000 and greater",1,22,26.469545455,48.469545455
64111,"Metropolitan area core: primary flow within an urbanized area of 50,000 and greater",7,269,98.43666388790908,52.49095198398701
64112,"Metropolitan area core: primary flow within an urbanized area of 50,000 and greater",2,50,67.93202381,58.966011905
64113,"Metropolitan area core: primary flow within an urbanized area of 50,000 and greater",1,23,26.46,49.46
64114,"Metropolitan area core: primary flow within an urbanized area of 50,000 and greater",3,42,53.20423076933333,31.734743589777775
64116,"Metropolitan area core: primary flow within an urbanized area of 50,000 and greater",5,460,134.4921254629375,118.89842509258752
64119,"Metropolitan area core: primary flow within an urbanized area of 50,000 and greater",1,62,90.136965318,152.136965318
64131,"Metropolitan area core: primary flow within an urbanized area of 50,000 and greater",1,60,125.157529137,185.15752913699998
64506,"Metropolitan area core: primary flow within an urbanized area of 50,000 and greater",3,41,49.12329715233333,30.041099050777774
64507,"Metropolitan area core: primary flow within an urbanized area of 50,000 and greater",2,54,134.714996417,94.3574982085
64804,"Metropolitan area core: primary flow within an urbanized area of 50,000 and greater",11,620,106.820748029875,66.07461345726136
65065,"Small town core: primary flow within an urban cluster of 2,500 to 9,999",1,33,24.53,57.53
65101,"Metropolitan area core: primary flow within an urbanized area of 50,000 and greater",1,36,25.102051282,61.102051282000005
65109,"Metropolitan area core: primary flow within an urbanized area of 50,000 and greater",3,131,279.204476102,136.73482536733334
65201,"Metropolitan area core: primary flow within an urbanized area of 50,000 and greater",10,580,129.6070452313125,70.96070452313124
65203,"Metropolitan area core: primary flow within an urbanized area of 50,000 and greater",1,82,105.55317270775001,187.55317270775
65212,"Metropolitan area core: primary flow within an urbanized area of 50,000 and greater",9,261,71.03944685784616,36.893271873094015
65301,"Micropolitan area core: primary flow within an urban cluster of 10,000 to 49,999",3,89,101.47720512666666,63.492401708888885
65401,"Micropolitan area core: primary flow within an urban cluster of 10,000 to 49,999",3,145,115.4544975132857,86.8181658377619
65613,"Secondary flow 30% to <50% to a urbanized area of 50,000 and greater",2,51,128.73467171766666,89.86733585883333
65616,"Micropolitan area core: primary flow within an urban cluster of 10,000 to 49,999",2,60,166.59623015666668,113.29811507833334
65775,"Micropolitan area core: primary flow within an urban cluster of 10,000 to 49,999",3,112,232.5433567916,114.8477855972
65804,"Metropolitan area core: primary flow within an urbanized area of 50,000 and greater",10,965,165.26510481013793,113.02651048101379
65807,"Metropolitan area core: primary flow within an urbanized area of 50,000 and greater",5,371,140.35961812284614,102.27192362456923
66027,"Micropolitan area core: primary flow within an urban cluster of 10,000 to 49,999",1,27,25.285185185,52.285185185
66044,"Metropolitan area core: primary flow within an urbanized area of 50,000 and greater",1,50,124.8223737945,174.82237379449998
66049,"Metropolitan area core: primary flow within an urbanized area of 50,000 and greater",1,20,338.22357143,358.22357143
66061,"Metropolitan area core: primary flow within an urbanized area of 50,000 and greater",5,336,96.00962856020001,86.40192571204
66062,"Metropolitan area core: primary flow within an urbanized area of 50,000 and greater",1,34,90.82,124.82
66103,"Metropolitan area core: primary flow within an urbanized area of 50,000 and greater",2,97,25.7992771085,61.399638554250004
66109,"Metropolitan area core: primary flow within an urbanized area of 50,000 and greater",1,15,90.82,105.82
66112,"Metropolitan area core: primary flow within an urbanized area of 50,000 and greater",1,59,66.45390079233333,125.45390079233333
66160,"Metropolitan area core: primary flow within an urbanized area of 50,000 and greater",25,1638,114.09262269442307,70.08370490777692
66202,"Metropolitan area core: primary flow within an urbanized area of 50,000 and greater",1,11,25.74,36.739999999999995
66204,"Metropolitan area core: primary flow within an urbanized area of 50,000 and greater",10,222,83.57231608658334,30.557231608658334
66207,"Metropolitan area core: primary flow within an urbanized area of 50,000 and greater",1,12,112.05833333,124.05833333
66208,"Metropolitan area core: primary flow within an urbanized area of 50,000 and greater",1,15,785.2,800.2
66209,"Metropolitan area core: primary flow within an urbanized area of 50,000 and greater",3,112,244.37004761925002,118.79001587308335
66210,"Metropolitan area core: primary flow within an urbanized area of 50,000 and greater",7,383,195.81121615641175,82.6873165937731
66211,"Metropolitan area core: primary flow within an urbanized area of 50,000 and greater",12,562,141.6680035898125,58.63900029915104
66212,"Metropolitan area core: primary flow within an urbanized area of 50,000 and greater",2,141,213.5861554525,177.29307772625
66214,"Metropolitan area core: primary flow within an urbanized area of 50,000 and greater",1,19,649.40055556,668.40055556
66215,"Metropolitan area core: primary flow within an urbanized area of 50,000 and greater",1,13,628.944,641.944
66217,"Metropolitan area core: primary flow within an urbanized area of 50,000 and greater",1,39,620.53571698,659.53571698
66223,"Metropolitan area core: primary flow within an urbanized area of 50,000 and greater",2,69,264.68806138275,166.844030691375
66226,"Metropolitan area core: primary flow within an urbanized area of 50,000 and greater",1,19,25.722727273,44.722727273000004
66502,"Metropolitan area core: primary flow within an urbanized area of 50,000 and greater",6,284,158.12455887115385,73.68742647852564
66503,"Micropolitan area core: primary flow within an urban cluster of 10,000 to 49,999",1,36,25.361538462,61.361538462
66604,"Metropolitan area core: primary flow within an urbanized area of 50,000 and greater",2,31,66.346496164,48.673248082
66606,"Metropolitan area core: primary flow within an urbanized area of 50,000 and greater",6,336,114.18123351447059,75.0302055857451
66611,"Metropolitan area core: primary flow within an urbanized area of 50,000 and greater",1,136,229.93714438,365.93714438
66615,"Metropolitan area core: primary flow within an urbanized area of 50,000 and greater",2,35,25.767885338,30.383942669
66739,"Metropolitan area high commuting: primary flow 30% or more to a urbanized area of 50,000 and greater",3,335,116.05336684071429,150.3511222802381
66762,"Micropolitan area core: primary flow within an urban cluster of 10,000 to 49,999",3,142,252.9819422108,131.6606474036
67114,"Micropolitan area core: primary flow within an urban cluster of 10,000 to 49,999",1,26,25.65,51.65
67206,"Metropolitan area core: primary flow within an urbanized area of 50,000 and greater",7,251,168.530752660875,59.932964665839286
67214,"Metropolitan area core: primary flow within an urbanized area of 50,000 and greater",5,100,188.3487599185,57.66975198370001
67218,"Metropolitan area core: primary flow within an urbanized area of 50,000 and greater",2,61,62.59642857133334,61.798214285666674
67220,"Metropolitan area core: primary flow within an urbanized area of 50,000 and greater",2,447,321.09311814654546,384.04655907327276
67226,"Metropolitan area core: primary flow within an urbanized area of 50,000 and greater",9,566,152.47597772775,79.83066419197222
67235,"Metropolitan area core: primary flow within an urbanized area of 50,000 and greater",1,18,20.678888889,38.678888889
67357,"Micropolitan area core: primary flow within an urban cluster of 10,000 to 49,999",1,26,25.34,51.34
67401,"Micropolitan area core: primary flow within an urban cluster of 10,000 to 49,999",3,433,289.8617012701429,240.953900423381
67502,"Micropolitan area core: primary flow within an urban cluster of 10,000 to 49,999",5,284,68.03815537919999,70.40763107584
67530,"Micropolitan area core: primary flow within an urban cluster of 10,000 to 49,999",2,200,309.2437223838333,254.62186119191665
67601,"Micropolitan area core: primary flow within an urban cluster of 10,000 to 49,999",4,148,110.76865856483333,64.69216464120834
68022,"Metropolitan area core: primary flow within an urbanized area of 50,000 and greater",4,58,99.0618541675,39.265463541875
68025,"Micropolitan area core: primary flow within an urban cluster of 10,000 to 49,999",2,57,25.092279671,41.0461398355
68046,"Metropolitan area core: primary flow within an urbanized area of 50,000 and greater",2,53,58.045235849,55.5226179245
68105,"Metropolitan area core: primary flow within an urbanized area of 50,000 and greater",1,28,67.205815603,95.205815603
68114,"Metropolitan area core: primary flow within an urbanized area of 50,000 and greater",6,431,252.7528958244,113.95881597073333
68118,"Metropolitan area core: primary flow within an urbanized area of 50,000 and greater",1,245,145.62804783480001,390.6280478348
68122,"Metropolitan area core: primary flow within an urbanized area of 50,000 and greater",2,45,65.29358333500001,55.146791667500004
68124,"Metropolitan area core: primary flow within an urbanized area of 50,000 and greater",3,62,201.628068181,87.876022727
68130,"Metropolitan area core: primary flow within an urbanized area of 50,000 and greater",1,12,25.06,37.06
68131,"Metropolitan area core: primary flow within an urbanized area of 50,000 and greater",4,176,175.36793304683331,87.84198326170832
68144,"Metropolitan area core: primary flow within an urbanized area of 50,000 and greater",5,545,89.40796070988888,126.88159214197779
68154,"Metropolitan area core: primary flow within an urbanized area of 50,000 and greater",6,345,263.4673216770909,101.41122027951515
68164,"Metropolitan area core: primary flow within an urbanized area of 50,000 and greater",1,75,90.992758621,165.992758621
68198,"Metropolitan area core: primary flow within an urbanized area of 50,000 and greater",10,376,110.17123837444444,48.617123837444446
68502,"Metropolitan area core: primary flow within an urbanized area of 50,000 and greater",2,99,349.3903988971667,224.19519944858334
68506,"Metropolitan area core: primary flow within an urbanized area of 50,000 and greater",11,684,151.92334993536,75.99303181230545
68510,"Metropolitan area core: primary flow within an urbanized area of 50,000 and greater",3,79,89.14307692333334,56.04769230777779
68516,"Metropolitan area core: primary flow within an urbanized area of 50,000 and greater",4,679,403.56668052941177,270.64167013235294
68526,"Metropolitan area core: primary flow within an urbanized area of 50,000 and greater",1,554,206.91269236910003,760.9126923691
68601,"Micropolitan area core: primary flow within an urban cluster of 10,000 to 49,999",1,19,25.101,44.101
68701,"Micropolitan area core: primary flow within an urban cluster of 10,000 to 49,999",6,385,212.6676991502,99.6112831917
68803,"Metropolitan area core: primary flow within an urbanized area of 50,000 and greater",9,520,236.0703698510909,84.00781887234342
68845,"Micropolitan area core: primary flow within an urban cluster of 10,000 to 49,999",1,62,25.093188406,87.093188406
68847,"Micropolitan area core: primary flow within an urban cluster of 10,000 to 49,999",3,131,242.305738499,124.43524616633333
68901,"Micropolitan area core: primary flow within an urban cluster of 10,000 to 49,999",2,36,25.0786363635,30.539318181749998
69101,"Micropolitan area core: primary flow within an urban cluster of 10,000 to 49,999",4,221,79.823714825375,75.20592870634376
69361,"Micropolitan area core: primary flow within an urban cluster of 10,000 to 49,999",2,25,25.313636363500002,25.15681818175
70001,"Metropolitan area core: primary flow within an urbanized area of 50,000 and greater",3,101,170.14032344,90.38010781333332
70002,"Metropolitan area core: primary flow within an urbanized area of 50,000 and greater",4,251,300.2173470294,137.80433675735
70005,"Metropolitan area core: primary flow within an urbanized area of 50,000 and greater",2,31,304.25578125,167.627890625
70006,"Metropolitan area core: primary flow within an urbanized area of 50,000 and greater",9,389,266.15418276366665,72.79490919596296
70056,"Metropolitan area core: primary flow within an urbanized area of 50,000 and greater",1,32,124.942931033,156.94293103299998
70058,"Metropolitan area core: primary flow within an urbanized area of 50,000 and greater",1,44,605.2804004449999,649.2804004449999
70065,"Metropolitan area core: primary flow within an urbanized area of 50,000 and greater",1,22,79.380449438,101.380449438
70068,"Metropolitan area core: primary flow within an urbanized area of 50,000 and greater",1,67,116.33839506033333,183.3383950603333
70072,"Metropolitan area core: primary flow within an urbanized area of 50,000 and greater",5,231,246.80061250514285,95.56012250102857
70112,"Metropolitan area core: primary flow within an urbanized area of 50,000 and greater",5,241,114.10052514728571,71.02010502945714
70115,"Metropolitan area core: primary flow within an urbanized area of 50,000 and greater",6,329,141.45861896694117,78.40976982782352
70121,"Metropolitan area core: primary flow within an urbanized area of 50,000 and greater",2,70,106.28811305066667,88.14405652533333
70301,"Metropolitan area core: primary flow within an urbanized area of 50,000 and greater",3,202,119.3410493231,107.1136831077
70359,"Metropolitan area core: primary flow within an urbanized area of 50,000 and greater",5,842,316.6627048869375,231.7325409773875
70360,"Metropolitan area core: primary flow within an urbanized area of 50,000 and greater",6,286,188.440377494625,79.07339624910416
70403,"Micropolitan area core: primary flow within an urban cluster of 10,000 to 49,999",6,375,178.79906533869232,92.29984422311539
70433,"Secondary flow 30% to <50% to a larger urbanized area of 50,000 and greater",12,767,237.40732048603573,83.70061004050298
70445,"Metropolitan area core: primary flow within an urbanized area of 50,000 and greater",2,72,154.612221815,113.3061109075
70448,"Metropolitan area core: primary flow within an urbanized area of 50,000 and greater",1,12,163.593,175.593
70458,"Metropolitan area core: primary flow within an urbanized area of 50,000 and greater",1,51,199.316251487,250.316251487
70461,"Metropolitan area core: primary flow within an urbanized area of 50,000 and greater",3,234,217.96527718966666,150.65509239655555
70471,"Metropolitan area core: primary flow within an urbanized area of 50,000 and greater",1,40,168.65949999999998,208.65949999999998
70503,"Metropolitan area core: primary flow within an urbanized area of 50,000 and greater",1,22,615.03823529,637.03823529
70506,"Metropolitan area core: primary flow within an urbanized area of 50,000 and greater",3,138,153.60662021157142,97.20220673719048
70508,"Metropolitan area core: primary flow within an urbanized area of 50,000 and greater",7,243,128.55387104475,53.079124434964285
70560,"Micropolitan high commuting: primary flow 30% or more to a urban cluster of 10,000 to 49,999",1,115,645.22154701,760.22154701
70563,"Metropolitan area core: primary flow within an urbanized area of 50,000 and greater",1,18,25.96,43.96
70570,"Metropolitan area high commuting: primary flow 30% or more to a urbanized area of 50,000 and greater",1,86,285.0320153025,371.0320153025
70601,"Metropolitan area core: primary flow within an urbanized area of 50,000 and greater",5,227,86.93015581085714,62.78603116217143
70605,"Metropolitan area core: primary flow within an urbanized area of 50,000 and greater",4,1123,247.63655485992857,342.65913871498213
70808,"Metropolitan area core: primary flow within an urbanized area of 50,000 and greater",9,334,209.24892389217646,60.36099154357516
70809,"Metropolitan area core: primary flow within an urbanized area of 50,000 and greater",8,448,187.04162326078946,79.38020290759869
70810,"Metropolitan area core: primary flow within an urbanized area of 50,000 and greater",8,848,167.29212863286364,126.91151607910795
70816,"Metropolitan area core: primary flow within an urbanized area of 50,000 and greater",2,83,86.81013071899999,84.90506535949999
70817,"Metropolitan area core: primary flow within an urbanized area of 50,000 and greater",1,118,241.21368343333333,359.21368343333336
70836,"Metropolitan area core: primary flow within an urbanized area of 50,000 and greater",1,16,67.557521368,83.557521368
70898,"Metropolitan area core: primary flow within an urbanized area of 50,000 and greater",1,67,630.805914765,697.805914765
71101,"Metropolitan area core: primary flow within an urbanized area of 50,000 and greater",4,571,116.822603988,171.955650997
71103,"Metropolitan area core: primary flow within an urbanized area of 50,000 and greater",4,109,203.241625916375,78.06040647909376
71105,"Metropolitan area core: primary flow within an urbanized area of 50,000 and greater",8,709,202.78810738647368,113.97351342330921
71106,"Metropolitan area core: primary flow within an urbanized area of 50,000 and greater",2,47,274.41050356666665,160.70525178333332
71111,"Metropolitan area core: primary flow within an urbanized area of 50,000 and greater",5,1596,294.6226843435333,378.1245368687067
71201,"Metropolitan area core: primary flow within an urbanized area of 50,000 and greater",7,1397,234.7698278174348,233.10997540249068
71270,"Micropolitan area core: primary flow within an urban cluster of 10,000 to 49,999",1,153,289.26182922000004,442.26182922000004
71301,"Metropolitan area core: primary flow within an urbanized area of 50,000 and greater",10,1339,199.73892036522727,153.87389203652273
71303,"Metropolitan area core: primary flow within an urbanized area of 50,000 and greater",3,217,165.8457113435,127.6152371145
71602,"Metropolitan area core: primary flow within an urbanized area of 50,000 and greater",1,73,557.6812841866666,630.6812841866666
71635,"Small town core: primary flow within an urban cluster of 2,500 to 9,999",1,28,73.471978022,101.471978022
71655,"Small town core: primary flow within an urban cluster of 2,500 to 9,999",1,40,299.65408654,339.65408654
71753,"Micropolitan area core: primary flow within an urban cluster of 10,000 to 49,999",1,11,25.15,36.15
71854,"Metropolitan area core: primary flow within an urbanized area of 50,000 and greater",1,43,795.22576389,838.22576389
71901,"Metropolitan area core: primary flow within an urbanized area of 50,000 and greater",5,596,317.2127863805454,182.64255727610907
71913,"Metropolitan area core: primary flow within an urbanized area of 50,000 and greater",5,1164,377.6514594315,308.33029188629996
72032,"Metropolitan area core: primary flow within an urbanized area of 50,000 and greater",3,645,291.4650846835263,312.15502822784214
72034,"Metropolitan area core: primary flow within an urbanized area of 50,000 and greater",3,92,371.56633958475,154.52211319491667
72117,"Metropolitan area core: primary flow within an urbanized area of 50,000 and greater",4,197,301.85625174542855,124.71406293635714
72143,"Micropolitan area core: primary flow within an urban cluster of 10,000 to 49,999",1,99,464.888189125,563.888189125
72202,"Metropolitan area core: primary flow within an urbanized area of 50,000 and greater",1,57,165.41961255549998,222.41961255549998
72204,"Metropolitan area core: primary flow within an urbanized area of 50,000 and greater",8,1342,298.79922984888464,205.09990373111057
72205,"Metropolitan area core: primary flow within an urbanized area of 50,000 and greater",39,2702,183.8901976954111,73.9971845562926
72210,"Metropolitan area core: primary flow within an urbanized area of 50,000 and greater",1,15,26.3,41.3
72211,"Metropolitan area core: primary flow within an urbanized area of 50,000 and greater",11,1411,164.79727640928573,143.2542978553896
72212,"Metropolitan area core: primary flow within an urbanized area of 50,000 and greater",1,25,116.1164166665,141.11641666650002
72401,"Metropolitan area core: primary flow within an urbanized area of 50,000 and greater",11,1532,256.5427108507576,162.59479189552343
72501,"Micropolitan area core: primary flow within an urban cluster of 10,000 to 49,999",7,200,80.69271110809092,40.09895872972727
72543,"Small town core: primary flow within an urban cluster of 2,500 to 9,999",1,18,101.666,119.666
72560,"Rural areas: primary flow to a tract outside a urbanized area of 50,000 and greater or UC",1,88,126.403609831,214.40360983099998
72653,"Micropolitan area core: primary flow within an urban cluster of 10,000 to 49,999",6,443,92.69441385930769,89.28240230988462
72703,"Metropolitan area core: primary flow within an urbanized area of 50,000 and greater",9,961,303.265532481,140.47394805344445
72712,"Metropolitan area core: primary flow within an urbanized area of 50,000 and greater",5,742,225.6914981858421,193.53829963716842
72758,"Metropolitan area core: primary flow within an urbanized area of 50,000 and greater",1,37,680.69672414,717.69672414
72762,"Metropolitan area high commuting: primary flow 30% or more to a urbanized area of 50,000 and greater",1,78,124.184858975,202.184858975
72764,"Metropolitan area core: primary flow within an urbanized area of 50,000 and greater",1,14,109.65,123.65
72801,"Micropolitan area core: primary flow within an urban cluster of 10,000 to 49,999",1,244,410.4467134415,654.4467134414999
72802,"Micropolitan high commuting: primary flow 30% or more to a urban cluster of 10,000 to 49,999",1,68,584.879982455,652.879982455
72903,"Metropolitan area core: primary flow within an urbanized area of 50,000 and greater",2,273,156.857813518125,214.9289067590625
72908,"Metropolitan area core: primary flow within an urbanized area of 50,000 and greater",5,327,267.28524584458336,118.85704916891669
73012,"Metropolitan area core: primary flow within an urbanized area of 50,000 and greater",1,11,111.7675,122.7675
73013,"Metropolitan area core: primary flow within an urbanized area of 50,000 and greater",11,1042,267.26807970345453,119.02437088213223
73034,"Metropolitan area core: primary flow within an urbanized area of 50,000 and greater",3,144,208.83083374122222,117.61027791374075
73069,"Secondary flow 30% to <50% to a larger urbanized area of 50,000 and greater",2,36,65.235,50.6175
73072,"Secondary flow 30% to <50% to a larger urbanized area of 50,000 and greater",7,446,336.155009145625,111.73642987794642
73102,"Metropolitan area core: primary flow within an urbanized area of 50,000 and greater",3,99,97.02475000000001,65.34158333333333
73103,"Metropolitan area core: primary flow within an urbanized area of 50,000 and greater",1,33,301.733939975,334.733939975
73104,"Metropolitan area core: primary flow within an urbanized area of 50,000 and greater",7,238,50.640698744333335,41.23438553490477
73106,"Metropolitan area core: primary flow within an urbanized area of 50,000 and greater",3,444,129.9583392357857,191.31944641192857
73109,"Metropolitan area core: primary flow within an urbanized area of 50,000 and greater",2,218,293.8512625105714,255.9256312552857
73110,"Metropolitan area core: primary flow within an urbanized area of 50,000 and greater",2,107,251.846880952,179.423440476
73112,"Metropolitan area core: primary flow within an urbanized area of 50,000 and greater",5,329,296.003663784,125.00073275680002
73114,"Metropolitan area core: primary flow within an urbanized area of 50,000 and greater",3,539,108.3458667775,215.7819555925
73115,"Metropolitan area core: primary flow within an urbanized area of 50,000 and greater",1,151,323.77988827666667,474.77988827666667
73118,"Metropolitan area core: primary flow within an urbanized area of 50,000 and greater",2,68,25.57,46.785
73120,"Metropolitan area core: primary flow within an urbanized area of 50,000 and greater",5,428,230.1573456559,131.63146913118
73122,"Metropolitan area core: primary flow within an urbanized area of 50,000 and greater",1,78,26.047831325,104.047831325
73130,"Metropolitan area core: primary flow within an urbanized area of 50,000 and greater",1,62,111.64534670166665,173.64534670166665
73134,"Metropolitan area core: primary flow within an urbanized area of 50,000 and greater",9,1884,280.38780789991426,240.48753421110158
73135,"Metropolitan area core: primary flow within an urbanized area of 50,000 and greater",1,131,78.8693359375,209.8693359375
73139,"Metropolitan area core: primary flow within an urbanized area of 50,000 and greater",3,96,243.0958058605714,113.03193528685715
73159,"Metropolitan area core: primary flow within an urbanized area of 50,000 and greater",2,146,238.080235152,192.040117576
73160,"Metropolitan area core: primary flow within an urbanized area of 50,000 and greater",2,126,334.2562772833333,230.12813864166665
73170,"Metropolitan area core: primary flow within an urbanized area of 50,000 and greater",1,30,267.638238865,297.638238865
73401,"Micropolitan area core: primary flow within an urban cluster of 10,000 to 49,999",2,324,388.47327328333336,356.2366366416667
73501,"Metropolitan area core: primary flow within an urbanized area of 50,000 and greater",1,15,89.843333333,104.843333333
73505,"Metropolitan area core: primary flow within an urbanized area of 50,000 and greater",4,280,195.7513653671,118.937841341775
73521,"Micropolitan area core: primary flow within an urban cluster of 10,000 to 49,999",3,42,25.884148606666667,22.628049535555558
73644,"Micropolitan area core: primary flow within an urban cluster of 10,000 to 49,999",2,134,292.36649093125,213.183245465625
73701,"Micropolitan area core: primary flow within an urban cluster of 10,000 to 49,999",2,301,246.57022812263634,273.78511406131815
73703,"Micropolitan area core: primary flow within an urban cluster of 10,000 to 49,999",1,39,611.90655874,650.90655874
74006,"Micropolitan area core: primary flow within an urban cluster of 10,000 to 49,999",1,49,87.93872222099999,136.93872222099998
74012,"Metropolitan area core: primary flow within an urbanized area of 50,000 and greater",1,279,406.16967728857145,685.1696772885714
74017,"Secondary flow 30% to <50% to a urbanized area of 50,000 and greater",1,35,25.611538462,60.611538462
74037,"Metropolitan area core: primary flow within an urbanized area of 50,000 and greater",1,33,80.886338028,113.886338028
74074,"Micropolitan area core: primary flow within an urban cluster of 10,000 to 49,999",1,16,25.745294118,41.745294118000004
74104,"Metropolitan area core: primary flow within an urbanized area of 50,000 and greater",5,303,229.4954838128889,106.49909676257778
74127,"Metropolitan area core: primary flow within an urbanized area of 50,000 and greater",1,24,178.6783333335,202.6783333335
74132,"Metropolitan area core: primary flow within an urbanized area of 50,000 and greater",2,242,113.41991557825,177.70995778912499
74133,"Metropolitan area core: primary flow within an urbanized area of 50,000 and greater",16,1437,300.8776245473415,108.61735153420884
74135,"Metropolitan area core: primary flow within an urbanized area of 50,000 and greater",6,421,31.195706102166668,75.36595101702778
74136,"Metropolitan area core: primary flow within an urbanized area of 50,000 and greater",5,399,172.17705048099998,114.23541009619998
74137,"Metropolitan area core: primary flow within an urbanized area of 50,000 and greater",7,865,154.57177795086668,145.6531111358381
74146,"Metropolitan area core: primary flow within an urbanized area of 50,000 and greater",10,2266,292.8285696363,255.88285696363
74344,"Small town core: primary flow within an urban cluster of 2,500 to 9,999",1,12,25.57,37.57
74401,"Micropolitan area core: primary flow within an urban cluster of 10,000 to 49,999",1,72,137.30100233066668,209.30100233066668
74501,"Micropolitan area core: primary flow within an urban cluster of 10,000 to 49,999",1,13,183.75,196.75
74601,"Micropolitan area core: primary flow within an urban cluster of 10,000 to 49,999",1,49,164.610457143,213.610457143
75001,"Metropolitan area core: primary flow within an urbanized area of 50,000 and greater",8,395,198.4629226492,74.18286533115
75010,"Metropolitan area core: primary flow within an urbanized area of 50,000 and greater",4,290,208.74713890883334,124.68678472720833
75013,"Metropolitan area core: primary flow within an urbanized area of 50,000 and greater",8,332,326.59461525115387,82.32432690639423
75020,"Metropolitan area core: primary flow within an urbanized area of 50,000 and greater",2,76,73.5945760304,74.7972880152
75022,"Metropolitan area high commuting: primary flow 30% or more to a urbanized area of 50,000 and greater",2,116,345.42968853499997,230.71484426749998
75024,"Metropolitan area core: primary flow within an urbanized area of 50,000 and greater",1,137,149.012136508,286.012136508
75025,"Metropolitan area core: primary flow within an urbanized area of 50,000 and greater",1,30,360.815,390.815
75028,"Secondary flow 30% to <50% to a larger urbanized area of 50,000 and greater",3,243,278.1695356525,173.7231785508333
75032,"Metropolitan area core: primary flow within an urbanized area of 50,000 and greater",7,673,287.7940069412,137.2562867058857
75034,"Metropolitan area core: primary flow within an urbanized area of 50,000 and greater",9,442,273.9924366450952,79.55471518278836
75035,"Metropolitan area core: primary flow within an urbanized area of 50,000 and greater",3,90,309.5529010982,133.18430036606665
75038,"Metropolitan area core: primary flow within an urbanized area of 50,000 and greater",1,32,312.101166665,344.101166665
75039,"Metropolitan area core: primary flow within an urbanized area of 50,000 and greater",1,68,287.168722855,355.168722855
75057,"Secondary flow 30% to <50% to a larger urbanized area of 50,000 and greater",3,170,301.8965626425,157.29885421416665
75061,"Metropolitan area core: primary flow within an urbanized area of 50,000 and greater",9,371,114.0321489772,53.892460997466664
75062,"Metropolitan area core: primary flow within an urbanized area of 50,000 and greater",2,54,62.7996471845,58.39982359225
75063,"Secondary flow 30% to <50% to a larger urbanized area of 50,000 and greater",6,314,121.09014474428571,72.51502412404761
75069,"Metropolitan area high commuting: primary flow 30% or more to a urbanized area of 50,000 and greater",3,92,178.863223659,90.28774121966667
75070,"Metropolitan area high commuting: primary flow 30% or more to a urbanized area of 50,000 and greater",4,155,342.02666503319995,124.25666625829999
75071,"Metropolitan area high commuting: primary flow 30% or more to a urbanized area of 50,000 and greater",1,15,23.55125,38.551249999999996
75074,"Metropolitan area core: primary flow within an urbanized area of 50,000 and greater",1,64,362.27785226,426.27785226
75075,"Metropolitan area core: primary flow within an urbanized area of 50,000 and greater",7,237,165.247740284,57.46396289771428
75080,"Metropolitan area core: primary flow within an urbanized area of 50,000 and greater",2,127,270.22150816,198.61075408
75082,"Metropolitan area core: primary flow within an urbanized area of 50,000 and greater",4,268,229.9391469615,124.484786740375
75087,"Metropolitan area core: primary flow within an urbanized area of 50,000 and greater",1,16,744.444,760.444
75090,"Metropolitan area core: primary flow within an urbanized area of 50,000 and greater",5,326,257.2160555241818,116.64321110483635
75092,"Metropolitan area core: primary flow within an urbanized area of 50,000 and greater",2,306,284.94810875,295.47405437500004
75093,"Metropolitan area core: primary flow within an urbanized area of 50,000 and greater",16,691,282.59048508746156,60.849405317966344
75104,"Metropolitan area core: primary flow within an urbanized area of 50,000 and greater",1,16,109.86631579,125.86631579
75110,"Micropolitan area core: primary flow within an urban cluster of 10,000 to 49,999",1,11,26.291818182,37.291818182
75115,"Metropolitan area core: primary flow within an urbanized area of 50,000 and greater",2,135,103.314259125,119.1571295625
75119,"Secondary flow 30% to <50% to a urbanized area of 50,000 and greater",1,18,794.1504,812.1504
75142,"Metropolitan area high commuting: primary flow 30% or more to a urbanized area of 50,000 and greater",1,83,148.43541258233333,231.43541258233333
75149,"Metropolitan area core: primary flow within an urbanized area of 50,000 and greater",2,109,393.105804475,251.0529022375
75150,"Metropolitan area core: primary flow within an urbanized area of 50,000 and greater",2,87,402.65366666660003,244.82683333330002
75156,"Metropolitan area high commuting: primary flow 30% or more to a urbanized area of 50,000 and greater",1,45,94.790103806,139.790103806
75165,"Metropolitan area core: primary flow within an urbanized area of 50,000 and greater",1,14,827.38478261,841.38478261
75182,"Metropolitan area core: primary flow within an urbanized area of 50,000 and greater",1,57,117.65778894,174.65778894
75203,"Metropolitan area core: primary flow within an urbanized area of 50,000 and greater",2,46,159.81804977533332,102.90902488766666
75206,"Metropolitan area core: primary flow within an urbanized area of 50,000 and greater",2,188,368.920202234,278.460101117
75208,"Metropolitan area core: primary flow within an urbanized area of 50,000 and greater",1,28,494.843214285,522.8432142849999
75225,"Metropolitan area core: primary flow within an urbanized area of 50,000 and greater",2,62,119.20581547666666,90.60290773833333
75228,"Metropolitan area core: primary flow within an urbanized area of 50,000 and greater",3,188,362.24188141966664,183.41396047322223
75230,"Metropolitan area core: primary flow within an urbanized area of 50,000 and greater",1,12,26.559230769,38.559230768999996
75231,"Metropolitan area core: primary flow within an urbanized area of 50,000 and greater",8,251,144.80961403378572,49.47620175422321
75237,"Metropolitan area core: primary flow within an urbanized area of 50,000 and greater",2,169,279.9480799314286,224.4740399657143
75240,"Metropolitan area core: primary flow within an urbanized area of 50,000 and greater",4,739,140.39356614783333,219.84839153695833
75243,"Metropolitan area core: primary flow within an urbanized area of 50,000 and greater",3,106,336.53915895157144,147.51305298385714
75246,"Metropolitan area core: primary flow within an urbanized area of 50,000 and greater",10,844,138.67522617076472,98.26752261707648
75247,"Metropolitan area core: primary flow within an urbanized area of 50,000 and greater",1,23,375.32333333500003,398.32333333500003
75251,"Metropolitan area core: primary flow within an urbanized area of 50,000 and greater",7,386,229.70807629766665,87.95829661395237
75252,"Metropolitan area core: primary flow within an urbanized area of 50,000 and greater",1,62,269.0736052633333,331.0736052633333
75287,"Metropolitan area core: primary flow within an urbanized area of 50,000 and greater",1,66,697.855355965,763.855355965
75390,"Metropolitan area core: primary flow within an urbanized area of 50,000 and greater",14,454,86.63894240385714,38.617067314561226
75455,"Micropolitan area core: primary flow within an urban cluster of 10,000 to 49,999",1,69,89.64789756033333,158.64789756033332
75460,"Micropolitan area core: primary flow within an urban cluster of 10,000 to 49,999",4,60,254.28802272800004,78.57200568200001
75482,"Micropolitan area core: primary flow within an urban cluster of 10,000 to 49,999",1,179,141.4956071428,320.4956071428
75503,"Metropolitan area core: primary flow within an urbanized area of 50,000 and greater",4,668,273.7209193107059,235.43022982767647
75601,"Metropolitan area core: primary flow within an urbanized area of 50,000 and greater",3,206,146.834959319,117.61165310633334
75604,"Metropolitan area core: primary flow within an urbanized area of 50,000 and greater",2,241,133.9531149108182,187.47655745540908
75605,"Metropolitan area core: primary flow within an urbanized area of 50,000 and greater",3,176,197.697629043,124.56587634766667
75701,"Metropolitan area core: primary flow within an urbanized area of 50,000 and greater",15,934,134.833980328975,71.25559868859834
75702,"Metropolitan area core: primary flow within an urbanized area of 50,000 and greater",3,438,132.08114168663636,190.02704722887879
75703,"Metropolitan area core: primary flow within an urbanized area of 50,000 and greater",2,47,47.3773267325,47.18866336625
75766,"Micropolitan area core: primary flow within an urban cluster of 10,000 to 49,999",2,632,132.36448865073334,382.1822443253667
75951,"Small town high commuting: primary flow 30% or more to a urban cluster of 2,500 to 9,999",1,12,111.46,123.46
75965,"Micropolitan area core: primary flow within an urban cluster of 10,000 to 49,999",4,133,239.58796740050002,93.146991850125
76011,"Metropolitan area core: primary flow within an urbanized area of 50,000 and greater",1,127,342.4308041675,469.4308041675
76012,"Metropolitan area core: primary flow within an urbanized area of 50,000 and greater",1,45,116.13317073,161.13317073000002
76014,"Metropolitan area core: primary flow within an urbanized area of 50,000 and greater",1,14,116.09,130.09
76015,"Metropolitan area core: primary flow within an urbanized area of 50,000 and greater",4,156,142.233565614375,74.55839140359376
76021,"Metropolitan area core: primary flow within an urbanized area of 50,000 and greater",4,567,115.8407929675,170.710198241875
76022,"Metropolitan area core: primary flow within an urbanized area of 50,000 and greater",1,54,179.49032258,233.49032258
76028,"Metropolitan area core: primary flow within an urbanized area of 50,000 and greater",2,76,340.3786904766667,208.18934523833335
76031,"Secondary flow 30% to <50% to a urbanized area of 50,000 and greater",1,37,636.930651785,673.930651785
76033,"Secondary flow 30% to <50% to a urbanized area of 50,000 and greater",2,148,172.214545853375,160.1072729266875
76034,"Metropolitan area core: primary flow within an urbanized area of 50,000 and greater",2,295,339.5362897522727,317.2681448761364
76040,"Metropolitan area core: primary flow within an urbanized area of 50,000 and greater",1,56,617.7145096500001,673.7145096500001
76048,"Micropolitan area core: primary flow within an urban cluster of 10,000 to 49,999",4,416,283.84225170375,174.9605629259375
76051,"Secondary flow 30% to <50% to a larger urbanized area of 50,000 and greater",5,705,198.91567261428,180.783134522856
76054,"Metropolitan area core: primary flow within an urbanized area of 50,000 and greater",1,68,810.852102275,878.852102275
76063,"Metropolitan area core: primary flow within an urbanized area of 50,000 and greater",8,215,337.1359388001818,69.01699235002272
76067,"Micropolitan area core: primary flow within an urban cluster of 10,000 to 49,999",2,315,171.1039689601,243.05198448005
76086,"Secondary flow 30% to <50% to a urbanized area of 50,000 and greater",7,440,272.88309460682353,101.84044208668908
76092,"Metropolitan area core: primary flow within an urbanized area of 50,000 and greater",11,582,307.043041302,80.82209466381818
76104,"Metropolitan area core: primary flow within an urbanized area of 50,000 and greater",34,1241,173.27312071172548,41.59626825622722
76107,"Metropolitan area core: primary flow within an urbanized area of 50,000 and greater",1,24,138.4364743565,162.4364743565
76123,"Metropolitan area core: primary flow within an urbanized area of 50,000 and greater",1,46,169.19307407333335,215.19307407333335
76132,"Metropolitan area core: primary flow within an urbanized area of 50,000 and greater",6,206,402.58980322755554,101.43163387125925
76177,"Metropolitan area core: primary flow within an urbanized area of 50,000 and greater",1,15,109.74375,124.74375
76179,"Metropolitan area core: primary flow within an urbanized area of 50,000 and greater",1,11,453.94285714,464.94285714
76180,"Metropolitan area core: primary flow within an urbanized area of 50,000 and greater",2,72,369.35323963,220.676619815
76182,"Metropolitan area core: primary flow within an urbanized area of 50,000 and greater",2,103,286.0581726674,194.5290863337
76201,"Secondary flow 30% to <50% to a larger urbanized area of 50,000 and greater",2,162,337.7532135486,249.8766067743
76210,"Metropolitan area high commuting: primary flow 30% or more to a urbanized area of 50,000 and greater",2,76,347.4039538175,211.70197690875
76234,"Small town core: primary flow within an urban cluster of 2,500 to 9,999",1,161,281.023125842,442.023125842
76244,"Metropolitan area core: primary flow within an urbanized area of 50,000 and greater",5,282,354.2788105428182,127.25576210856363
76248,"Metropolitan area core: primary flow within an urbanized area of 50,000 and greater",1,121,152.8278730348,273.8278730348
76301,"Metropolitan area core: primary flow within an urbanized area of 50,000 and greater",2,852,284.1266610155,568.06333050775
76308,"Metropolitan area core: primary flow within an urbanized area of 50,000 and greater",3,502,309.7305916917857,270.57686389726194
76309,"Metropolitan area core: primary flow within an urbanized area of 50,000 and greater",1,28,26.01625,54.01625
76310,"Metropolitan area core: primary flow within an urbanized area of 50,000 and greater",1,11,25.99,36.989999999999995
76401,"Micropolitan area core: primary flow within an urban cluster of 10,000 to 49,999",1,21,111.62416667,132.62416667
76502,"Metropolitan area core: primary flow within an urbanized area of 50,000 and greater",2,226,127.82953382677778,176.9147669133889
76504,"Metropolitan area core: primary flow within an urbanized area of 50,000 and greater",1,168,119.73664440466666,287.73664440466666
76508,"Metropolitan area core: primary flow within an urbanized area of 50,000 and greater",15,716,134.79813176495833,56.719875450997215
76542,"Metropolitan area core: primary flow within an urbanized area of 50,000 and greater",6,950,296.9863083275,207.83105138791666
76543,"Metropolitan area core: primary flow within an urbanized area of 50,000 and greater",5,536,219.5184607183846,151.10369214367694
76548,"Metropolitan area core: primary flow within an urbanized area of 50,000 and greater",1,44,326.75361111,370.75361111
76549,"Metropolitan area core: primary flow within an urbanized area of 50,000 and greater",3,430,111.59549312266667,180.53183104088887
76574,"Metropolitan area high commuting: primary flow 30% or more to a urbanized area of 50,000 and greater",1,227,121.64510662716667,348.6451066271667
76708,"Metropolitan area core: primary flow within an urbanized area of 50,000 and greater",2,104,306.186201465,205.0931007325
76712,"Metropolitan area core: primary flow within an urbanized area of 50,000 and greater",9,701,147.8467551216875,94.31630612463194
76801,"Micropolitan area core: primary flow within an urban cluster of 10,000 to 49,999",1,12,26.47,38.47
76903,"Metropolitan area core: primary flow within an urbanized area of 50,000 and greater",6,248,145.51002067063635,65.58500344510605
76904,"Metropolitan area core: primary flow within an urbanized area of 50,000 and greater",1,174,161.594936877,335.594936877
77004,"Metropolitan area core: primary flow within an urbanized area of 50,000 and greater",1,36,120.4627451,156.4627451
77005,"Metropolitan area core: primary flow within an urbanized area of 50,000 and greater",1,15,121.4,136.4
77007,"Metropolitan area core: primary flow within an urbanized area of 50,000 and greater",1,278,118.22011925,396.22011925
77008,"Metropolitan area core: primary flow within an urbanized area of 50,000 and greater",1,17,118.93,135.93
77018,"Metropolitan area core: primary flow within an urbanized area of 50,000 and greater",1,70,260.79907173,330.79907173
77024,"Metropolitan area core: primary flow within an urbanized area of 50,000 and greater",7,276,169.53353527616665,63.64764789659523
77027,"Metropolitan area core: primary flow within an urbanized area of 50,000 and greater",1,50,361.0520917666667,411.0520917666667
77030,"Metropolitan area core: primary flow within an urbanized area of 50,000 and greater",37,2589,153.079089417127,74.11024565992234
77032,"Metropolitan area core: primary flow within an urbanized area of 50,000 and greater",1,12,79.545384615,91.545384615
77034,"Metropolitan area core: primary flow within an urbanized area of 50,000 and greater",3,239,403.6972039129,214.2324013043
77040,"Metropolitan area core: primary flow within an urbanized area of 50,000 and greater",3,236,56.075888324333334,97.35862944144445
77042,"Metropolitan area core: primary flow within an urbanized area of 50,000 and greater",1,19,88.413333333,107.413333333
77043,"Metropolitan area core: primary flow within an urbanized area of 50,000 and greater",3,69,351.00524487,140.00174829
77047,"Metropolitan area core: primary flow within an urbanized area of 50,000 and greater",6,108,27.299726295166664,22.549954382527776
77054,"Metropolitan area core: primary flow within an urbanized area of 50,000 and greater",1,20,24.447619048,44.447619048
77055,"Metropolitan area core: primary flow within an urbanized area of 50,000 and greater",2,73,365.779302832,219.389651416
77058,"Metropolitan area core: primary flow within an urbanized area of 50,000 and greater",1,34,119.21983607,153.21983606999999
77064,"Metropolitan area core: primary flow within an urbanized area of 50,000 and greater",1,153,276.80405254333334,429.80405254333334
77065,"Metropolitan area core: primary flow within an urbanized area of 50,000 and greater",6,227,181.7238138196,68.1206356366
77066,"Metropolitan area core: primary flow within an urbanized area of 50,000 and greater",1,29,116.265,145.265
77070,"Metropolitan area core: primary flow within an urbanized area of 50,000 and greater",2,110,162.30531991833334,136.15265995916667
77074,"Metropolitan area core: primary flow within an urbanized area of 50,000 and greater",3,125,393.276196614,172.75873220466667
77079,"Metropolitan area core: primary flow within an urbanized area of 50,000 and greater",1,54,354.11825,408.11825
77084,"Metropolitan area core: primary flow within an urbanized area of 50,000 and greater",1,33,138.93875,171.93875
77089,"Metropolitan area core: primary flow within an urbanized area of 50,000 and greater",4,218,294.137708539,128.03442713475
77090,"Metropolitan area core: primary flow within an urbanized area of 50,000 and greater",4,149,147.5852523595,74.14631308987501
77094,"Metropolitan area core: primary flow within an urbanized area of 50,000 and greater",2,92,124.699615386,108.349807693
77095,"Metropolitan area core: primary flow within an urbanized area of 50,000 and greater",1,70,118.97802548,188.97802547999999
77098,"Metropolitan area core: primary flow within an urbanized area of 50,000 and greater",2,149,101.6543126665,125.32715633325
77304,"Secondary flow 30% to <50% to a larger urbanized area of 50,000 and greater",3,117,710.6872370750001,275.8957456916667
77318,"Metropolitan area high commuting: primary flow 30% or more to a urbanized area of 50,000 and greater",1,16,291.99666667,307.99666667
77338,"Metropolitan area core: primary flow within an urbanized area of 50,000 and greater",2,131,324.54087280749997,227.77043640374998
77339,"Metropolitan area core: primary flow within an urbanized area of 50,000 and greater",1,38,148.0312,186.0312
77340,"Micropolitan area core: primary flow within an urban cluster of 10,000 to 49,999",3,330,435.90633298384614,255.3021109946154
77375,"Metropolitan area core: primary flow within an urbanized area of 50,000 and greater",3,235,474.20678051375,236.40226017125
77380,"Secondary flow 30% to <50% to a larger urbanized area of 50,000 and greater",7,446,320.60733705575,109.51533386510714
77381,"Secondary flow 30% to <50% to a larger urbanized area of 50,000 and greater",2,141,249.32868498142855,195.16434249071426
77382,"Metropolitan area high commuting: primary flow 30% or more to a urbanized area of 50,000 and greater",1,88,114.66352434066665,202.66352434066664
77384,"Secondary flow 30% to <50% to a larger urbanized area of 50,000 and greater",6,355,237.23383734646666,98.70563955774445
77385,"Secondary flow 30% to <50% to a larger urbanized area of 50,000 and greater",2,265,147.6373600657,206.31868003285
77386,"Metropolitan area high commuting: primary flow 30% or more to a urbanized area of 50,000 and greater",2,316,112.96424993,214.482124965
77401,"Metropolitan area core: primary flow within an urbanized area of 50,000 and greater",4,686,330.37031509935713,254.0925787748393
77414,"Micropolitan area core: primary flow within an urban cluster of 10,000 to 49,999",2,40,117.36639094966667,78.68319547483333
77433,"Metropolitan area core: primary flow within an urbanized area of 50,000 and greater",1,56,166.78026339299998,222.78026339299998
77450,"Metropolitan area core: primary flow within an urbanized area of 50,000 and greater",3,155,348.39175749571433,167.79725249857145
77459,"Metropolitan area high commuting: primary flow 30% or more to a urbanized area of 50,000 and greater",1,14,22.72,36.72
77478,"Metropolitan area core: primary flow within an urbanized area of 50,000 and greater",6,367,337.1001868682667,117.35003114471112
77479,"Metropolitan area core: primary flow within an urbanized area of 50,000 and greater",10,368,228.50119627599997,59.6501196276
77494,"Metropolitan area core: primary flow within an urbanized area of 50,000 and greater",3,167,208.99244519200002,125.33081506399999
77505,"Metropolitan area core: primary flow within an urbanized area of 50,000 and greater",5,202,304.34847467972725,101.26969493594545
77521,"Metropolitan area core: primary flow within an urbanized area of 50,000 and greater",3,154,415.98822101400003,189.99607367133333
77539,"Metropolitan area high commuting: primary flow 30% or more to a urbanized area of 50,000 and greater",1,36,340.196666665,376.196666665
77555,"Micropolitan area core: primary flow within an urban cluster of 10,000 to 49,999",6,80,71.1324147287143,25.18873578811905
77573,"Metropolitan area core: primary flow within an urbanized area of 50,000 and greater",1,83,351.6006861,434.6006861
77584,"Metropolitan area core: primary flow within an urbanized area of 50,000 and greater",2,89,264.835389245,176.9176946225
77598,"Metropolitan area core: primary flow within an urbanized area of 50,000 and greater",7,458,259.7860846738,102.54086923911429
77651,"Metropolitan area core: primary flow within an urbanized area of 50,000 and greater",1,22,110.94738806,132.94738805999998
77701,"Metropolitan area core: primary flow within an urbanized area of 50,000 and greater",2,252,171.74024536699997,211.87012268349997
77702,"Metropolitan area core: primary flow within an urbanized area of 50,000 and greater",3,265,497.63052987624997,254.21017662541666
77706,"Metropolitan area core: primary flow within an urbanized area of 50,000 and greater",2,65,118.60467912179999,91.8023395609
77802,"Metropolitan area core: primary flow within an urbanized area of 50,000 and greater",4,483,166.8038474105,162.450961852625
77845,"Metropolitan area core: primary flow within an urbanized area of 50,000 and greater",3,289,178.7605408036667,155.9201802678889
77901,"Metropolitan area core: primary flow within an urbanized area of 50,000 and greater",3,106,54.496810796666665,53.49893693222222
77904,"Metropolitan area core: primary flow within an urbanized area of 50,000 and greater",4,260,218.49007894925,119.6225197373125
78006,"Metropolitan area high commuting: primary flow 30% or more to a urbanized area of 50,000 and greater",3,435,395.1627673818182,276.72092246060606
78015,"Metropolitan area core: primary flow within an urbanized area of 50,000 and greater",1,14,31.307222222,45.307222222
78028,"Micropolitan area core: primary flow within an urban cluster of 10,000 to 49,999",4,239,162.505432006875,100.37635800171876
78041,"Metropolitan area core: primary flow within an urbanized area of 50,000 and greater",3,406,327.0365212855556,244.3455070951852
78070,"Metropolitan area high commuting: primary flow 30% or more to a urbanized area of 50,000 and greater",1,33,471.27293650499996,504.27293650499996
78130,"Metropolitan area core: primary flow within an urbanized area of 50,000 and greater",5,416,310.01664247521427,145.20332849504285
78154,"Metropolitan area core: primary flow within an urbanized area of 50,000 and greater",3,690,332.0663905743572,340.6887968581191
78155,"Micropolitan area core: primary flow within an urban cluster of 10,000 to 49,999",2,137,226.409109414875,181.7045547074375
78205,"Metropolitan area core: primary flow within an urbanized area of 50,000 and greater",1,19,107.04157895,126.04157895
78209,"Metropolitan area core: primary flow within an urbanized area of 50,000 and greater",2,200,348.46365537555556,274.2318276877778
78213,"Metropolitan area core: primary flow within an urbanized area of 50,000 and greater",2,395,383.10372727857145,389.0518636392857
78215,"Metropolitan area core: primary flow within an urbanized area of 50,000 and greater",2,29,113.53368421,71.266842105
78216,"Metropolitan area core: primary flow within an urbanized area of 50,000 and greater",3,316,435.7767718613333,250.59225728711112
78217,"Metropolitan area core: primary flow within an urbanized area of 50,000 and greater",1,94,342.20837741333327,436.20837741333327
78218,"Metropolitan area core: primary flow within an urbanized area of 50,000 and greater",1,23,110.29402778,133.29402778
78222,"Metropolitan area core: primary flow within an urbanized area of 50,000 and greater",1,173,114.09080896866665,287.09080896866664
78228,"Metropolitan area core: primary flow within an urbanized area of 50,000 and greater",1,60,270.48784127,330.48784127
78229,"Metropolitan area core: primary flow within an urbanized area of 50,000 and greater",20,1418,217.75436610909676,81.78771830545483
78230,"Metropolitan area core: primary flow within an urbanized area of 50,000 and greater",2,128,353.14446118999996,240.57223059499998
78231,"Metropolitan area core: primary flow within an urbanized area of 50,000 and greater",5,744,300.85360197466673,208.97072039493332
78232,"Metropolitan area core: primary flow within an urbanized area of 50,000 and greater",3,285,448.96772074999996,244.65590691666662
78233,"Metropolitan area core: primary flow within an urbanized area of 50,000 and greater",1,22,435.60666667,457.60666667
78235,"Metropolitan area core: primary flow within an urbanized area of 50,000 and greater",1,229,127.4703654274,356.4703654274
78236,"Metropolitan area core: primary flow within an urbanized area of 50,000 and greater",1,18,25.114736842,43.114736842
78240,"Metropolitan area core: primary flow within an urbanized area of 50,000 and greater",9,1458,364.11041324355887,202.45671258261766
78249,"Metropolitan area core: primary flow within an urbanized area of 50,000 and greater",3,497,353.827299754375,283.60909991812497
78251,"Metropolitan area core: primary flow within an urbanized area of 50,000 and greater",5,374,311.589687024,137.1179374048
78253,"Metropolitan area core: primary flow within an urbanized area of 50,000 and greater",3,228,382.03812714500003,203.3460423816667
78257,"Metropolitan area core: primary flow within an urbanized area of 50,000 and greater",1,13,60.602615385,73.60261538500001
78258,"Metropolitan area core: primary flow within an urbanized area of 50,000 and greater",12,1008,289.190806049,108.09923383741666
78259,"Metropolitan area core: primary flow within an urbanized area of 50,000 and greater",1,75,674.518629715,749.518629715
78404,"Metropolitan area core: primary flow within an urbanized area of 50,000 and greater",4,254,106.7204606635,90.18011516587501
78412,"Metropolitan area core: primary flow within an urbanized area of 50,000 and greater",1,397,416.0262316242857,813.0262316242856
78413,"Metropolitan area core: primary flow within an urbanized area of 50,000 and greater",1,48,308.95175,356.95175
78414,"Metropolitan area core: primary flow within an urbanized area of 50,000 and greater",3,228,351.35176218425,193.11725406141667
78503,"Metropolitan area core: primary flow within an urbanized area of 50,000 and greater",1,33,156.6917105265,189.6917105265
78504,"Metropolitan area core: primary flow within an urbanized area of 50,000 and greater",1,84,282.762522188,366.762522188
78520,"Metropolitan area core: primary flow within an urbanized area of 50,000 and greater",1,21,111.56710526,132.56710526
78526,"Metropolitan area core: primary flow within an urbanized area of 50,000 and greater",1,24,326.6475,350.6475
78550,"Metropolitan area core: primary flow within an urbanized area of 50,000 and greater",3,244,378.17649376272726,207.39216458757573
78572,"Metropolitan area core: primary flow within an urbanized area of 50,000 and greater",1,93,328.3119062133333,421.3119062133333
78596,"Metropolitan area core: primary flow within an urbanized area of 50,000 and greater",1,117,363.92442579666664,480.92442579666664
78602,"Metropolitan area high commuting: primary flow 30% or more to a urbanized area of 50,000 and greater",1,49,346.66885621,395.66885621
78613,"Metropolitan area core: primary flow within an urbanized area of 50,000 and greater",4,184,243.86589997649997,106.966474994125
78626,"Metropolitan area core: primary flow within an urbanized area of 50,000 and greater",4,450,256.8796394896,176.7199098724
78628,"Metropolitan area high commuting: primary flow 30% or more to a urbanized area of 50,000 and greater",1,205,145.59675342114286,350.59675342114286
78640,"Micropolitan area core: primary flow within an urban cluster of 10,000 to 49,999",7,676,280.0574459821613,136.57963514030877
78654,"Small town core: primary flow within an urban cluster of 2,500 to 9,999",3,567,241.9219951940909,269.640665064697
78664,"Metropolitan area core: primary flow within an urbanized area of 50,000 and greater",4,728,308.2826099743571,259.07065249358925
78665,"Metropolitan area core: primary flow within an urbanized area of 50,000 and greater",7,359,128.9060416188182,69.7008630884026
78666,"Micropolitan area core: primary flow within an urban cluster of 10,000 to 49,999",5,351,312.31660887083336,132.66332177416666
78681,"Metropolitan area core: primary flow within an urbanized area of 50,000 and greater",3,127,194.693,107.231
78701,"Metropolitan area core: primary flow within an urbanized area of 50,000 and greater",1,11,121.544,132.54399999999998
78704,"Metropolitan area core: primary flow within an urbanized area of 50,000 and greater",2,104,282.66279487,193.331397435
78705,"Metropolitan area core: primary flow within an urbanized area of 50,000 and greater",6,262,127.318693032,64.88644883866667
78727,"Metropolitan area core: primary flow within an urbanized area of 50,000 and greater",1,25,123.63222222,148.63222222000002
78730,"Metropolitan area core: primary flow within an urbanized area of 50,000 and greater",2,65,345.61766666750003,205.30883333375002
78731,"Metropolitan area core: primary flow within an urbanized area of 50,000 and greater",1,13,122.95,135.95
78738,"Metropolitan area high commuting: primary flow 30% or more to a urbanized area of 50,000 and greater",3,301,297.71615531555557,199.57205177185187
78745,"Metropolitan area core: primary flow within an urbanized area of 50,000 and greater",3,183,380.61263702360003,187.87087900786665
78746,"Metropolitan area core: primary flow within an urbanized area of 50,000 and greater",1,48,318.88438548666664,366.88438548666664
78748,"Metropolitan area core: primary flow within an urbanized area of 50,000 and greater",1,75,176.39813999999998,251.39813999999998
78749,"Metropolitan area core: primary flow within an urbanized area of 50,000 and greater",3,261,477.5213112861,246.17377042869998
78750,"Metropolitan area core: primary flow within an urbanized area of 50,000 and greater",6,711,214.08916229395655,154.18152704899276
78751,"Metropolitan area core: primary flow within an urbanized area of 50,000 and greater",1,11,26.742307692,37.742307692
78757,"Metropolitan area core: primary flow within an urbanized area of 50,000 and greater",6,782,230.4737392917826,168.74562321529712
78758,"Metropolitan area core: primary flow within an urbanized area of 50,000 and greater",5,698,343.15625948469227,208.23125189693846
78759,"Metropolitan area core: primary flow within an urbanized area of 50,000 and greater",10,568,309.7416238666,87.77416238666
78934,"Small town core: primary flow within an urban cluster of 2,500 to 9,999",1,95,297.9332989175,392.9332989175
79106,"Metropolitan area core: primary flow within an urbanized area of 50,000 and greater",15,1469,153.61258103040626,108.17417206869375
79119,"Metropolitan area core: primary flow within an urbanized area of 50,000 and greater",1,25,119.0746583335,144.0746583335
79124,"Metropolitan area core: primary flow within an urbanized area of 50,000 and greater",3,201,380.8888621369,193.96295404563332
79407,"Metropolitan area core: primary flow within an urbanized area of 50,000 and greater",4,263,123.37843571723077,96.5946089293077
79410,"Metropolitan area core: primary flow within an urbanized area of 50,000 and greater",14,1188,271.9872211579474,104.28480151128194
79414,"Metropolitan area core: primary flow within an urbanized area of 50,000 and greater",1,20,316.36148936,336.36148936
79601,"Metropolitan area core: primary flow within an urbanized area of 50,000 and greater",9,1016,254.98474045295652,141.22052671699515
79606,"Metropolitan area core: primary flow within an urbanized area of 50,000 and greater",4,730,251.15914782823074,245.2897869570577
79701,"Metropolitan area core: primary flow within an urbanized area of 50,000 and greater",1,96,119.87,215.87
79703,"Metropolitan area core: primary flow within an urbanized area of 50,000 and greater",2,55,112.226943395,83.6134716975
79705,"Metropolitan area core: primary flow within an urbanized area of 50,000 and greater",1,70,428.13685866000003,498.13685866000003
79706,"Metropolitan area high commuting: primary flow 30% or more to a urbanized area of 50,000 and greater",2,108,458.16932516500003,283.0846625825
79714,"Micropolitan area core: primary flow within an urban cluster of 10,000 to 49,999",1,17,75.013125,92.013125
79761,"Metropolitan area core: primary flow within an urbanized area of 50,000 and greater",2,311,233.861534212,272.430767106
79902,"Metropolitan area core: primary flow within an urbanized area of 50,000 and greater",2,313,310.014082185,311.5070410925
79903,"Metropolitan area core: primary flow within an urbanized area of 50,000 and greater",5,507,302.3622252957222,161.87244505914447
79912,"Metropolitan area core: primary flow within an urbanized area of 50,000 and greater",1,112,470.45035162,582.45035162
79915,"Metropolitan area core: primary flow within an urbanized area of 50,000 and greater",3,334,308.306860547,214.10228684900002
79925,"Metropolitan area core: primary flow within an urbanized area of 50,000 and greater",1,136,407.8498735033333,543.8498735033334
79934,"Metropolitan area core: primary flow within an urbanized area of 50,000 and greater",1,45,111.28344828,156.28344828000002
79936,"Metropolitan area core: primary flow within an urbanized area of 50,000 and greater",1,35,313.834863415,348.834863415
79938,"Metropolitan area core: primary flow within an urbanized area of 50,000 and greater",1,16,105.99652174,121.99652174
80012,"Metropolitan area core: primary flow within an urbanized area of 50,000 and greater",2,37,141.4890625,89.24453125
80020,"Metropolitan area core: primary flow within an urbanized area of 50,000 and greater",1,143,431.19632527,574.19632527
80021,"Metropolitan area core: primary flow within an urbanized area of 50,000 and greater",1,34,170.7145201215,204.7145201215
80023,"Metropolitan area core: primary flow within an urbanized area of 50,000 and greater",1,11,809.816875,820.816875
80027,"Metropolitan area core: primary flow within an urbanized area of 50,000 and greater",3,232,143.42456727569999,125.14152242523333
80033,"Metropolitan area core: primary flow within an urbanized area of 50,000 and greater",2,205,130.03677501683333,167.51838750841665
80045,"Metropolitan area core: primary flow within an urbanized area of 50,000 and greater",13,548,218.577347012125,58.96748823170192
80109,"Metropolitan area high commuting: primary flow 30% or more to a urbanized area of 50,000 and greater",1,51,161.46379731566665,212.46379731566665
80110,"Metropolitan area core: primary flow within an urbanized area of 50,000 and greater",1,14,722.27636364,736.27636364
80111,"Metropolitan area core: primary flow within an urbanized area of 50,000 and greater",6,344,209.90444273008333,92.31740712168056
80112,"Metropolitan area core: primary flow within an urbanized area of 50,000 and greater",12,352,162.98886623495457,42.91573885291288
80113,"Metropolitan area core: primary flow within an urbanized area of 50,000 and greater",5,111,121.27361167771429,46.454722335542854
80120,"Metropolitan area core: primary flow within an urbanized area of 50,000 and greater",1,31,104.71,135.70999999999998
80122,"Metropolitan area core: primary flow within an urbanized area of 50,000 and greater",4,263,262.5681426292727,131.39203565731816
80124,"Metropolitan area core: primary flow within an urbanized area of 50,000 and greater",8,670,350.4733884799375,127.55917355999219
80130,"Metropolitan area core: primary flow within an urbanized area of 50,000 and greater",1,13,27.28,40.28
80206,"Metropolitan area core: primary flow within an urbanized area of 50,000 and greater",2,168,338.6828630064,253.3414315032
80210,"Metropolitan area core: primary flow within an urbanized area of 50,000 and greater",1,23,356.613333335,379.613333335
80218,"Metropolitan area core: primary flow within an urbanized area of 50,000 and greater",1,18,26.895555556,44.895555556000005
80219,"Metropolitan area core: primary flow within an urbanized area of 50,000 and greater",1,17,66.920588235,83.920588235
80220,"Metropolitan area core: primary flow within an urbanized area of 50,000 and greater",1,55,736.63936928,791.63936928
80228,"Metropolitan area core: primary flow within an urbanized area of 50,000 and greater",3,443,361.6983154955714,268.2327718318572
80229,"Metropolitan area core: primary flow within an urbanized area of 50,000 and greater",4,223,435.7696368215384,164.6924092053846
80230,"Metropolitan area core: primary flow within an urbanized area of 50,000 and greater",2,393,243.22935475625,318.114677378125
80238,"Metropolitan area core: primary flow within an urbanized area of 50,000 and greater",1,94,400.36825514,494.36825514
80301,"Metropolitan area core: primary flow within an urbanized area of 50,000 and greater",2,97,392.5172941864,244.7586470932
80303,"Metropolitan area core: primary flow within an urbanized area of 50,000 and greater",4,177,489.8686803644444,166.7171700911111
80304,"Metropolitan area core: primary flow within an urbanized area of 50,000 and greater",4,91,81.1583445392,43.039586134800004
80401,"Metropolitan area core: primary flow within an urbanized area of 50,000 and greater",11,754,344.1012131188148,99.82738301080136
80443,"Micropolitan area core: primary flow within an urban cluster of 10,000 to 49,999",3,107,316.68463210575,141.22821070191665
80487,"Micropolitan area core: primary flow within an urban cluster of 10,000 to 49,999",4,220,296.46440289625,129.1161007240625
80524,"Metropolitan area core: primary flow within an urbanized area of 50,000 and greater",5,97,24.032,24.2064
80525,"Metropolitan area core: primary flow within an urbanized area of 50,000 and greater",6,990,275.11903805783334,210.85317300963888
80528,"Metropolitan area core: primary flow within an urbanized area of 50,000 and greater",1,346,709.17380349,1055.17380349
80538,"Metropolitan area core: primary flow within an urbanized area of 50,000 and greater",3,152,249.0038748352857,133.66795827842859
80631,"Metropolitan area core: primary flow within an urbanized area of 50,000 and greater",1,13,121.46153846,134.46153845999999
80634,"Metropolitan area core: primary flow within an urbanized area of 50,000 and greater",1,62,498.56462074499996,560.564620745
80758,"Rural areas: primary flow to a tract outside a urbanized area of 50,000 and greater or UC",1,20,154.36125,174.36125
80904,"Metropolitan area core: primary flow within an urbanized area of 50,000 and greater",1,55,633.3442248050001,688.3442248050001
80906,"Metropolitan area core: primary flow within an urbanized area of 50,000 and greater",1,14,103.18877551,117.18877551
80907,"Metropolitan area core: primary flow within an urbanized area of 50,000 and greater",1,89,183.40659011124998,272.40659011125
80909,"Metropolitan area core: primary flow within an urbanized area of 50,000 and greater",6,313,259.8706629494546,95.47844382490909
80919,"Metropolitan area core: primary flow within an urbanized area of 50,000 and greater",4,289,292.8504896593,145.462622414825
80920,"Metropolitan area core: primary flow within an urbanized area of 50,000 and greater",6,201,172.35428177142856,62.22571362857142
80921,"Metropolitan area core: primary flow within an urbanized area of 50,000 and greater",2,41,123.40666666666668,82.20333333333335
80923,"Metropolitan area core: primary flow within an urbanized area of 50,000 and greater",1,95,765.1020854000001,860.1020854000001
81001,"Metropolitan area core: primary flow within an urbanized area of 50,000 and greater",1,62,611.68875194,673.68875194
81003,"Metropolitan area core: primary flow within an urbanized area of 50,000 and greater",1,15,198.22897436,213.22897436
81004,"Metropolitan area core: primary flow within an urbanized area of 50,000 and greater",2,22,27.04,24.52
81008,"Metropolitan area core: primary flow within an urbanized area of 50,000 and greater",2,281,338.4683908092222,309.7341954046111
81212,"Micropolitan area core: primary flow within an urban cluster of 10,000 to 49,999",1,52,337.67851103,389.67851103
81301,"Micropolitan area core: primary flow within an urban cluster of 10,000 to 49,999",7,312,250.9549468446875,80.42213526352678
81401,"Micropolitan high commuting: primary flow 30% or more to a urban cluster of 10,000 to 49,999",3,109,90.3486107534,66.4495369178
81416,"Small town core: primary flow within an urban cluster of 2,500 to 9,999",1,28,531.849411765,559.849411765
81501,"Metropolitan area core: primary flow within an urbanized area of 50,000 and greater",3,81,222.06861111,101.02287037
81505,"Metropolitan area core: primary flow within an urbanized area of 50,000 and greater",6,520,237.8415868638125,126.30693114396875
81521,"Metropolitan area core: primary flow within an urbanized area of 50,000 and greater",1,17,27.36,44.36
81621,"Small town high commuting: primary flow 30% or more to a urban cluster of 2,500 to 9,999",2,34,96.5945945945,65.29729729725
81632,"Micropolitan area core: primary flow within an urban cluster of 10,000 to 49,999",1,66,765.16599799,831.16599799
81657,"Small town core: primary flow within an urban cluster of 2,500 to 9,999",3,125,110.88069081542857,78.6268969384762
82001,"Metropolitan area core: primary flow within an urbanized area of 50,000 and greater",1,117,659.24826126,776.24826126
82009,"Metropolitan area core: primary flow within an urbanized area of 50,000 and greater",1,16,116.465,132.465
82070,"Micropolitan area core: primary flow within an urban cluster of 10,000 to 49,999",4,138,252.05747016428572,97.51436754107144
82414,"Small town core: primary flow within an urban cluster of 2,500 to 9,999",3,44,305.910794906,116.63693163533333
82520,"Small town core: primary flow within an urban cluster of 2,500 to 9,999",2,77,306.20238081499997,191.60119040749998
82609,"Metropolitan area core: primary flow within an urbanized area of 50,000 and greater",5,299,169.884060741,93.7768121482
82716,"Micropolitan area core: primary flow within an urban cluster of 10,000 to 49,999",1,18,622.235,640.235
82718,"Micropolitan area core: primary flow within an urban cluster of 10,000 to 49,999",1,45,159.02274509566666,204.02274509566666
82801,"Micropolitan area core: primary flow within an urban cluster of 10,000 to 49,999",1,22,26.4,48.4
82901,"Micropolitan area core: primary flow within an urban cluster of 10,000 to 49,999",1,37,26.433684211,63.433684211
83001,"Micropolitan area core: primary flow within an urban cluster of 10,000 to 49,999",1,12,26.4,38.4
83110,"Rural areas: primary flow to a tract outside a urbanized area of 50,000 and greater or UC",1,37,26.410487805,63.410487805
83201,"Metropolitan area core: primary flow within an urbanized area of 50,000 and greater",6,470,204.7152644433077,112.45254407388461
83209,"Metropolitan area core: primary flow within an urbanized area of 50,000 and greater",1,39,21.37875,60.37875
83221,"Micropolitan area core: primary flow within an urban cluster of 10,000 to 49,999",1,25,168.92576923000001,193.92576923000001
83301,"Micropolitan area core: primary flow within an urban cluster of 10,000 to 49,999",6,159,157.59226307828573,52.765377179714285
83318,"Micropolitan area core: primary flow within an urban cluster of 10,000 to 49,999",2,131,242.21885784325,186.609428921625
83330,"Small town core: primary flow within an urban cluster of 2,500 to 9,999",1,27,21.77,48.769999999999996
83404,"Metropolitan area core: primary flow within an urbanized area of 50,000 and greater",11,813,95.86500460999999,82.62409132818182
83501,"Metropolitan area core: primary flow within an urbanized area of 50,000 and greater",2,38,88.87561666650001,63.437808333250004
83605,"Secondary flow 30% to <50% to a larger urbanized area of 50,000 and greater",1,12,89.58474359,101.58474359
83642,"Secondary flow 30% to <50% to a larger urbanized area of 50,000 and greater",10,656,244.63857553095238,90.06385755309523
83687,"Secondary flow 30% to <50% to a larger urbanized area of 50,000 and greater",1,88,146.6025303125,234.6025303125
83702,"Metropolitan area core: primary flow within an urbanized area of 50,000 and greater",6,334,206.53447066821428,90.08907844470237
83704,"Metropolitan area core: primary flow within an urbanized area of 50,000 and greater",2,50,458.54940284,254.27470142
83706,"Metropolitan area core: primary flow within an urbanized area of 50,000 and greater",7,109,75.46442427442857,26.352060610632652
83712,"Metropolitan area core: primary flow within an urbanized area of 50,000 and greater",4,69,21.41875844375,22.6046896109375
83814,"Metropolitan area core: primary flow within an urbanized area of 50,000 and greater",10,512,195.7290431385,70.77290431384999
83843,"Micropolitan area core: primary flow within an urban cluster of 10,000 to 49,999",1,11,24.9875,35.9875
83854,"Metropolitan area core: primary flow within an urbanized area of 50,000 and greater",3,220,182.86732655499998,134.28910885166667
83858,"Secondary flow 30% to <50% to a larger urbanized area of 50,000 and greater",1,30,89.58,119.58
83864,"Micropolitan area core: primary flow within an urban cluster of 10,000 to 49,999",2,185,364.18299210771426,274.5914960538571
84003,"Metropolitan area core: primary flow within an urbanized area of 50,000 and greater",1,11,109.3,120.3
84010,"Metropolitan area core: primary flow within an urbanized area of 50,000 and greater",1,138,246.01907738,384.01907738
84015,"Metropolitan area core: primary flow within an urbanized area of 50,000 and greater",1,119,186.17993192275,305.17993192275003
84020,"Metropolitan area core: primary flow within an urbanized area of 50,000 and greater",5,197,273.2711826375,94.0542365275
84025,"Metropolitan area core: primary flow within an urbanized area of 50,000 and greater",1,14,22.085714286,36.085714286
84032,"Small town core: primary flow within an urban cluster of 2,500 to 9,999",1,13,26.050526316,39.050526316
84040,"Metropolitan area core: primary flow within an urbanized area of 50,000 and greater",1,31,295.936314285,326.936314285
84041,"Metropolitan area core: primary flow within an urbanized area of 50,000 and greater",4,202,241.429397972,110.857349493
84043,"Metropolitan area core: primary flow within an urbanized area of 50,000 and greater",1,82,138.55605753025,220.55605753025
84057,"Metropolitan area core: primary flow within an urbanized area of 50,000 and greater",1,164,275.8233895135,439.8233895135
84058,"Metropolitan area core: primary flow within an urbanized area of 50,000 and greater",2,212,120.095272485875,166.0476362429375
84059,"Metropolitan area core: primary flow within an urbanized area of 50,000 and greater",2,142,290.817715695,216.4088578475
84066,"Small town core: primary flow within an urban cluster of 2,500 to 9,999",1,13,190.15857143,203.15857143
84067,"Metropolitan area core: primary flow within an urbanized area of 50,000 and greater",1,16,92.9704,108.9704
84070,"Metropolitan area core: primary flow within an urbanized area of 50,000 and greater",2,66,216.4104969694,141.2052484847
84088,"Metropolitan area core: primary flow within an urbanized area of 50,000 and greater",3,399,267.41818783,222.13939594333337
84094,"Metropolitan area core: primary flow within an urbanized area of 50,000 and greater",1,105,249.48365916,354.48365916
84095,"Metropolitan area core: primary flow within an urbanized area of 50,000 and greater",1,48,261.84257284,309.84257284
84098,"Micropolitan area core: primary flow within an urban cluster of 10,000 to 49,999",1,105,293.289235336,398.289235336
84102,"Metropolitan area core: primary flow within an urbanized area of 50,000 and greater",3,138,246.29358117857143,128.09786039285714
84107,"Metropolitan area core: primary flow within an urbanized area of 50,000 and greater",8,292,229.69581471655556,65.21197683956945
84108,"Metropolitan area core: primary flow within an urbanized area of 50,000 and greater",1,127,26.338670213,153.338670213
84121,"Metropolitan area core: primary flow within an urbanized area of 50,000 and greater",3,689,253.3584372024,314.11947906746667
84123,"Metropolitan area core: primary flow within an urbanized area of 50,000 and greater",8,147,118.18559169144444,33.14819896143055
84124,"Metropolitan area core: primary flow within an urbanized area of 50,000 and greater",3,275,210.84614684844445,161.94871561614815
84132,"Metropolitan area core: primary flow within an urbanized area of 50,000 and greater",7,825,167.55778113420692,141.79396873345814
84302,"Metropolitan area core: primary flow within an urbanized area of 50,000 and greater",1,75,344.9439031366667,419.9439031366667
84321,"Metropolitan area core: primary flow within an urbanized area of 50,000 and greater",2,162,351.3826708,256.6913354
84332,"Metropolitan area core: primary flow within an urbanized area of 50,000 and greater",2,25,174.119270835,99.5596354175
84341,"Metropolitan area core: primary flow within an urbanized area of 50,000 and greater",7,452,272.13698994025,103.44814142003572
84403,"Metropolitan area core: primary flow within an urbanized area of 50,000 and greater",7,244,236.64940093799999,68.664200134
84501,"Micropolitan area core: primary flow within an urban cluster of 10,000 to 49,999",1,133,330.87627777800003,463.87627777800003
84604,"Metropolitan area core: primary flow within an urbanized area of 50,000 and greater",15,930,246.05526284176472,78.40368418945098
84648,"Secondary flow 30% to <50% to a urbanized area of 50,000 and greater",2,29,26.436470588,27.718235294
84701,"Small town core: primary flow within an urban cluster of 2,500 to 9,999",3,288,232.582942855,173.52764761833336
84721,"Micropolitan area core: primary flow within an urban cluster of 10,000 to 49,999",1,14,103.60142857,117.60142857
84770,"Metropolitan area core: primary flow within an urbanized area of 50,000 and greater",2,342,254.48801913333332,298.24400956666665
84790,"Metropolitan area core: primary flow within an urbanized area of 50,000 and greater",13,3036,315.7980171240385,257.8306167018491
85004,"Metropolitan area core: primary flow within an urbanized area of 50,000 and greater",4,601,266.1008120042667,216.77520300106667
85006,"Metropolitan area core: primary flow within an urbanized area of 50,000 and greater",4,424,352.9170114002727,194.22925285006818
85008,"Metropolitan area core: primary flow within an urbanized area of 50,000 and greater",2,136,234.67506814333333,185.33753407166665
85012,"Metropolitan area core: primary flow within an urbanized area of 50,000 and greater",5,573,225.17878943175,159.63575788635
85013,"Metropolitan area core: primary flow within an urbanized area of 50,000 and greater",5,529,327.1690150817692,171.23380301635385
85014,"Metropolitan area core: primary flow within an urbanized area of 50,000 and greater",1,70,288.05700757666665,358.05700757666665
85015,"Metropolitan area core: primary flow within an urbanized area of 50,000 and greater",3,319,230.06247908954546,183.02082636318184
85016,"Metropolitan area core: primary flow within an urbanized area of 50,000 and greater",13,1781,325.91409054769235,162.0703146575148
85018,"Metropolitan area core: primary flow within an urbanized area of 50,000 and greater",4,446,117.093988258,140.7734970645
85022,"Metropolitan area core: primary flow within an urbanized area of 50,000 and greater",1,40,746.196,786.196
85023,"Metropolitan area core: primary flow within an urbanized area of 50,000 and greater",9,1714,266.3971106443617,220.04412340492908
85027,"Metropolitan area core: primary flow within an urbanized area of 50,000 and greater",8,726,213.00338475004,117.375423093755
85028,"Metropolitan area core: primary flow within an urbanized area of 50,000 and greater",3,174,458.60558455499995,210.86852818499997
85029,"Metropolitan area core: primary flow within an urbanized area of 50,000 and greater",1,11,23.855454545,34.855454545
85032,"Metropolitan area core: primary flow within an urbanized area of 50,000 and greater",4,407,234.21061389749997,160.302653474375
85037,"Metropolitan area core: primary flow within an urbanized area of 50,000 and greater",3,424,311.7090976948182,245.23636589827274
85048,"Metropolitan area core: primary flow within an urbanized area of 50,000 and greater",2,323,313.038200994,318.019100497
85050,"Metropolitan area core: primary flow within an urbanized area of 50,000 and greater",4,829,230.37764912976468,264.84441228244117
85054,"Metropolitan area core: primary flow within an urbanized area of 50,000 and greater",3,438,118.37999635620001,185.4599987854
85085,"Metropolitan area core: primary flow within an urbanized area of 50,000 and greater",2,57,683.40553215,370.202766075
85140,"Metropolitan area core: primary flow within an urbanized area of 50,000 and greater",2,281,295.1714527424286,288.08572637121426
85202,"Metropolitan area core: primary flow within an urbanized area of 50,000 and greater",2,262,392.83450307888893,327.41725153944446
85203,"Metropolitan area core: primary flow within an urbanized area of 50,000 and greater",1,96,360.0971217933334,456.0971217933334
85206,"Metropolitan area core: primary flow within an urbanized area of 50,000 and greater",5,208,154.59627959066668,72.51925591813333
85209,"Metropolitan area core: primary flow within an urbanized area of 50,000 and greater",3,396,304.7653453327273,233.58844844424243
85210,"Metropolitan area core: primary flow within an urbanized area of 50,000 and greater",2,251,299.5300742757143,275.2650371378571
85212,"Metropolitan area core: primary flow within an urbanized area of 50,000 and greater",1,219,573.0061191475,792.0061191475
85213,"Metropolitan area core: primary flow within an urbanized area of 50,000 and greater",1,38,738.7456,776.7456
85224,"Metropolitan area core: primary flow within an urbanized area of 50,000 and greater",7,819,243.53159271775863,151.7902275311084
85225,"Metropolitan area core: primary flow within an urbanized area of 50,000 and greater",4,339,306.08473966372725,161.27118491593183
85226,"Metropolitan area core: primary flow within an urbanized area of 50,000 and greater",2,317,418.5960169288889,367.7980084644445
85233,"Metropolitan area core: primary flow within an urbanized area of 50,000 and greater",1,27,112.97967742,139.97967742
85234,"Metropolitan area core: primary flow within an urbanized area of 50,000 and greater",4,335,337.69262757,168.1731568925
85251,"Metropolitan area core: primary flow within an urbanized area of 50,000 and greater",15,535,103.7541084248421,42.583607228322805
85253,"Metropolitan area core: primary flow within an urbanized area of 50,000 and greater",1,31,26.226769231,57.226769231
85255,"Metropolitan area core: primary flow within an urbanized area of 50,000 and greater",1,82,147.0306015935,229.0306015935
85257,"Metropolitan area core: primary flow within an urbanized area of 50,000 and greater",1,72,716.281947915,788.281947915
85258,"Metropolitan area core: primary flow within an urbanized area of 50,000 and greater",15,1403,275.8459956095814,111.92306637397209
85259,"Metropolitan area core: primary flow within an urbanized area of 50,000 and greater",16,887,121.42423695856665,63.02651480991042
85260,"Metropolitan area core: primary flow within an urbanized area of 50,000 and greater",8,1185,360.4915069608519,193.1864383701065
85266,"Metropolitan area core: primary flow within an urbanized area of 50,000 and greater",1,263,271.8198271177778,534.8198271177778
85281,"Metropolitan area core: primary flow within an urbanized area of 50,000 and greater",1,28,143.75522059,171.75522059
85282,"Metropolitan area core: primary flow within an urbanized area of 50,000 and greater",3,66,437.4023611125,167.8007870375
85283,"Metropolitan area core: primary flow within an urbanized area of 50,000 and greater",1,70,807.796353695,877.796353695
85286,"Metropolitan area core: primary flow within an urbanized area of 50,000 and greater",3,888,257.52913383444445,381.8430446114815
85295,"Metropolitan area core: primary flow within an urbanized area of 50,000 and greater",4,213,456.80956123000004,167.45239030750002
85296,"Metropolitan area core: primary flow within an urbanized area of 50,000 and greater",2,152,258.72115993,205.360579965
85297,"Metropolitan area core: primary flow within an urbanized area of 50,000 and greater",6,863,228.8280538645,181.97134231074998
85304,"Metropolitan area core: primary flow within an urbanized area of 50,000 and greater",4,114,112.60066741,56.6501668525
85306,"Metropolitan area core: primary flow within an urbanized area of 50,000 and greater",5,383,293.30345637946664,135.26069127589332
85308,"Metropolitan area core: primary flow within an urbanized area of 50,000 and greater",12,1370,224.65171456044445,132.88764288003702
85338,"Metropolitan area high commuting: primary flow 30% or more to a urbanized area of 50,000 and greater",3,308,330.39280792212503,212.79760264070833
85351,"Metropolitan area core: primary flow within an urbanized area of 50,000 and greater",6,1620,339.75109866249994,326.6251831104167
85364,"Metropolitan area core: primary flow within an urbanized area of 50,000 and greater",3,497,283.0796800785,260.0265600261667
85374,"Metropolitan area core: primary flow within an urbanized area of 50,000 and greater",2,152,326.4043432055,239.20217160275
85375,"Metropolitan area core: primary flow within an urbanized area of 50,000 and greater",4,881,380.5865250152941,315.39663125382356
85376,"Metropolitan area core: primary flow within an urbanized area of 50,000 and greater",1,685,332.6003206985714,1017.6003206985714
85381,"Metropolitan area core: primary flow within an urbanized area of 50,000 and greater",4,131,470.91356395,150.4783909875
85382,"Metropolitan area core: primary flow within an urbanized area of 50,000 and greater",3,545,215.3644641450625,253.45482138168748
85395,"Metropolitan area high commuting: primary flow 30% or more to a urbanized area of 50,000 and greater",3,317,252.0376868546,189.67922895153333
85541,"Micropolitan area core: primary flow within an urban cluster of 10,000 to 49,999",1,27,26.343870968,53.343870968000004
85546,"Micropolitan area core: primary flow within an urban cluster of 10,000 to 49,999",2,152,369.16883960999996,260.584419805
85635,"Metropolitan area core: primary flow within an urbanized area of 50,000 and greater",1,25,112.93,137.93
85704,"Metropolitan area core: primary flow within an urbanized area of 50,000 and greater",2,369,382.43656759375,375.71828379687497
85710,"Metropolitan area core: primary flow within an urbanized area of 50,000 and greater",3,461,290.41815019300003,250.472716731
85711,"Metropolitan area core: primary flow within an urbanized area of 50,000 and greater",9,542,220.62296026647059,84.73588447405228
85712,"Metropolitan area core: primary flow within an urbanized area of 50,000 and greater",11,1384,253.22167442214285,148.83833403837662
85718,"Metropolitan area core: primary flow within an urbanized area of 50,000 and greater",5,644,168.828865915,162.565773183
85724,"Metropolitan area core: primary flow within an urbanized area of 50,000 and greater",5,350,196.68478219333332,109.33695643866668
85741,"Metropolitan area core: primary flow within an urbanized area of 50,000 and greater",4,645,246.28925881666666,222.82231470416667
85745,"Metropolitan area core: primary flow within an urbanized area of 50,000 and greater",2,54,104.43963157900001,79.2198157895
85755,"Metropolitan area core: primary flow within an urbanized area of 50,000 and greater",2,373,388.585745546,380.792872773
85901,"Small town core: primary flow within an urban cluster of 2,500 to 9,999",1,132,177.19256002275,309.19256002275
86001,"Metropolitan area core: primary flow within an urbanized area of 50,000 and greater",10,853,301.83046696556,115.48304669655599
86301,"Metropolitan area core: primary flow within an urbanized area of 50,000 and greater",10,1119,299.8618968785238,141.88618968785238
86305,"Metropolitan area core: primary flow within an urbanized area of 50,000 and greater",2,25,26.2243333335,25.61216666675
86314,"Metropolitan area core: primary flow within an urbanized area of 50,000 and greater",1,72,268.26083333500003,340.26083333500003
86326,"Micropolitan area core: primary flow within an urban cluster of 10,000 to 49,999",1,46,795.14983684,841.14983684
86401,"Micropolitan area core: primary flow within an urban cluster of 10,000 to 49,999",3,87,93.55266394875,60.184221316249996
86403,"Metropolitan area core: primary flow within an urbanized area of 50,000 and greater",4,754,240.3481679930625,248.58704199826562
86409,"Micropolitan area core: primary flow within an urban cluster of 10,000 to 49,999",2,26,61.352142857,43.676071428499995
86426,"Secondary flow 30% to <50% to a urban cluster of 10,000 to 49,999",2,130,92.789671237,111.3948356185
87035,"Metropolitan area high commuting: primary flow 30% or more to a urbanized area of 50,000 and greater",1,13,91.458,104.458
87102,"Metropolitan area core: primary flow within an urbanized area of 50,000 and greater",4,240,234.02398149283331,118.50599537320832
87106,"Metropolitan area core: primary flow within an urbanized area of 50,000 and greater",4,304,131.97765851718182,108.99441462929545
87109,"Metropolitan area core: primary flow within an urbanized area of 50,000 and greater",4,333,307.17403019166665,160.04350754791665
87110,"Metropolitan area core: primary flow within an urbanized area of 50,000 and greater",5,661,280.42058482709086,188.28411696541815
87111,"Metropolitan area core: primary flow within an urbanized area of 50,000 and greater",1,17,22.67,39.67
87112,"Metropolitan area core: primary flow within an urbanized area of 50,000 and greater",2,90,235.62260416666663,162.81130208333332
87114,"Metropolitan area core: primary flow within an urbanized area of 50,000 and greater",1,58,120.425,178.425
87120,"Metropolitan area core: primary flow within an urbanized area of 50,000 and greater",3,107,235.1445063272,114.04816877573334
87122,"Metropolitan area core: primary flow within an urbanized area of 50,000 and greater",1,345,209.15027910063637,554.1502791006363
87124,"Metropolitan area core: primary flow within an urbanized area of 50,000 and greater",2,262,408.4379418167143,335.21897090835716
87131,"Metropolitan area core: primary flow within an urbanized area of 50,000 and greater",6,325,214.2467186126,89.8744531021
87144,"Metropolitan area core: primary flow within an urbanized area of 50,000 and greater",1,86,169.05119841375,255.05119841375
87401,"Metropolitan area core: primary flow within an urbanized area of 50,000 and greater",3,335,272.919572935,202.639857645
87505,"Metropolitan area core: primary flow within an urbanized area of 50,000 and greater",7,162,140.692205411375,43.241743630196424
87507,"Metropolitan area core: primary flow within an urbanized area of 50,000 and greater",1,40,90.64694577466666,130.64694577466668
87571,"Micropolitan area core: primary flow within an urban cluster of 10,000 to 49,999",1,17,25.36,42.36
88001,"Metropolitan area core: primary flow within an urbanized area of 50,000 and greater",1,166,302.22564488899997,468.22564488899997
88011,"Metropolitan area core: primary flow within an urbanized area of 50,000 and greater",3,440,335.3099170686923,258.43663902289745
88130,"Micropolitan area core: primary flow within an urban cluster of 10,000 to 49,999",1,110,138.035478991,248.035478991
88201,"Micropolitan area core: primary flow within an urban cluster of 10,000 to 49,999",1,145,120.656656403,265.656656403
88310,"Micropolitan area core: primary flow within an urban cluster of 10,000 to 49,999",1,22,722.24097561,744.24097561
89012,"Metropolitan area core: primary flow within an urbanized area of 50,000 and greater",2,132,154.39434540133334,143.19717270066667
89030,"Metropolitan area core: primary flow within an urbanized area of 50,000 and greater",1,18,221.01227273,239.01227273
89052,"Metropolitan area core: primary flow within an urbanized area of 50,000 and greater",3,62,303.1946638675,121.73155462250001
89074,"Metropolitan area core: primary flow within an urbanized area of 50,000 and greater",1,40,831.0789799300001,871.0789799300001
89102,"Metropolitan area core: primary flow within an urbanized area of 50,000 and greater",9,549,360.17687658261116,101.01965295362346
89103,"Metropolitan area core: primary flow within an urbanized area of 50,000 and greater",3,237,266.69523663887503,167.89841221295833
89106,"Metropolitan area core: primary flow within an urbanized area of 50,000 and greater",6,220,263.0627246318571,80.51045410530952
89109,"Metropolitan area core: primary flow within an urbanized area of 50,000 and greater",9,166,113.51614878666666,31.057349865185188
89113,"Metropolitan area core: primary flow within an urbanized area of 50,000 and greater",6,600,312.4313697798,152.0718949633
89115,"Metropolitan area core: primary flow within an urbanized area of 50,000 and greater",1,101,152.00142507,253.00142507
89117,"Metropolitan area core: primary flow within an urbanized area of 50,000 and greater",6,235,417.7374406975,108.78957344958333
89118,"Metropolitan area core: primary flow within an urbanized area of 50,000 and greater",1,61,116.89121212,177.89121212
89119,"Metropolitan area core: primary flow within an urbanized area of 50,000 and greater",1,51,174.4849002875,225.4849002875
89121,"Metropolitan area core: primary flow within an urbanized area of 50,000 and greater",7,701,282.1807463125384,140.45439233036262
89123,"Metropolitan area core: primary flow within an urbanized area of 50,000 and greater",1,13,99.33,112.33
89128,"Metropolitan area core: primary flow within an urbanized area of 50,000 and greater",7,353,408.3777306825385,108.76824724036264
89129,"Metropolitan area core: primary flow within an urbanized area of 50,000 and greater",6,462,213.09014647156252,112.51502441192709
89130,"Metropolitan area core: primary flow within an urbanized area of 50,000 and greater",4,77,279.9188069948,89.2297017487
89139,"Metropolitan area core: primary flow within an urbanized area of 50,000 and greater",1,124,141.964416668,265.964416668
89144,"Metropolitan area core: primary flow within an urbanized area of 50,000 and greater",1,19,99.607,118.607
89147,"Metropolitan area core: primary flow within an urbanized area of 50,000 and greater",1,106,145.92813717125,251.92813717125
89148,"Metropolitan area core: primary flow within an urbanized area of 50,000 and greater",4,304,375.4020414794167,169.8505103698542
89149,"Metropolitan area core: primary flow within an urbanized area of 50,000 and greater",1,302,157.97974420083332,459.97974420083335
89191,"Metropolitan area core: primary flow within an urbanized area of 50,000 and greater",1,14,25.14,39.14
89431,"Metropolitan area core: primary flow within an urbanized area of 50,000 and greater",1,22,126.3379166665,148.3379166665
89448,"Micropolitan area core: primary flow within an urban cluster of 10,000 to 49,999",1,14,670.17181818,684.17181818
89502,"Metropolitan area core: primary flow within an urbanized area of 50,000 and greater",2,50,84.39003049,67.19501524500001
89503,"Metropolitan area core: primary flow within an urbanized area of 50,000 and greater",5,599,326.7816218281818,185.15632436563638
89509,"Metropolitan area core: primary flow within an urbanized area of 50,000 and greater",3,391,377.9926712826154,256.33089042753846
89511,"Metropolitan area core: primary flow within an urbanized area of 50,000 and greater",9,734,311.7585926344412,116.19539918160457
89512,"Metropolitan area core: primary flow within an urbanized area of 50,000 and greater",3,97,111.02177052,69.34059017333334
89521,"Metropolitan area core: primary flow within an urbanized area of 50,000 and greater",2,119,340.1943324835,229.59716624175
89523,"Metropolitan area core: primary flow within an urbanized area of 50,000 and greater",1,36,446.500625,482.500625
89701,"Metropolitan area core: primary flow within an urbanized area of 50,000 and greater",1,84,343.65332983,427.65332983
89705,"Metropolitan area core: primary flow within an urbanized area of 50,000 and greater",2,371,404.15073178333336,387.5753658916667
89801,"Micropolitan area core: primary flow within an urban cluster of 10,000 to 49,999",2,58,496.5054999975,277.25274999875
90013,"Metropolitan area core: primary flow within an urbanized area of 50,000 and greater",1,76,127.86923611200001,203.869236112
90017,"Metropolitan area core: primary flow within an urbanized area of 50,000 and greater",3,214,290.7443495237143,168.24811650790477
90024,"Metropolitan area core: primary flow within an urbanized area of 50,000 and greater",1,80,136.37284722233335,216.37284722233335
90025,"Metropolitan area core: primary flow within an urbanized area of 50,000 and greater",4,239,285.72220738625,131.18055184656248
90027,"Metropolitan area core: primary flow within an urbanized area of 50,000 and greater",1,58,26.657288136,84.657288136
90033,"Metropolitan area core: primary flow within an urbanized area of 50,000 and greater",13,439,80.46053808326316,39.95850292948178
90045,"Metropolitan area core: primary flow within an urbanized area of 50,000 and greater",2,43,468.451041665,255.7255208325
90048,"Metropolitan area core: primary flow within an urbanized area of 50,000 and greater",10,699,191.10368700446153,89.01036870044615
90065,"Metropolitan area core: primary flow within an urbanized area of 50,000 and greater",1,68,104.39613861,172.39613860999998
90067,"Metropolitan area core: primary flow within an urbanized area of 50,000 and greater",1,56,109.468181817,165.46818181700002
90073,"Metropolitan area core: primary flow within an urbanized area of 50,000 and greater",2,145,282.8492897301667,213.92464486508334
90095,"Metropolitan area core: primary flow within an urbanized area of 50,000 and greater",17,655,127.9562764141,46.056251553770586
90210,"Metropolitan area core: primary flow within an urbanized area of 50,000 and greater",2,97,484.77847026,290.88923513
90211,"Metropolitan area core: primary flow within an urbanized area of 50,000 and greater",6,187,523.6194629314285,118.43657715523808
90212,"Metropolitan area core: primary flow within an urbanized area of 50,000 and greater",3,81,407.503498485,162.83449949500002
90241,"Metropolitan area core: primary flow within an urbanized area of 50,000 and greater",1,83,464.82359649499995,547.823596495
90254,"Metropolitan area core: primary flow within an urbanized area of 50,000 and greater",2,52,419.21117647,235.605588235
90260,"Metropolitan area core: primary flow within an urbanized area of 50,000 and greater",1,32,158.640869566,190.640869566
90277,"Metropolitan area core: primary flow within an urbanized area of 50,000 and greater",1,58,894.076527535,952.076527535
90292,"Metropolitan area core: primary flow within an urbanized area of 50,000 and greater",3,162,337.2121282682727,166.4040427560909
90301,"Metropolitan area core: primary flow within an urbanized area of 50,000 and greater",2,27,134.42781250000002,80.71390625000001
90401,"Metropolitan area core: primary flow within an urbanized area of 50,000 and greater",1,11,29.01,40.010000000000005
90403,"Metropolitan area core: primary flow within an urbanized area of 50,000 and greater",2,63,750.0370575399999,406.51852876999993
90404,"Metropolitan area core: primary flow within an urbanized area of 50,000 and greater",9,246,87.27589215672728,37.030654684080815
90503,"Metropolitan area core: primary flow within an urbanized area of 50,000 and greater",1,202,390.82081196499996,592.820811965
90505,"Metropolitan area core: primary flow within an urbanized area of 50,000 and greater",5,236,357.2669947256,118.65339894511999
90621,"Metropolitan area core: primary flow within an urbanized area of 50,000 and greater",2,51,371.32973831,211.164869155
90720,"Metropolitan area core: primary flow within an urbanized area of 50,000 and greater",3,225,313.6485215014286,179.54950716714288
90723,"Metropolitan area core: primary flow within an urbanized area of 50,000 and greater",1,146,176.7793988765,322.7793988765
90806,"Metropolitan area core: primary flow within an urbanized area of 50,000 and greater",5,104,218.60714290983333,64.52142858196666
91006,"Metropolitan area core: primary flow within an urbanized area of 50,000 and greater",3,68,387.6202380966667,151.8734126988889
91105,"Metropolitan area core: primary flow within an urbanized area of 50,000 and greater",6,278,263.86938794542857,90.31156465757142
91107,"Metropolitan area core: primary flow within an urbanized area of 50,000 and greater",2,129,288.0494654315,208.52473271575
91199,"Metropolitan area core: primary flow within an urbanized area of 50,000 and greater",1,56,26.377413793,82.377413793
91206,"Metropolitan area core: primary flow within an urbanized area of 50,000 and greater",1,14,758.70111111,772.70111111
91302,"Metropolitan area core: primary flow within an urbanized area of 50,000 and greater",1,17,881.49222222,898.49222222
91307,"Metropolitan area core: primary flow within an urbanized area of 50,000 and greater",4,251,310.68572308675004,140.4214307716875
91316,"Metropolitan area core: primary flow within an urbanized area of 50,000 and greater",1,640,372.31334687833333,1012.3133468783333
91320,"Secondary flow 30% to <50% to a larger urbanized area of 50,000 and greater",3,420,340.91238201014284,253.63746067004763
91321,"Metropolitan area high commuting: primary flow 30% or more to a urbanized area of 50,000 and greater",2,57,399.2672899153333,228.13364495766666
91324,"Metropolitan area core: primary flow within an urbanized area of 50,000 and greater",3,303,595.840555555,299.61351851833336
91325,"Metropolitan area core: primary flow within an urbanized area of 50,000 and greater",1,16,28.29375,44.29375
91342,"Metropolitan area core: primary flow within an urbanized area of 50,000 and greater",1,27,27.64,54.64
91344,"Metropolitan area core: primary flow within an urbanized area of 50,000 and greater",1,73,196.777499999,269.77749999900004
91345,"Metropolitan area core: primary flow within an urbanized area of 50,000 and greater",2,679,182.6839241242857,430.84196206214284
91355,"Metropolitan area high commuting: primary flow 30% or more to a urbanized area of 50,000 and greater",8,323,317.3128530152666,80.03910662690834
91356,"Metropolitan area core: primary flow within an urbanized area of 50,000 and greater",2,50,136.26,93.13
91360,"Metropolitan area core: primary flow within an urbanized area of 50,000 and greater",6,303,446.23307902000005,124.87217983666669
91361,"Metropolitan area core: primary flow within an urbanized area of 50,000 and greater",4,292,545.7020010166364,209.4255002541591
91362,"Metropolitan area core: primary flow within an urbanized area of 50,000 and greater",1,301,237.07152806533335,538.0715280653334
91405,"Metropolitan area core: primary flow within an urbanized area of 50,000 and greater",4,261,240.1388851713,125.284721292825
91436,"Metropolitan area core: primary flow within an urbanized area of 50,000 and greater",2,221,380.31319444499997,300.65659722249995
91505,"Metropolitan area core: primary flow within an urbanized area of 50,000 and greater",3,216,361.0671426325,192.35571421083333
91506,"Metropolitan area core: primary flow within an urbanized area of 50,000 and greater",2,89,645.20480196,367.10240098
91710,"Metropolitan area core: primary flow within an urbanized area of 50,000 and greater",2,76,531.9041620187501,303.95208100937504
91723,"Metropolitan area core: primary flow within an urbanized area of 50,000 and greater",2,60,324.3078296725,192.15391483625
91730,"Metropolitan area core: primary flow within an urbanized area of 50,000 and greater",2,202,228.375171071125,215.1875855355625
91755,"Metropolitan area core: primary flow within an urbanized area of 50,000 and greater",1,13,25.811538462,38.811538462
91765,"Metropolitan area core: primary flow within an urbanized area of 50,000 and greater",1,64,102.45865169,166.45865169
91767,"Metropolitan area core: primary flow within an urbanized area of 50,000 and greater",4,285,234.10852411214287,129.7771310280357
91776,"Metropolitan area core: primary flow within an urbanized area of 50,000 and greater",1,18,135.0,153.0
91911,"Metropolitan area core: primary flow within an urbanized area of 50,000 and greater",1,34,130.37,164.37
91914,"Metropolitan area core: primary flow within an urbanized area of 50,000 and greater",1,41,836.23102941,877.23102941
91942,"Metropolitan area core: primary flow within an urbanized area of 50,000 and greater",1,16,28.0575,44.057500000000005
92009,"Metropolitan area core: primary flow within an urbanized area of 50,000 and greater",5,266,391.91664831500003,131.583329663
92011,"Metropolitan area core: primary flow within an urbanized area of 50,000 and greater",1,73,407.0695880325,480.0695880325
92024,"Metropolitan area core: primary flow within an urbanized area of 50,000 and greater",4,313,324.2396317718182,159.30990794295457
92025,"Metropolitan area core: primary flow within an urbanized area of 50,000 and greater",1,68,133.70438642,201.70438642
92029,"Metropolitan area core: primary flow within an urbanized area of 50,000 and greater",1,15,28.0,43.0
92037,"Metropolitan area core: primary flow within an urbanized area of 50,000 and greater",10,320,89.62607193907142,40.96260719390715
92054,"Metropolitan area core: primary flow within an urbanized area of 50,000 and greater",1,93,778.522158385,871.522158385
92056,"Metropolitan area core: primary flow within an urbanized area of 50,000 and greater",4,296,349.2763626280833,161.3190906570208
92064,"Metropolitan area core: primary flow within an urbanized area of 50,000 and greater",3,159,280.3806376655,146.46021255516666
92081,"Metropolitan area core: primary flow within an urbanized area of 50,000 and greater",1,13,28.0,41.0
92093,"Metropolitan area core: primary flow within an urbanized area of 50,000 and greater",1,51,111.02182554133333,162.02182554133333
92101,"Metropolitan area core: primary flow within an urbanized area of 50,000 and greater",5,134,134.24340018,53.648680035999995
92103,"Metropolitan area core: primary flow within an urbanized area of 50,000 and greater",27,733,94.346019965,30.64244518388889
92108,"Metropolitan area core: primary flow within an urbanized area of 50,000 and greater",1,30,125.88921052500001,155.889210525
92111,"Metropolitan area core: primary flow within an urbanized area of 50,000 and greater",2,92,369.764787686,230.882393843
92121,"Metropolitan area core: primary flow within an urbanized area of 50,000 and greater",2,63,342.118263854,202.559131927
92123,"Metropolitan area core: primary flow within an urbanized area of 50,000 and greater",7,308,205.14631363336363,73.30661623333766
92126,"Metropolitan area core: primary flow within an urbanized area of 50,000 and greater",2,66,302.58381944333337,184.29190972166668
92128,"Metropolitan area core: primary flow within an urbanized area of 50,000 and greater",5,706,306.0895210164706,202.4179042032941
92130,"Metropolitan area core: primary flow within an urbanized area of 50,000 and greater",1,14,133.82238095,147.82238095
92134,"Metropolitan area core: primary flow within an urbanized area of 50,000 and greater",2,66,80.5275,73.26375
92211,"Metropolitan area core: primary flow within an urbanized area of 50,000 and greater",1,18,99.516153846,117.516153846
92227,"Secondary flow 30% to <50% to a urbanized area of 50,000 and greater",2,62,87.02777777666667,74.51388888833333
92234,"Metropolitan area core: primary flow within an urbanized area of 50,000 and greater",1,30,872.23179654,902.23179654
92243,"Metropolitan area core: primary flow within an urbanized area of 50,000 and greater",1,99,431.13435924000004,530.1343592400001
92251,"Metropolitan area core: primary flow within an urbanized area of 50,000 and greater",1,24,596.64462963,620.64462963
92260,"Metropolitan area core: primary flow within an urbanized area of 50,000 and greater",2,178,375.040982,276.520491
92262,"Metropolitan area core: primary flow within an urbanized area of 50,000 and greater",1,498,144.9221257578,642.9221257578
92270,"Metropolitan area core: primary flow within an urbanized area of 50,000 and greater",10,1775,205.98981098228,198.098981098228
92307,"Metropolitan area core: primary flow within an urbanized area of 50,000 and greater",1,29,342.96542857,371.96542857
92324,"Metropolitan area core: primary flow within an urbanized area of 50,000 and greater",3,79,289.10460593839997,122.70153531279999
92335,"Metropolitan area core: primary flow within an urbanized area of 50,000 and greater",2,177,194.65838293000002,185.829191465
92354,"Metropolitan area core: primary flow within an urbanized area of 50,000 and greater",6,114,195.972516415375,51.66208606922917
92374,"Metropolitan area core: primary flow within an urbanized area of 50,000 and greater",1,67,334.01348387,401.01348387
92392,"Metropolitan area core: primary flow within an urbanized area of 50,000 and greater",1,46,305.34763441,351.34763441
92395,"Metropolitan area core: primary flow within an urbanized area of 50,000 and greater",2,37,571.75111111,304.375555555
92405,"Metropolitan area core: primary flow within an urbanized area of 50,000 and greater",1,12,123.84769231,135.84769231
92408,"Metropolitan area core: primary flow within an urbanized area of 50,000 and greater",1,155,842.9586048533333,997.9586048533333
92501,"Metropolitan area core: primary flow within an urbanized area of 50,000 and greater",1,81,140.942767021,221.942767021
92504,"Metropolitan area core: primary flow within an urbanized area of 50,000 and greater",1,41,227.11402778,268.11402778
92505,"Metropolitan area core: primary flow within an urbanized area of 50,000 and greater",1,24,187.01769230600001,211.01769230600001
92506,"Metropolitan area core: primary flow within an urbanized area of 50,000 and greater",6,126,350.6922991372222,79.44871652287037
92543,"Metropolitan area core: primary flow within an urbanized area of 50,000 and greater",2,39,435.7448717936666,237.3724358968333
92553,"Metropolitan area core: primary flow within an urbanized area of 50,000 and greater",1,17,124.62,141.62
92562,"Metropolitan area core: primary flow within an urbanized area of 50,000 and greater",3,379,357.7017100269231,245.56723667564106
92563,"Metropolitan area core: primary flow within an urbanized area of 50,000 and greater",2,200,246.3116872646667,223.15584363233336
92583,"Metropolitan area core: primary flow within an urbanized area of 50,000 and greater",1,48,102.58119704433334,150.58119704433335
92590,"Metropolitan area core: primary flow within an urbanized area of 50,000 and greater",2,56,396.4433333333333,226.22166666666666
92612,"Metropolitan area core: primary flow within an urbanized area of 50,000 and greater",1,49,102.34588235466667,151.34588235466668
92618,"Metropolitan area core: primary flow within an urbanized area of 50,000 and greater",7,604,384.52011542549997,141.21715934649998
92627,"Metropolitan area core: primary flow within an urbanized area of 50,000 and greater",1,25,131.729375,156.729375
92637,"Secondary flow 30% to <50% to a larger urbanized area of 50,000 and greater",1,31,135.14574468,166.14574468
92647,"Metropolitan area core: primary flow within an urbanized area of 50,000 and greater",1,76,298.794625,374.794625
92648,"Metropolitan area core: primary flow within an urbanized area of 50,000 and greater",2,37,190.03565718366667,113.51782859183334
92649,"Metropolitan area core: primary flow within an urbanized area of 50,000 and greater",1,94,311.24,405.24
92653,"Secondary flow 30% to <50% to a larger urbanized area of 50,000 and greater",4,74,296.4444950111667,92.61112375279167
92660,"Metropolitan area core: primary flow within an urbanized area of 50,000 and greater",7,919,336.0719629809444,179.29599471156348
92663,"Metropolitan area core: primary flow within an urbanized area of 50,000 and greater",1,24,28.74,52.739999999999995
92677,"Secondary flow 30% to <50% to a larger urbanized area of 50,000 and greater",1,53,135.0278481,188.0278481
92691,"Secondary flow 30% to <50% to a larger urbanized area of 50,000 and greater",7,315,357.0380200029286,96.0054314289898
92705,"Metropolitan area core: primary flow within an urbanized area of 50,000 and greater",1,22,914.4,936.4
92708,"Metropolitan area core: primary flow within an urbanized area of 50,000 and greater",7,313,255.91024770288888,81.27289252898413
92805,"Metropolitan area core: primary flow within an urbanized area of 50,000 and greater",1,17,39.892857143,56.892857143
92835,"Metropolitan area core: primary flow within an urbanized area of 50,000 and greater",7,242,302.94426388945453,77.84918055563637
92868,"Metropolitan area core: primary flow within an urbanized area of 50,000 and greater",18,1198,190.47856277561763,77.13769793197875
92870,"Metropolitan area core: primary flow within an urbanized area of 50,000 and greater",2,116,176.23519774214284,146.11759887107144
92880,"Metropolitan area core: primary flow within an urbanized area of 50,000 and greater",1,36,26.898378378,62.898378378000004
92886,"Metropolitan area core: primary flow within an urbanized area of 50,000 and greater",1,31,431.11949713,462.11949713
93003,"Metropolitan area core: primary flow within an urbanized area of 50,000 and greater",3,177,139.82681345757143,105.60893781919049
93010,"Metropolitan area core: primary flow within an urbanized area of 50,000 and greater",7,629,271.14424643120003,128.59203520445715
93021,"Metropolitan area core: primary flow within an urbanized area of 50,000 and greater",1,30,145.3227777785,175.3227777785
93036,"Metropolitan area core: primary flow within an urbanized area of 50,000 and greater",2,211,463.70907007200003,337.354535036
93065,"Secondary flow 30% to <50% to a larger urbanized area of 50,000 and greater",5,473,125.971778892,119.79435577839999
93101,"Metropolitan area core: primary flow within an urbanized area of 50,000 and greater",6,569,249.0095332917647,136.3349222152941
93102,"Metropolitan area core: primary flow within an urbanized area of 50,000 and greater",2,51,133.55107143,92.275535715
93103,"Metropolitan area core: primary flow within an urbanized area of 50,000 and greater",1,62,127.822319025,189.822319025
93105,"Metropolitan area core: primary flow within an urbanized area of 50,000 and greater",20,1158,203.8514683431951,68.09257341715976
93110,"Metropolitan area core: primary flow within an urbanized area of 50,000 and greater",1,76,933.344781545,1009.344781545
93230,"Metropolitan area core: primary flow within an urbanized area of 50,000 and greater",1,44,122.96203125,166.96203125
93257,"Metropolitan area core: primary flow within an urbanized area of 50,000 and greater",1,16,27.149,43.149
93277,"Metropolitan area core: primary flow within an urbanized area of 50,000 and greater",4,118,362.259528682,120.0648821705
93306,"Metropolitan area core: primary flow within an urbanized area of 50,000 and greater",1,132,170.35019823125,302.35019823125003
93309,"Metropolitan area core: primary flow within an urbanized area of 50,000 and greater",5,238,282.0552632723333,104.01105265446668
93311,"Metropolitan area core: primary flow within an urbanized area of 50,000 and greater",3,44,92.15043599966667,45.38347866655556
93312,"Metropolitan area core: primary flow within an urbanized area of 50,000 and greater",4,649,344.0035690552,248.25089226379998
93401,"Metropolitan area core: primary flow within an urbanized area of 50,000 and greater",7,281,252.4343649125,76.20490927321428
93405,"Metropolitan area core: primary flow within an urbanized area of 50,000 and greater",8,470,339.6346198425,101.2043274803125
93424,"Metropolitan area core: primary flow within an urbanized area of 50,000 and greater",1,37,127.16398649,164.16398649
93436,"Metropolitan area core: primary flow within an urbanized area of 50,000 and greater",1,12,27.994615385,39.994615385
93444,"Metropolitan area low commuting: primary flow 10% to <30% to a urbanized area of 50,000 and greater",1,24,398.9196,422.9196
93454,"Metropolitan area core: primary flow within an urbanized area of 50,000 and greater",4,574,515.0680546790909,272.2670136697727
93465,"Metropolitan area core: primary flow within an urbanized area of 50,000 and greater",7,163,319.906502417,68.98664320242857
93534,"Metropolitan area core: primary flow within an urbanized area of 50,000 and greater",8,390,195.51723751,73.18965468875
93551,"Metropolitan area core: primary flow within an urbanized area of 50,000 and greater",5,329,371.4879194911538,140.09758389823077
93561,"Micropolitan area core: primary flow within an urban cluster of 10,000 to 49,999",1,27,121.28628571,148.28628571000002
93611,"Metropolitan area core: primary flow within an urbanized area of 50,000 and greater",2,101,92.81,96.905
93710,"Metropolitan area core: primary flow within an urbanized area of 50,000 and greater",5,212,97.899238876,61.97984777520001
93720,"Metropolitan area core: primary flow within an urbanized area of 50,000 and greater",22,1484,193.34412764576743,76.24291489298943
93726,"Metropolitan area core: primary flow within an urbanized area of 50,000 and greater",1,36,890.1,926.1
93901,"Metropolitan area core: primary flow within an urbanized area of 50,000 and greater",1,27,966.1962,993.1962
93923,"Metropolitan area core: primary flow within an urbanized area of 50,000 and greater",1,12,28.61,40.61
93940,"Metropolitan area core: primary flow within an urbanized area of 50,000 and greater",6,397,346.5158056333846,123.91930093889744
94010,"Metropolitan area core: primary flow within an urbanized area of 50,000 and greater",1,49,266.42546216,315.42546216
94015,"Metropolitan area core: primary flow within an urbanized area of 50,000 and greater",1,41,992.046142045,1033.0461420450001
94040,"Metropolitan area core: primary flow within an urbanized area of 50,000 and greater",4,132,553.785960838,171.4464902095
94063,"Metropolitan area core: primary flow within an urbanized area of 50,000 and greater",4,365,305.4555065943334,167.61387664858336
94070,"Metropolitan area core: primary flow within an urbanized area of 50,000 and greater",1,15,1097.9004762,1112.9004762
94109,"Metropolitan area core: primary flow within an urbanized area of 50,000 and greater",1,14,30.226,44.226
94110,"Metropolitan area core: primary flow within an urbanized area of 50,000 and greater",3,103,81.8024261722,61.60080872406667
94114,"Metropolitan area core: primary flow within an urbanized area of 50,000 and greater",1,42,153.56,195.56
94115,"Metropolitan area core: primary flow within an urbanized area of 50,000 and greater",3,294,399.0677462242857,231.02258207476189
94117,"Metropolitan area core: primary flow within an urbanized area of 50,000 and greater",1,35,25.792439024,60.792439024000004
94118,"Metropolitan area core: primary flow within an urbanized area of 50,000 and greater",2,354,157.9253430156,255.9626715078
94143,"Metropolitan area core: primary flow within an urbanized area of 50,000 and greater",13,623,75.61612438360001,53.73970187566154
94301,"Metropolitan area core: primary flow within an urbanized area of 50,000 and greater",2,22,157.77169697,89.885848485
94305,"Metropolitan area core: primary flow within an urbanized area of 50,000 and greater",15,376,97.51598240655001,31.567732160436666
94401,"Metropolitan area core: primary flow within an urbanized area of 50,000 and greater",4,93,91.86970837675,46.2174270941875
94402,"Metropolitan area core: primary flow within an urbanized area of 50,000 and greater",1,44,1178.89400625,1222.89400625
94403,"Metropolitan area core: primary flow within an urbanized area of 50,000 and greater",1,24,141.405,165.405
94501,"Metropolitan area core: primary flow within an urbanized area of 50,000 and greater",1,16,130.87352941,146.87352941
94510,"Metropolitan area core: primary flow within an urbanized area of 50,000 and greater",2,146,487.380605084,316.69030254200004
94520,"Metropolitan area core: primary flow within an urbanized area of 50,000 and greater",1,100,1088.6335525999998,1188.6335525999998
94523,"Metropolitan area core: primary flow within an urbanized area of 50,000 and greater",2,249,165.34323031744444,207.1716151587222
94533,"Metropolitan area core: primary flow within an urbanized area of 50,000 and greater",1,31,137.254583335,168.254583335
94534,"Metropolitan area core: primary flow within an urbanized area of 50,000 and greater",1,45,950.3716129,995.3716129
94535,"Metropolitan area core: primary flow within an urbanized area of 50,000 and greater",1,16,106.34588235,122.34588235
94536,"Metropolitan area core: primary flow within an urbanized area of 50,000 and greater",3,138,465.24950096666663,201.08316698888885
94538,"Metropolitan area core: primary flow within an urbanized area of 50,000 and greater",2,115,985.47121788,550.23560894
94546,"Metropolitan area core: primary flow within an urbanized area of 50,000 and greater",3,132,439.7170183475,190.57233944916666
94558,"Metropolitan area core: primary flow within an urbanized area of 50,000 and greater",6,539,337.8255873475714,146.1375978912619
94568,"Metropolitan area core: primary flow within an urbanized area of 50,000 and greater",3,191,192.76333683183336,127.9211122772778
94578,"Metropolitan area core: primary flow within an urbanized area of 50,000 and greater",2,60,640.913982895,350.4569914475
94583,"Metropolitan area core: primary flow within an urbanized area of 50,000 and greater",1,78,174.6367675345,252.6367675345
94588,"Metropolitan area core: primary flow within an urbanized area of 50,000 and greater",3,312,257.890188066,189.963396022
94598,"Metropolitan area core: primary flow within an urbanized area of 50,000 and greater",7,309,485.62977889714284,113.51853984244897
94602,"Metropolitan area core: primary flow within an urbanized area of 50,000 and greater",1,12,24.668888889,36.668888889
94609,"Metropolitan area core: primary flow within an urbanized area of 50,000 and greater",4,183,518.814199594,175.4535498985
94611,"Metropolitan area core: primary flow within an urbanized area of 50,000 and greater",1,50,126.83365385,176.83365385000002
94705,"Metropolitan area core: primary flow within an urbanized area of 50,000 and greater",4,308,155.90277326150002,115.975693315375
94903,"Metropolitan area core: primary flow within an urbanized area of 50,000 and greater",2,78,674.26125392325,376.130626961625
94904,"Metropolitan area core: primary flow within an urbanized area of 50,000 and greater",1,11,30.21,41.21
94925,"Metropolitan area core: primary flow within an urbanized area of 50,000 and greater",1,15,145.94,160.94
94939,"Metropolitan area core: primary flow within an urbanized area of 50,000 and greater",2,102,156.76700373283333,129.38350186641668
94945,"Metropolitan area core: primary flow within an urbanized area of 50,000 and greater",2,364,412.19018243740004,388.0950912187
94954,"Metropolitan area core: primary flow within an urbanized area of 50,000 and greater",1,31,279.10849315,310.10849315
95008,"Metropolitan area core: primary flow within an urbanized area of 50,000 and greater",2,185,339.02077422319996,262.0103871116
95010,"Metropolitan area core: primary flow within an urbanized area of 50,000 and greater",1,171,697.03631401,868.03631401
95032,"Metropolitan area core: primary flow within an urbanized area of 50,000 and greater",2,36,510.0478362556667,273.0239181278333
95065,"Metropolitan area core: primary flow within an urbanized area of 50,000 and greater",4,499,247.1503257299091,186.53758143247728
95073,"Metropolitan area core: primary flow within an urbanized area of 50,000 and greater",1,33,26.853589744,59.853589744000004
95124,"Metropolitan area core: primary flow within an urbanized area of 50,000 and greater",1,26,1090.9824880400001,1116.9824880400001
95128,"Metropolitan area core: primary flow within an urbanized area of 50,000 and greater",2,62,192.5391071425,127.26955357125
95202,"Metropolitan area core: primary flow within an urbanized area of 50,000 and greater",1,42,360.495,402.495
95203,"Metropolitan area core: primary flow within an urbanized area of 50,000 and greater",1,87,188.26681818,275.26681818
95204,"Metropolitan area core: primary flow within an urbanized area of 50,000 and greater",4,518,283.0494700398182,200.26236750995454
95209,"Metropolitan area core: primary flow within an urbanized area of 50,000 and greater",3,189,423.5311007893333,204.17703359644443
95240,"Metropolitan area core: primary flow within an urbanized area of 50,000 and greater",1,197,325.28592186599997,522.285921866
95340,"Metropolitan area core: primary flow within an urbanized area of 50,000 and greater",4,278,491.821507175625,192.45537679390625
95348,"Metropolitan area core: primary flow within an urbanized area of 50,000 and greater",1,289,182.11389938575002,471.11389938575
95350,"Metropolitan area core: primary flow within an urbanized area of 50,000 and greater",4,112,314.23841469999996,106.55960367499999
95355,"Metropolitan area core: primary flow within an urbanized area of 50,000 and greater",4,381,410.37938391516667,197.84484597879168
95356,"Metropolitan area core: primary flow within an urbanized area of 50,000 and greater",2,108,137.29567673216667,122.64783836608333
95370,"Micropolitan area core: primary flow within an urban cluster of 10,000 to 49,999",1,21,479.24387097,500.24387097
95376,"Metropolitan area core: primary flow within an urbanized area of 50,000 and greater",1,52,187.5425,239.5425
95377,"Metropolitan area core: primary flow within an urbanized area of 50,000 and greater",1,12,961.25136364,973.25136364
95382,"Metropolitan area core: primary flow within an urbanized area of 50,000 and greater",2,532,368.52239525,450.261197625
95401,"Metropolitan area core: primary flow within an urbanized area of 50,000 and greater",3,310,177.31217882663637,162.4373929422121
95403,"Metropolitan area core: primary flow within an urbanized area of 50,000 and greater",6,894,348.80012660096554,207.13335443349425
95404,"Metropolitan area core: primary flow within an urbanized area of 50,000 and greater",1,96,1014.8607098699999,1110.86070987
95405,"Metropolitan area core: primary flow within an urbanized area of 50,000 and greater",6,170,220.1451989868889,65.02419983114815
95476,"Micropolitan area core: primary flow within an urban cluster of 10,000 to 49,999",2,58,87.87605769000001,72.938028845
95482,"Micropolitan area core: primary flow within an urban cluster of 10,000 to 49,999",1,229,177.69911892066668,406.6991189206667
95490,"Secondary flow 30% to <50% to a urban cluster of 10,000 to 49,999",2,36,27.160753622999998,31.5803768115
95608,"Metropolitan area core: primary flow within an urbanized area of 50,000 and greater",2,120,139.2609302976,129.6304651488
95621,"Metropolitan area core: primary flow within an urbanized area of 50,000 and greater",1,217,180.15582295142855,397.15582295142855
95630,"Metropolitan area core: primary flow within an urbanized area of 50,000 and greater",2,32,802.950757575,417.4753787875
95661,"Metropolitan area core: primary flow within an urbanized area of 50,000 and greater",7,479,393.4319897524375,124.63314139320536
95667,"Secondary flow 30% to <50% to a urbanized area of 50,000 and greater",2,30,27.699090909,28.8495454545
95687,"Metropolitan area core: primary flow within an urbanized area of 50,000 and greater",2,126,896.4349244175,511.21746220875
95688,"Metropolitan area core: primary flow within an urbanized area of 50,000 and greater",1,104,140.67100000000002,244.67100000000002
95762,"Metropolitan area core: primary flow within an urbanized area of 50,000 and greater",2,205,556.8027733833334,380.9013866916667
95765,"Metropolitan area core: primary flow within an urbanized area of 50,000 and greater",1,91,1130.90907655,1221.90907655
95815,"Metropolitan area core: primary flow within an urbanized area of 50,000 and greater",1,75,130.59077922,205.59077922
95816,"Metropolitan area core: primary flow within an urbanized area of 50,000 and greater",22,1185,300.36065267450005,67.51639330338637
95817,"Metropolitan area core: primary flow within an urbanized area of 50,000 and greater",12,693,182.48609417892857,72.95717451491072
95821,"Metropolitan area core: primary flow within an urbanized area of 50,000 and greater",2,48,628.7952688966667,338.39763444833335
95825,"Metropolitan area core: primary flow within an urbanized area of 50,000 and greater",2,134,407.96156398799997,270.980781994
95831,"Metropolitan area core: primary flow within an urbanized area of 50,000 and greater",1,25,192.25875,217.25875
95926,"Metropolitan area core: primary flow within an urbanized area of 50,000 and greater",8,1171,217.13752543429166,173.51719067928644
95928,"Metropolitan area core: primary flow within an urbanized area of 50,000 and greater",4,180,356.17337488,134.04334372
95945,"Micropolitan area core: primary flow within an urban cluster of 10,000 to 49,999",2,147,357.358572073,252.1792860365
95965,"Micropolitan area core: primary flow within an urban cluster of 10,000 to 49,999",1,144,146.77898305,290.77898304999997
95966,"Micropolitan area core: primary flow within an urban cluster of 10,000 to 49,999",1,13,29.005882353,42.005882353000004
95991,"Metropolitan area core: primary flow within an urbanized area of 50,000 and greater",8,383,251.9105302984,79.3638162873
96001,"Metropolitan area core: primary flow within an urbanized area of 50,000 and greater",9,2183,362.1243340476429,282.79159267196036
96002,"Metropolitan area core: primary flow within an urbanized area of 50,000 and greater",1,44,256.40862385,300.40862385
96067,"Small town core: primary flow within an urban cluster of 2,500 to 9,999",3,51,98.31619815100001,49.772066050333336
96150,"Micropolitan area core: primary flow within an urban cluster of 10,000 to 49,999",1,27,159.900796701,186.900796701
96734,"Metropolitan area high commuting: primary flow 30% or more to a urbanized area of 50,000 and greater",1,34,557.842777775,591.842777775
96756,"Micropolitan area core: primary flow within an urban cluster of 10,000 to 49,999",1,25,291.46629902,316.46629902
96813,"Metropolitan area core: primary flow within an urbanized area of 50,000 and greater",1,13,766.4016,779.4016
96814,"Metropolitan area core: primary flow within an urbanized area of 50,000 and greater",1,13,122.80333333,135.80333333
96859,"Metropolitan area core: primary flow within an urbanized area of 50,000 and greater",1,31,25.202121212,56.202121212
96913,Unknown,2,57,301.2798234433333,179.13991172166666
97008,"Metropolitan area core: primary flow within an urbanized area of 50,000 and greater",1,11,126.76,137.76
97030,"Metropolitan area core: primary flow within an urbanized area of 50,000 and greater",3,191,304.30483885171424,165.10161295057142
97031,"Micropolitan area core: primary flow within an urban cluster of 10,000 to 49,999",4,228,328.8353580981818,139.20883952454545
97045,"Metropolitan area core: primary flow within an urbanized area of 50,000 and greater",1,13,25.074615385,38.074615385
97062,"Metropolitan area core: primary flow within an urbanized area of 50,000 and greater",4,233,359.0571040946667,148.0142760236667
97070,"Metropolitan area core: primary flow within an urbanized area of 50,000 and greater",1,31,677.4004918,708.4004918
97086,"Metropolitan area core: primary flow within an urbanized area of 50,000 and greater",2,156,231.08796275483334,193.54398137741669
97116,"Metropolitan area core: primary flow within an urbanized area of 50,000 and greater",1,119,408.113408412,527.113408412
97123,"Metropolitan area core: primary flow within an urbanized area of 50,000 and greater",2,32,77.06400000000001,54.532000000000004
97128,"Micropolitan area core: primary flow within an urban cluster of 10,000 to 49,999",1,16,26.36,42.36
97209,"Metropolitan area core: primary flow within an urbanized area of 50,000 and greater",1,28,529.49357143,557.49357143
97210,"Metropolitan area core: primary flow within an urbanized area of 50,000 and greater",1,38,22.242051282,60.242051282
97213,"Metropolitan area core: primary flow within an urbanized area of 50,000 and greater",2,41,126.55407936566667,83.77703968283333
97216,"Metropolitan area core: primary flow within an urbanized area of 50,000 and greater",4,117,236.00671302166668,88.25167825541666
97223,"Metropolitan area core: primary flow within an urbanized area of 50,000 and greater",2,73,291.83433957325,182.417169786625
97225,"Metropolitan area core: primary flow within an urbanized area of 50,000 and greater",12,539,235.69131757689473,64.55760979807457
97239,"Metropolitan area core: primary flow within an urbanized area of 50,000 and greater",13,305,113.31517521429411,32.178090401099546
97301,"Metropolitan area core: primary flow within an urbanized area of 50,000 and greater",5,360,160.54718179754545,104.10943635950909
97302,"Metropolitan area core: primary flow within an urbanized area of 50,000 and greater",5,401,465.12408588923074,173.22481717784615
97322,"Metropolitan area core: primary flow within an urbanized area of 50,000 and greater",1,59,660.04765217,719.04765217
97330,"Metropolitan area core: primary flow within an urbanized area of 50,000 and greater",11,288,140.24482318613335,38.931347562375755
97331,"Metropolitan area core: primary flow within an urbanized area of 50,000 and greater",1,52,145.014,197.014
97401,"Metropolitan area core: primary flow within an urbanized area of 50,000 and greater",12,889,273.3322522695366,96.86102102246139
97404,"Metropolitan area core: primary flow within an urbanized area of 50,000 and greater",1,76,90.67047883733333,166.67047883733335
97420,"Micropolitan area core: primary flow within an urban cluster of 10,000 to 49,999",3,245,506.23675627,250.41225209
97423,"Secondary flow 30% to <50% to a urban cluster of 10,000 to 49,999",1,263,174.95935211942856,437.95935211942856
97471,"Micropolitan area core: primary flow within an urban cluster of 10,000 to 49,999",2,47,404.3682,225.6841
97477,"Metropolitan area core: primary flow within an urbanized area of 50,000 and greater",1,143,559.9227940433333,702.9227940433333
97487,"Metropolitan area high commuting: primary flow 30% or more to a urbanized area of 50,000 and greater",1,27,88.149655172,115.149655172
97501,"Metropolitan area core: primary flow within an urbanized area of 50,000 and greater",1,69,152.461587302,221.461587302
97504,"Metropolitan area core: primary flow within an urbanized area of 50,000 and greater",17,1345,255.32793364977502,94.13693727351618
97527,"Metropolitan area core: primary flow within an urbanized area of 50,000 and greater",4,96,77.32738212371429,43.331845530928575
97601,"Micropolitan area core: primary flow within an urban cluster of 10,000 to 49,999",1,17,25.962352941,42.962352941
97701,"Metropolitan area core: primary flow within an urbanized area of 50,000 and greater",15,1802,274.1468132287895,138.40978754858597
97702,"Metropolitan area core: primary flow within an urbanized area of 50,000 and greater",3,314,291.6045076987273,201.86816923290908
97756,"Secondary flow 30% to <50% to a urbanized area of 50,000 and greater",1,71,112.87511628,183.87511628
97850,"Micropolitan area core: primary flow within an urban cluster of 10,000 to 49,999",1,11,27.038181818,38.038181818
98001,"Metropolitan area core: primary flow within an urbanized area of 50,000 and greater",1,24,898.70294118,922.70294118
98002,"Metropolitan area core: primary flow within an urbanized area of 50,000 and greater",2,47,136.7607936533333,91.88039682666665
98003,"Metropolitan area core: primary flow within an urbanized area of 50,000 and greater",5,324,332.676522083,131.3353044166
98004,"Metropolitan area core: primary flow within an urbanized area of 50,000 and greater",6,226,478.8893674075,117.48156123458334
98007,"Metropolitan area core: primary flow within an urbanized area of 50,000 and greater",1,43,352.76769231000003,395.76769231000003
98026,"Metropolitan area core: primary flow within an urbanized area of 50,000 and greater",3,178,366.388253522,181.462751174
98027,"Metropolitan area core: primary flow within an urbanized area of 50,000 and greater",2,65,349.94299047666664,207.47149523833332
98034,"Metropolitan area core: primary flow within an urbanized area of 50,000 and greater",7,312,217.9415064673333,75.70592949533332
98036,"Metropolitan area core: primary flow within an urbanized area of 50,000 and greater",20,641,54.33460359872727,34.76673017993637
98043,"Metropolitan area core: primary flow within an urbanized area of 50,000 and greater",2,63,279.8943809525,171.44719047625
98055,"Metropolitan area core: primary flow within an urbanized area of 50,000 and greater",3,123,204.55077480242858,109.18359160080952
98057,"Metropolitan area core: primary flow within an urbanized area of 50,000 and greater",1,62,712.27944304,774.27944304
98101,"Metropolitan area core: primary flow within an urbanized area of 50,000 and greater",2,35,28.07,31.535
98103,"Metropolitan area core: primary flow within an urbanized area of 50,000 and greater",1,20,137.33821429,157.33821429
98104,"Metropolitan area core: primary flow within an urbanized area of 50,000 and greater",3,69,418.39300595250006,162.46433531750003
98105,"Metropolitan area core: primary flow within an urbanized area of 50,000 and greater",2,87,25.936451505,56.468225752500004
98107,"Metropolitan area core: primary flow within an urbanized area of 50,000 and greater",2,42,203.904604865,122.9523024325
98122,"Metropolitan area core: primary flow within an urbanized area of 50,000 and greater",6,216,173.15035002941667,64.85839167156945
98125,"Metropolitan area core: primary flow within an urbanized area of 50,000 and greater",1,36,123.2474359,159.2474359
98133,"Metropolitan area core: primary flow within an urbanized area of 50,000 and greater",2,39,29.02109375,34.010546875
98166,"Metropolitan area core: primary flow within an urbanized area of 50,000 and greater",1,16,24.375,40.375
98195,"Metropolitan area core: primary flow within an urbanized area of 50,000 and greater",10,196,110.34448169883335,30.634448169883335
98201,"Metropolitan area core: primary flow within an urbanized area of 50,000 and greater",10,328,103.49132482121429,43.14913248212143
98221,"Micropolitan area core: primary flow within an urban cluster of 10,000 to 49,999",2,82,200.69037654933334,141.34518827466667
98223,"Metropolitan area high commuting: primary flow 30% or more to a urbanized area of 50,000 and greater",2,45,25.0618421055,35.03092105275
98225,"Metropolitan area core: primary flow within an urbanized area of 50,000 and greater",7,175,213.195224155875,55.45646059369643
98226,"Metropolitan area core: primary flow within an urbanized area of 50,000 and greater",3,287,268.411061254,185.13702041800002
98258,"Metropolitan area high commuting: primary flow 30% or more to a urbanized area of 50,000 and greater",1,15,121.2025,136.2025
98271,"Metropolitan area high commuting: primary flow 30% or more to a urbanized area of 50,000 and greater",1,17,114.41,131.41
98273,"Metropolitan area core: primary flow within an urbanized area of 50,000 and greater",2,158,120.71836875475,139.35918437737502
98274,"Metropolitan area core: primary flow within an urbanized area of 50,000 and greater",3,131,265.39031073333337,132.1301035777778
98310,"Metropolitan area core: primary flow within an urbanized area of 50,000 and greater",3,91,26.968552188666667,39.322850729555554
98312,"Metropolitan area core: primary flow within an urbanized area of 50,000 and greater",1,16,28.89,44.89
98370,"Metropolitan area core: primary flow within an urbanized area of 50,000 and greater",2,161,556.1296717066667,358.56483585333336
98372,"Metropolitan area core: primary flow within an urbanized area of 50,000 and greater",4,236,270.46947461477777,126.61736865369444
98383,"Metropolitan area core: primary flow within an urbanized area of 50,000 and greater",4,808,233.27635503508336,260.3190887587708
98402,"Metropolitan area core: primary flow within an urbanized area of 50,000 and greater",11,160,69.12833586463636,20.829848714966943
98405,"Metropolitan area core: primary flow within an urbanized area of 50,000 and greater",4,92,216.9425038657143,77.23562596642857
98408,"Metropolitan area core: primary flow within an urbanized area of 50,000 and greater",1,29,121.9302381,150.9302381
98431,"Metropolitan area core: primary flow within an urbanized area of 50,000 and greater",4,187,154.77543344818181,85.44385836204546
98499,"Metropolitan area core: primary flow within an urbanized area of 50,000 and greater",6,580,260.5804490970476,140.0967415161746
98502,"Metropolitan area core: primary flow within an urbanized area of 50,000 and greater",4,731,286.1053941080769,254.27634852701922
98506,"Metropolitan area core: primary flow within an urbanized area of 50,000 and greater",6,261,183.36199900553845,74.06033316758975
98626,"Metropolitan area core: primary flow within an urbanized area of 50,000 and greater",2,126,78.50156849233333,102.25078424616666
98632,"Metropolitan area core: primary flow within an urbanized area of 50,000 and greater",3,137,233.71542228242856,123.57180742747619
98664,"Metropolitan area core: primary flow within an urbanized area of 50,000 and greater",3,162,363.6615435501667,175.22051451672223
98683,"Metropolitan area core: primary flow within an urbanized area of 50,000 and greater",1,40,119.01765217,159.01765217000002
98684,"Metropolitan area core: primary flow within an urbanized area of 50,000 and greater",1,76,334.97441234666667,410.97441234666667
98686,"Metropolitan area core: primary flow within an urbanized area of 50,000 and greater",2,115,139.4062042498,127.2031021249
98801,"Metropolitan area core: primary flow within an urbanized area of 50,000 and greater",5,183,126.99539230370002,61.999078460739995
98802,"Metropolitan area core: primary flow within an urbanized area of 50,000 and greater",1,138,361.706863958,499.706863958
98807,"Metropolitan area core: primary flow within an urbanized area of 50,000 and greater",1,19,115.9605,134.9605
98837,"Micropolitan area core: primary flow within an urban cluster of 10,000 to 49,999",2,156,313.13148264,234.56574132
98902,"Metropolitan area core: primary flow within an urbanized area of 50,000 and greater",4,136,100.840129629,59.21003240725
99163,"Micropolitan area core: primary flow within an urban cluster of 10,000 to 49,999",2,53,50.0563514695,51.52817573475
99201,"Metropolitan area core: primary flow within an urbanized area of 50,000 and greater",1,29,119.0,148.0
99202,"Metropolitan area core: primary flow within an urbanized area of 50,000 and greater",3,151,87.30757037000001,79.43585679
99204,"Metropolitan area core: primary flow within an urbanized area of 50,000 and greater",10,728,200.2378140646,92.82378140646
99206,"Metropolitan area core: primary flow within an urbanized area of 50,000 and greater",1,77,793.29033722,870.29033722
99207,"Metropolitan area core: primary flow within an urbanized area of 50,000 and greater",1,125,158.06705528,283.06705528
99216,"Metropolitan area core: primary flow within an urbanized area of 50,000 and greater",6,457,309.5844509185625,127.76407515309374
99223,"Metropolitan area core: primary flow within an urbanized area of 50,000 and greater",2,178,259.768881395,218.8844406975
99301,"Metropolitan area core: primary flow within an urbanized area of 50,000 and greater",1,73,149.82964659,222.82964659
99336,"Metropolitan area core: primary flow within an urbanized area of 50,000 and greater",3,336,321.5709721353,219.19032404510003
99338,"Metropolitan area core: primary flow within an urbanized area of 50,000 and greater",1,121,106.4887514624,227.4887514624
99352,"Metropolitan area core: primary flow within an urbanized area of 50,000 and greater",8,1258,243.61287781676188,187.70160972709525
99362,"Metropolitan area core: primary flow within an urbanized area of 50,000 and greater",3,235,84.22260722080001,106.40753574026667
99502,"Metropolitan area core: primary flow within an urbanized area of 50,000 and greater",1,32,221.5561085985,253.5561085985
99506,"Metropolitan area core: primary flow within an urbanized area of 50,000 and greater",1,23,134.75,157.75
99507,"Metropolitan area core: primary flow within an urbanized area of 50,000 and greater",1,41,820.4257251500001,861.4257251500001
99508,"Metropolitan area core: primary flow within an urbanized area of 50,000 and greater",17,597,213.41791530241665,47.67164207661274
99577,"Metropolitan area high commuting: primary flow 30% or more to a urbanized area of 50,000 and greater",2,59,339.5691025625,199.28455128125
99645,"Secondary flow 30% to <50% to a urbanized area of 50,000 and greater",2,69,328.134939905,198.5674699525
99654,"Secondary flow 30% to <50% to a urbanized area of 50,000 and greater",2,236,423.37343606888885,329.6867180344444
99669,"Small town core: primary flow within an urban cluster of 2,500 to 9,999",1,123,36.211041667,159.21104166700002
99701,"Metropolitan area core: primary flow within an urbanized area of 50,000 and greater",1,20,132.08758621,152.08758621
99901,"Micropolitan area core: primary flow within an urban cluster of 10,000 to 49,999",1,18,134.86090909,152.86090909
